source_lang,source_word,target_lang,target_word
French,à côté de,Bebote,mbô :
French,à côté de,Bediondo,rû
French,à côté de,Gor,gæd¸ :
French,à côté de,Gulay,rä :
French,à côté de,Kaba,rû
French,à côté de,Mbay,rö :
French,à côté de,Mango,mbô :
French,à côté de,Nar,rû
French,à côté de,Ngambay,rû :
French,à côté de,Sar,Èû
French,à côté de,Ngam,Èö :
French,à l'envers,Laka,‡-mbäwíyä :
French,à l'envers,Mbay,màý
French,à l'envers,Mango,mŸÏ :
French,à l'envers,Ngam,m¼ý
French,abeille de terre,Bebote,b¡yÐ :
French,abeille de terre,Bediondo,bÕyÐ
French,abeille de terre,Gor,b¡yÐ :
French,abeille de terre,Gulay,tùjù-b¡
French,abeille de terre,Kaba_Na,bèÿ :
French,abeille de terre,Kaba,b¡y¼ :
French,abeille de terre,Laka,b¡y
French,abeille de terre,Mbay,b¡y¼ :
French,abeille de terre,Mango,b¡yÐ
French,abeille de terre,Nar,b¡yÐ :
French,abeille de terre,Ngambay,b¡y¼
French,abeille de terre,Sar,b¡y¼
French,"abeille, esp. de",Gulay,kÇ-tŸÏ :
French,"abeille, esp. de",Kaba_Na,tàý
French,"abeille, esp. de",Laka,‡-ŽŸÏ :
French,"abeille, esp. de",Mbay,kó-tŸÏ
French,"abeille, esp. de",Ngambay,tÏ :
French,"abeille, esp. de",Sar,kó-tŸÿ
French,abeille; miel,Bebote,tÆjÕ :
French,abeille; miel,Bediondo,tÆjÕ
French,abeille; miel,Daba,tèj :
French,abeille; miel,Gor,tÆjÕ :
French,abeille; miel,Gulay,tùjù
French,abeille; miel,Kaba_Na,tàgì :
French,abeille; miel,Kaba,tèjì
French,abeille; miel,Laka,tÆjì :
French,abeille; miel,Mbay,tèjÕ :
French,abeille; miel,Mango,tòjÕ
French,abeille; miel,Nar,tèjÕ :
French,abeille; miel,Ngambay,tènjì
French,abeille; miel,Sar,tèjÕ
French,abri (animaux domestiques),Bebote,bÕlÆ :
French,abri (animaux domestiques),Bediondo,bÕlÆ
French,abri (animaux domestiques),Daba,bùlà :
French,abri (animaux domestiques),Gor,bòlò :
French,abri (animaux domestiques),Gulay,bòl
French,abri (animaux domestiques),Kaba_Na,bùlà :
French,abri (animaux domestiques),Kaba,bùlà
French,abri (animaux domestiques),Laka,bùlà :
French,abri (animaux domestiques),Mbay,bÕlà :
French,abri (animaux domestiques),Mango,bòlè
French,abri (animaux domestiques),Nar,bÕlÆ :
French,abri (animaux domestiques),Ngambay,bùlà :
French,abri (animaux domestiques),Sar,bÕlà
French,abri (animaux domestiques),Ngam,bÕlà
French,abri dans un champ,Laka,kÉy-lò :
French,abri dans un champ,Mbay,kîl
French,abri dans un champ,Mango,kÉy-lò :
French,abri dans un champ,Ngambay,kÉy-lèb
French,absence de,Bebote,tó :
French,absence de,Bediondo,tó :
French,absence de,Gor,tór
French,absence de,Gulay,gùtù :
French,absence de,Kaba,tú® :
French,absence de,Laka,tórö
French,absence de,Mbay,gót‡ :
French,absence de,Mango,gòtÕ
French,absence de,Nar,gòtÕ :
French,absence de,Ngambay,tór :
French,absence de,Sar,gòt
French,accompagner,Bebote,dän :
French,accompagner,Bediondo,dän :
French,accompagner,Daba,dän
French,accompagner,Gor,dän :
French,accompagner,Gulay,dän :
French,accompagner,Kaba_Na,dänä
French,accompagner,Kaba,dän :
French,accompagner,Laka,dän :
French,accompagner,Mbay,dän
French,accompagner,Mango,dän :
French,accompagner,Nar,dän :
French,accompagner,Ngambay,dän :
French,accompagner,Sar,dän
French,accompagner,Ngam,dän
French,acide : être,Bebote,màs¸ :
French,acide : être,Bediondo,màs¸
French,acide : être,Daba,màs :
French,acide : être,Gor,màs¸ :
French,acide : être,Gulay,màs¸
French,acide : être,Kaba_Na,kálä :
French,acide : être,Kaba,màs¸
French,acide : être,Laka,màs¸ :
French,acide : être,Mbay,màs¸ :
French,acide : être,Mango,màs¸
French,acide : être,Nar,màs¸ :
French,acide : être,Ngambay,màs¸ :
French,acide : être,Sar,màs¸
French,acide : être,Ngam,s‡mä
French,activer (feu),Bebote,ìbÕ :
French,activer (feu),Bediondo,ÕbÕ :
French,activer (feu),Daba,ìb
French,activer (feu),Gulay,ìbÕ :
French,activer (feu),Laka,pÆr :
French,activer (feu),Mbay,ìbÕ
French,activer (feu),Mango,ìbÕ :
French,activer (feu),Nar,túb¸ :
French,activer (feu),Ngambay,ìbì
French,activer (feu),Sar,sètÕ
French,acheter,Bebote,ndög¸ :
French,acheter,Bediondo,ndög¸
French,acheter,Daba,njïgö :
French,acheter,Gor,ndög¸
French,acheter,Gulay,ndögö :
French,acheter,Kaba_Na,ùbö
French,acheter,Kaba,ndökö :
French,acheter,Laka,ndögö
French,acheter,Mbay,nd¸gö :
French,acheter,Mango,ndög¸
French,acheter,Nar,màng :
French,acheter,Ngambay,ndögö :
French,acheter,Sar,màng
French,acheter,Ngam,nd¸gö
French,adorer; honorer,Bebote,tûj¸ :
French,adorer; honorer,Bediondo,tûj¸
French,adorer; honorer,Daba,ndüb :
French,adorer; honorer,Gulay,÷îÿ :
French,adorer; honorer,Laka,"pölö,"
French,adorer; honorer,Mbay,ndüb¸ :
French,adorer; honorer,Nar,ndüb¸
French,"aigre, acide : être",Gulay,ùdù :
French,"aigre, acide : être",Laka,ùrü :
French,"aigre, acide : être",Mbay,ìdè
French,aiguille,Bebote,l‡wrì :
French,aiguille,Bediondo,n‡b‡lì
French,aiguille,Gor,íbÉríì :
French,aiguille,Gulay,líb‡rì
French,aiguille,Kaba_Na,…íbìrì :
French,aiguille,Laka,líbï
French,aiguille,Mbay,líbÕr :
French,aiguille,Mango,líbrì
French,aiguille,Nar,líbÕr :
French,aiguille,Ngambay,líbÕrì
French,aiguille,Sar,líbÕr
French,"aiguiser, affûter",Bebote,îl :
French,"aiguiser, affûter",Bediondo,îl :
French,"aiguiser, affûter",Daba,tôl
French,"aiguiser, affûter",Gor,îl :
French,"aiguiser, affûter",Gulay,îl :
French,"aiguiser, affûter",Kaba_Na,îlë
French,"aiguiser, affûter",Kaba,îl :
French,"aiguiser, affûter",Laka,îl :
French,"aiguiser, affûter",Mbay,îl
French,"aiguiser, affûter",Mango,îl :
French,"aiguiser, affûter",Nar,îl :
French,"aiguiser, affûter",Ngambay,îl
French,"aiguiser, affûter",Sar,îl
French,aimer,Gulay,tár :
French,aimer,Kaba_Na,nàÛ
French,aimer,Laka,njìgì :
French,aimer,Mbay,tár :
French,aimer,Nar,tár
French,aimer,Sar,tá°
French,ainé de famille,Bebote,dÆ® :
French,ainé de famille,Bediondo,dÆ® :
French,ainé de famille,Daba,dè®
French,ainé de famille,Gor,dÆ® :
French,ainé de famille,Gulay,dÆ®
French,ainé de famille,Kaba_Na,ní-kòö :
French,ainé de famille,Kaba,dÆ®
French,ainé de famille,Laka,dÆ® :
French,ainé de famille,Mbay,dè® :
French,ainé de famille,Mango,dÆ® â
French,ainé de famille,Nar,hág¸ :
French,ainé de famille,Ngambay,dÆ® :
French,ainé de famille,Sar,hàgÕ
French,"ainsi, comme ça; seulement",Bebote,bè :
French,"ainsi, comme ça; seulement",Bediondo,bè :
French,"ainsi, comme ça; seulement",Gor,bàä
French,"ainsi, comme ça; seulement",Gulay,bè :
French,"ainsi, comme ça; seulement",Mbay,"bè, bèé :"
French,"ainsi, comme ça; seulement",Mango,bè
French,"ainsi, comme ça; seulement",Nar,bèé :
French,"ainsi, comme ça; seulement",Ngambay,bè :
French,"ainsi, comme ça; seulement",Sar,bèë
French,aisselle,Bebote,màtÕ-kôl :
French,aisselle,Bediondo,"mà,sôl"
French,aisselle,Daba,sôl :
French,aisselle,Gor,màkôy a
French,aisselle,Gulay,gír-sôl :
French,aisselle,Kaba_Na,mîtî-käm
French,aisselle,Kaba,mîtÕ-sôl :
French,aisselle,Laka,mîdÕ-sôl
French,aisselle,Mbay,màsôl :
French,aisselle,Mango,màsôl a
French,aisselle,Nar,mbÆ-sôl :
French,aisselle,Ngambay,mà-sôl :
French,aisselle,Sar,gír-sô¥
French,aisselle,Ngam,kíl
French,"alors, ainsi",Bebote,dá :
French,"alors, ainsi",Bediondo,Æ :
French,"alors, ainsi",Daba,à
French,"alors, ainsi",Gor,bè-ªy‡ :
French,"alors, ainsi",Gulay,ßáà :
French,"alors, ainsi",Kaba,à
French,"alors, ainsi",Laka,"÷áà,námà :"
French,"alors, ainsi",Mbay,ànþ a
French,"alors, ainsi",Mango,"hál, É :"
French,"alors, ainsi",Nar,ßáà
French,"alors, ainsi",Ngambay,ndáà :
French,"alors, ainsi",Sar,à
French,"alors, ainsi",Ngam,ànï :
French,aller,Bebote,àÛ :
French,aller,Bediondo,àÛ :
French,aller,Daba,àÛ
French,aller,Gor,àÛ :
French,aller,Gulay,àÛ :
French,aller,Kaba_Na,àßë
French,aller,Kaba,àÛ : Kul=àßë :
French,aller,Laka,àw
French,aller,Mbay,àÛ :
French,aller,Mango,îÛ :
French,aller,Nar,àÛ a
French,aller,Ngambay,àÛ :
French,aller,Sar,àÛ
French,aller,Ngam,àÛ :
French,amer : être,Bebote,àt¸ :
French,amer : être,Bediondo,àt¸ :
French,amer : être,Daba,àt
French,amer : être,Gor,àt¸ :
French,amer : être,Gulay,àt¸ :
French,amer : être,Kaba_Na,kátä
French,amer : être,Kaba,àt¸ :
French,amer : être,Laka,àd¸ :
French,amer : être,Mbay,àt¸
French,amer : être,Mango,àt¸ :
French,amer : être,Nar,àt¸ :
French,amer : être,Ngambay,àd¸ :
French,amer : être,Sar,àt¸
French,amer : être,Ngam,kát¸ a
French,ami,Bebote,màd¸ :
French,ami,Daba,màd
French,ami,Gor,màd¸ :
French,ami,Gulay,màd¸
French,ami,Laka,njè-kúrä
French,ami,Mbay,màd¸-k‡rá :
French,ami,Mango,màd¸
French,ami,Ngambay,kúrä-mà® :
French,ami,Sar,màd¸
French,ampoule a,Bebote,pólë :
French,ampoule a,Bediondo,pólë
French,ampoule a,Gor,pólë :
French,ampoule a,Gulay,pólë
French,ampoule a,Kaba,pólë :
French,ampoule a,Laka,pólö
French,ampoule a,Mbay,hílë :
French,ampoule a,Mango,pólë
French,ampoule a,Nar,hólö :
French,ampoule a,Ngambay,pólë :
French,ampoule a,Sar,hólö
French,ampoule a,Ngam,hílë
French,e,Bebote,kòrö :
French,e,Bediondo,kòrö
French,e,Daba,kò÷ö :
French,e,Gor,kòrörö
French,e,Gulay,kòrö :
French,e,Kaba,kòrörö
French,e,Laka,kòrörö :
French,e,Mbay,kòrö
French,e,Mango,kòrö :
French,e,Nar,kòrö
French,e,Ngambay,kòrörö
French,e,Sar,kòrö
French,e,Ngam,kòrö :
French,guille,Bediondo,tüm :
French,guille,Gor,tüm :
French,guille,Laka,tüm
French,guille,Mbay,tüm :
French,guille,Ngambay,tüm
French,imal,Bebote,dä :
French,imal,Bediondo,dä :
French,imal,Daba,dä
French,imal,Gor,dä :
French,imal,Gulay,dº :
French,imal,Kaba_Na,jä
French,imal,Kaba,dä : Kul=jä :
French,imal,Mbay,dº½
French,imal,Mango,dä :
French,imal,Nar,dº :
French,imal,Ngambay,dä :
French,imal,Sar,dº
French,imal,Ngam,dº
French,"neau, bracelet",Bebote,‡-n¸ngÉ :
French,"neau, bracelet",Bediondo,n¸ngÉ
French,"neau, bracelet",Gor,‡-n‡ngæ :
French,"neau, bracelet",Gulay,nïngÉ
French,"neau, bracelet",Kaba,‡-nïngá :
French,"neau, bracelet",Laka,‡-nïngá
French,"neau, bracelet",Mbay,nïngá :
French,"neau, bracelet",Mango,‡-níngæ
French,"neau, bracelet",Nar,n¸ngÉ :
French,"neau, bracelet",Ngambay,nïngá
French,"neau, bracelet",Sar,n¸ngá
French,née,Bebote,ßäl :
French,née,Bediondo,ßäl
French,née,Gor,ßäl :
French,née,Gulay,ßäl :
French,née,Kaba_Na,ßälä
French,née,Kaba,ßäl : Kul=ßälä :
French,née,Laka,ßäl
French,née,Mbay,ßäl :
French,née,Mango,ßäl :
French,née,Nar,ßäl
French,née,Ngambay,ßäl :
French,née,Sar,ßäl
French,née,Ngam,ßäl :
French,née : cette,Bebote,ßäý-nè :
French,née : cette,Bediondo,kçý-nè
French,née : cette,Gulay,kònï-là :
French,née : cette,Kaba,wÉl-nèÑ
French,née : cette,Laka,wû•-nè
French,née : cette,Mbay,"kònï-nŸþ,kònï-nèë"
French,née : cette,Mango,kö•-nè :
French,née : cette,Nar,kûní-làä
French,née : cette,Ngambay,wæ•-nè
French,née : cette,Sar,kòÑ-làä
French,née : cette,Ngam,kònï-là :
French,"née, passée : le",Bebote,kà•-nè :
French,"née, passée : le",Bediondo,kà•-nè
French,"née, passée : le",Gor,ßälí :
French,"née, passée : le",Gulay,kà•
French,"née, passée : le",Kaba,kál-nè :
French,"née, passée : le",Laka,kà•-nè
French,"née, passée : le",Mbay,kàlèë :
French,"née, passée : le",Mango,kä•-nè
French,"née, passée : le",Nar,kà•-ßëé
French,"née, passée : le",Ngambay,kà•-nè :
French,"née, passée : le",Sar,kà•-ßë
French,"née, passée : le",Ngam,ßäl-ä-béè
French,annonce publique,Bebote,mbë :
French,annonce publique,Bediondo,mbþ
French,annonce publique,Daba,mbër :
French,annonce publique,Gor,mbær :
French,annonce publique,Gulay,mbæ
French,annonce publique,Kaba_Na,mbë :
French,annonce publique,Kaba,mbær
French,annonce publique,Laka,mbær¸ :
French,annonce publique,Mbay,mbër :
French,annonce publique,Mango,mbþ
French,annonce publique,Nar,mbër :
French,annonce publique,Ngambay,mbër
French,annonce publique,Sar,mbëÈ
French,antilope : espèce de,Bediondo,mbúr :
French,antilope : espèce de,Gulay,mbúr
French,antilope : espèce de,Kaba_Na,mbíì :
French,antilope : espèce de,Laka,mbúr
French,antilope : espèce de,Mbay,mbúr :
French,antilope : espèce de,Mango,mbú®
French,antilope : espèce de,Ngambay,mbúr
French,antilope (cob de Buffon),Bediondo,käl :
French,antilope (cob de Buffon),Gulay,käl
French,antilope (cob de Buffon),Kaba_Na,kälä :
French,antilope (cob de Buffon),Laka,käl :
French,antilope (cob de Buffon),Mbay,käl
French,antilope (cob de Buffon),Mango,käl :
French,antilope (cob de Buffon),Nar,käl :
French,antilope (cob de Buffon),Ngambay,käl
French,antilope (cob de Buffon),Sar,käl
French,antilope (guib harnaché),Bediondo,tÆbÕ :
French,antilope (guib harnaché),Kaba_Na,tóßö
French,antilope (guib harnaché),Mbay,tòw :
French,antilope (guib harnaché),Mango,tòbÕ
French,antilope (guib harnaché),Ngambay,"tÆbÕ,tòbÕ :"
French,antilope (guib harnaché),Sar,tòw
French,antilope cheval,Bebote,nàs¸ :
French,antilope cheval,Bediondo,nàs¸
French,antilope cheval,Daba,nàs :
French,antilope cheval,Gor,nàs¸ :
French,antilope cheval,Gulay,nàs¸
French,antilope cheval,Kaba_Na,nàsë :
French,antilope cheval,Kaba,nàs¸
French,antilope cheval,Laka,nàs¸ :
French,antilope cheval,Mbay,nàs¸ :
French,antilope cheval,Mango,nàs¸
French,antilope cheval,Nar,nàs¸ :
French,antilope cheval,Ngambay,nàs¸ :
French,antilope cheval,Sar,nàs¸
French,antilope cheval,Ngam,nàs¸
French,"antilope, bubale",Bediondo,kàyà :
French,"antilope, bubale",Kaba_Na,kà
French,"antilope, bubale",Mbay,kày :
French,"antilope, bubale",Ngambay,kàyà
French,"antilope, bubale",Ngam,kày
French,"antilope, eland de Derby",Bediondo,lúm :
French,"antilope, eland de Derby",Kaba_Na,ngônè
French,"antilope, eland de Derby",Laka,‡-lúlúm :
French,"antilope, eland de Derby",Mbay,dùd¸
French,"antilope, eland de Derby",Ngambay,lúm
French,appeler,Bebote,ßär :
French,appeler,Bediondo,ßä :
French,appeler,Daba,kô®
French,appeler,Gor,ßär :
French,appeler,Gulay,ßär :
French,appeler,Kaba_Na,njàm
French,appeler,Kaba,ßär :
French,appeler,Laka,ßär :
French,appeler,Mbay,kô®
French,appeler,Mango,ßä :
French,appeler,Nar,ßär :
French,appeler,Ngambay,ßär :
French,appeler,Sar,ßäÈ
French,appeler,Ngam,kô®
French,"appeller, nommer",Bebote,pì :
French,"appeller, nommer",Gor,ßär :
French,"appeller, nommer",Gulay,ßär
French,"appeller, nommer",Laka,ßär :
French,"appeller, nommer",Mbay,kúñ
French,"appeller, nommer",Mango,"sîb¸-dî, ßä :"
French,"appeller, nommer",Nar,ßär
French,"appeller, nommer",Ngambay,ßär
French,appuyer,Mbay,gët¸ :
French,appuyer,Mango,gæt¸
French,appuyer,Sar,gët¸
French,après,Bebote,gö :
French,après,Bediondo,gö :
French,après,Gulay,gö
French,après,Kaba,gö :
French,après,Laka,gö :
French,après,Mbay,gö
French,après,Mango,gö :
French,après,Nar,gö :
French,après,Ngambay,gö :
French,après,Sar,gö
French,après,Ngam,gö
French,arachide,Bebote,‡-gájÕ :
French,arachide,Bediondo,‡-gàjÕ
French,arachide,Daba,kƒrƒrƒ :
French,arachide,Gor,gájÕ
French,arachide,Gulay,kàbrï :
French,arachide,Kaba_Na,wólï-gùrú
French,arachide,Kaba,wúlübü : Kul=wúlï
French,arachide,Laka,úbü :
French,arachide,Mbay,"wú£,wú£-dùm"
French,arachide,Mango,kàbï :
French,arachide,Nar,wú-dùm
French,arachide,Ngambay,ßúl-ùbü
French,arachide,Sar,wú-dùm
French,arachide,Ngam,wú£ :
French,araignée,Bebote,küú-ngà-gäng¸rä
French,araignée,Bediondo,‡-ngàtÕ-ßë-gànä
French,araignée,Gor,kúngä-gªyº
French,araignée,Gulay,gúm-dægär :
French,araignée,Kaba_Na,kí-bàsú
French,araignée,Kaba,‡-gämtàgär
French,araignée,Laka,‡-gà©màgä :
French,araignée,Mbay,súu
French,araignée,Mango,gámà-gämä
French,araignée,Nar,k‡-ngär‡ngàng
French,araignée,Ngambay,gámàgär :
French,araignée,Sar,súü
French,araignée,Ngam,"sú-k‡-ngön-kù®,sú"
French,arbre,Bebote,käg¸ :
French,arbre,Bediondo,käg¸
French,arbre,Daba,käg :
French,arbre,Gor,käg¸ :
French,arbre,Gulay,käg¸
French,arbre,Kaba_Na,kägä :
French,arbre,Kaba,käk¸
French,arbre,Laka,käg¸
French,arbre,Mbay,käg¸ :
French,arbre,Mango,käg¸
French,arbre,Nar,käg¸ :
French,arbre,Ngambay,käg¸ :
French,arbre,Sar,käg¸
French,arbre,Ngam,käg¸
French,arbre : esp. de,Bebote,yïdæ :
French,arbre : esp. de,Daba,yïdû
French,arbre : esp. de,Gulay,yïdæ :
French,arbre : esp. de,Kaba,yïrä
French,arbre : esp. de,Laka,‡-yïrä :
French,arbre : esp. de,Mbay,yïdä
French,arbre : esp. de,Mango,yïdæ :
French,arbre : esp. de,Ngambay,"÷ïrä,yïrä"
French,arbre : esp. de,Sar,y¸dä
French,arbre : esp. de,Daba,ßìtî :
French,arbre : esp. de,Gulay,ßìtÆ
French,arbre : esp. de,Kaba_Na,ßùtà :
French,arbre : esp. de,Kaba,ßìtày
French,arbre : esp. de,Laka,ßìdà :
French,arbre : esp. de,Mbay,ßìtà :
French,arbre : esp. de,Mango,ngó
French,arbre : esp. de,Nar,ßÕtÆ :
French,arbre : esp. de,Ngambay,ßìdà a
French,arbre : esp. de,Sar,ßÕtà
French,arbre : esp. de,Bediondo,kÇ-käg¸ :
French,arbre : esp. de,Gulay,kóm-käg¸
French,arbre : esp. de,Laka,kôm :
French,arbre : esp. de,Mbay,kó« :
French,arbre : esp. de,Ngambay,kôm
French,arbre : esp. de,Bediondo,dä-kº :
French,arbre : esp. de,Mbay,däa :
French,arbre : esp. de,Sar,dä
French,arbre : esp. de a,Bediondo,jäng¸ :
French,arbre : esp. de a,Mbay,jänj¸
French,arbre : esp. de a,Mango,jäng :
French,arbre : esp. de a,Nar,jûnd¸
French,arbre : esp. de a,Ngambay,dángá :
French,arbre : esp. de a,Sar,jûnd¸
French,arbre : esp. de,Bediondo,kòbÕ :
French,arbre : esp. de,Gulay,kòbÕ
French,arbre : esp. de,Kaba_Na,kòßò :
French,arbre : esp. de,Laka,kòbò :
French,arbre : esp. de,Mbay,kòw a
French,arbre : esp. de,Mango,kòbÕ :
French,arbre : esp. de,Ngambay,kòbÕ :
French,arbre : esp. de,Sar,kòw
French,arbre : néré,Bebote,mät¸ :
French,arbre : néré,Bediondo,mät¸ a
French,arbre : néré,Daba,mät :
French,arbre : néré,Gor,mät¸ :
French,arbre : néré,Gulay,mät¸
French,arbre : néré,Kaba_Na,mätö :
French,arbre : néré,Kaba,mät¸
French,arbre : néré,Laka,mäd¸ :
French,arbre : néré,Mbay,mät¸ :
French,arbre : néré,Mango,mät¸
French,arbre : néré,Nar,mät¸ :
French,arbre : néré,Ngambay,mäd¸ :
French,arbre : néré,Sar,mät¸
French,arbre : néré,Ngam,mät¸ a
French,arbre de karité,Bebote,s¬yð :
French,arbre de karité,Bediondo,s¸yð a
French,arbre de karité,Daba,÷ûý :
French,arbre de karité,Gor,s¬yð :
French,arbre de karité,Gulay,k¬yð
French,arbre de karité,Kaba_Na,kï…ö :
French,arbre de karité,Kaba,‡-÷ûý
French,arbre de karité,Laka,‡-÷ûý :
French,arbre de karité,Mbay,k¬yº :
French,arbre de karité,Mango,sçyç
French,arbre de karité,Nar,k¬yð :
French,arbre de karité,Ngambay,÷ûý :
French,arbre de karité,Sar,k¬yº
French,arbre de karité,Ngam,k¬yç
French,"arbre, esp. [Vitex doniana]",Bediondo,màlè :
French,"arbre, esp. [Vitex doniana]",Laka,màkûr a
French,"arbre, esp. [Vitex doniana]",Mbay,m¦y :
French,"arbre, esp. [Vitex doniana]",Ngambay,mà-kûr
French,arbre : cailcédrat,Bebote,dïl :
French,arbre : cailcédrat,Bediondo,d¸l :
French,arbre : cailcédrat,Daba,jïl
French,arbre : cailcédrat,Gor,dïl :
French,arbre : cailcédrat,Gulay,dïl :
French,arbre : cailcédrat,Kaba_Na,ßólö
French,arbre : cailcédrat,Kaba,mbûkô : Kul=ßölö
French,arbre : cailcédrat,Laka,mbàg¸ :
French,arbre : cailcédrat,Mbay,dïl :
French,arbre : cailcédrat,Mango,dïl
French,arbre : cailcédrat,Nar,dïl :
French,arbre : cailcédrat,Ngambay,mbàg¸ :
French,arbre : cailcédrat,Sar,dïl
French,arbre : cailcédrat,Ngam,dïl a
French,arbre : esp. de,Bediondo,kçy-käg¸
French,arbre : esp. de,Mbay,bùtò-tàÛ
French,arbre : esp. de,Mango,käg¸-kÆm-kÅ :
French,arbre : esp. de,Nar,mòndö
French,arbre : esp. de,Ngambay,kám-ndà-bìnä
French,arbre : esp. de,Sar,"k‡-tû-kùm,ndöb‡"
French,bre : kapokier,Bebote,küræ-sü :
French,bre : kapokier,Bediondo,künæ
French,bre : kapokier,Gor,küræ :
French,bre : kapokier,Gulay,k¦rð
French,bre : kapokier,Kaba,kürä :
French,bre : kapokier,Laka,kürä
French,bre : kapokier,Mbay,k¸rº :
French,bre : kapokier,Mango,künð
French,bre : kapokier,Nar,k¸ræ :
French,bre : kapokier,Ngambay,kürä :
French,bre : kapokier,Sar,k¸Èä
French,bre : kapokier,Ngam,k¸rä
French,bre : palmier doum,Bebote,‡-gäríyä
French,bre : palmier doum,Bediondo,‡-gàrárä :
French,bre : palmier doum,Gor,gárïyä
French,bre : palmier doum,Gulay,gäríyä :
French,bre : palmier doum,Laka,‡-gäríyä
French,bre : palmier doum,Mbay,gáÿ :
French,bre : palmier doum,Mango,"tàn,gárïyä"
French,bre : palmier doum,Nar,gáy :
French,bre : palmier doum,Ngambay,gàýrä :
French,bre : palmier doum,Sar,gèÊ
French,buste : esp. de,Gulay,tà :
French,buste : esp. de,Mbay,jÕngä
French,buste : esp. de,Mango,k‡-nª-jë :
French,buste : esp. de,Nar,jÕngæ
French,buste : esp. de,Bediondo,‡-möng‡ :
French,buste : esp. de,Gulay,möngíyö
French,buste : esp. de,Mbay,k‡-möng :
French,buste : esp. de,Mango,‡-möng¸
French,buste : esp. de,Ngambay,kám-móñg :
French,buste : esp. de,Sar,müng
French,buste : esp. de,Bediondo,gúm :
French,buste : esp. de,Laka,gÉm :
French,buste : esp. de,Mbay,gúm
French,buste : esp. de,Nar,góm
French,buste épineux : esp. de,Bebote,ng¼º :
French,buste épineux : esp. de,Bediondo,ng¼º
French,buste épineux : esp. de,Gor,ngàñ :
French,buste épineux : esp. de,Gulay,ngà®
French,buste épineux : esp. de,Kaba,ngà® :
French,buste épineux : esp. de,Laka,ngà®
French,buste épineux : esp. de,Mbay,ngà® :
French,buste épineux : esp. de,Mango,ng¼º
French,buste épineux : esp. de,Nar,ngà® :
French,buste épineux : esp. de,Ngambay,ngà®
French,buste épineux : esp. de,Sar,ngàÊ
French,buste; feuille,Bebote,kám :
French,buste; feuille,Bediondo,kám :
French,buste; feuille,Daba,kám
French,buste; feuille,Gor,kám :
French,buste; feuille,Gulay,kám :
French,buste; feuille,Kaba_Na,kámbà
French,buste; feuille,Kaba,kám : Kul=hámvà :
French,buste; feuille,Laka,kám
French,buste; feuille,Mbay,kám :
French,buste; feuille,Mango,kám :
French,buste; feuille,Nar,kám
French,buste; feuille,Ngambay,kám
French,buste; feuille,Sar,kámbÕ
French,buste; feuille,Ngam,kámb‡ :
French,c et flèche,Bebote,kônd¸rû :
French,c et flèche,Bediondo,kúndÕrú
French,c et flèche,Gor,kônd¸rû :
French,c et flèche,Gulay,mbándáng
French,c et flèche,Kaba_Na,ßùlè :
French,c et flèche,Kaba,kóndörö
French,c et flèche,Laka,kóndöró :
French,c et flèche,Mbay,kÕrº
French,c et flèche,Mango,mändäng :
French,c et flèche,Nar,g¸rð
French,c et flèche,Ngambay,ßándáng :
French,c et flèche,Sar,gÕÈä
French,arc-en-ciel,Bediondo,ngà-b¸ræ-ndï
French,arc-en-ciel,Gulay,k‡-mùndæ-ßä :
French,arc-en-ciel,Kaba_Na,kômb
French,arc-en-ciel,Laka,ngàw-bürä-njï
French,arc-en-ciel,Mbay,k‡-dös‡-b¸rä
French,arc-en-ciel,Nar,ngÆ-b¸ræ-ndï
French,arc-en-ciel,Ngambay,ngàw-bürä-ndï
French,argent,Bediondo,gúsù :
French,argent,Daba,pátà
French,argent,Gor,nàr :
French,argent,Gulay,nàr :
French,argent,Kaba_Na,málè
French,argent,Kaba,nàrè :
French,argent,Laka,làr :
French,argent,Mbay,nàr
French,argent,Mango,là :
French,argent,Nar,"gúsÕ,nàr"
French,argent,Ngambay,gúsù
French,argent,Sar,gúrsÕ
French,argent,Ngam,gúrsÕ :
French,argile noir,Bebote,ánj¸ :
French,argile noir,Bediondo,wánj¸
French,argile noir,Gor,hánj¸ :
French,argile noir,Gulay,ánj¸
French,argile noir,Kaba_Na,kéngè :
French,argile noir,Kaba,ánjï
French,argile noir,Laka,Énjï :
French,argile noir,Mbay,hánj‡ :
French,argile noir,Mango,ánj
French,argile noir,Nar,bîr-jó :
French,argile noir,Ngambay,ánjï
French,argile noir,Sar,lánjÕ
French,argile rouge,Bediondo,nÕbÆ :
French,argile rouge,Gulay,nìbÆ
French,argile rouge,Kaba_Na,kíyà :
French,argile rouge,Laka,lìbà
French,argile rouge,Mbay,ndÕbà :
French,argile rouge,Nar,ndÕbÆ
French,argile rouge,Ngambay,lìbà
French,argile rouge,Ngam,ndÕbà :
French,arracher,Gulay,ßüngæ :
French,arracher,Mbay,ßïngä
French,arracher,Mango,ßüngæ :
French,arracher,Sar,ß¸ngä
French,"arrêter, s'arrêter",Bebote,dî-bü :
French,"arrêter, s'arrêter",Daba,dùbà
French,"arrêter, s'arrêter",Mbay,dÕbà :
French,"arrêter, s'arrêter",Nar,dÕbÆ
French,"arrêter, s'arrêter",Sar,dÕbà
French,"arrêter, s'arrêter",Ngam,dÕbà :
French,arriver,Bebote,tŸþ :
French,arriver,Gulay,÷èë
French,arriver,Kaba_Na,káà :
French,arriver,Kaba,tèë :
French,arriver,Mbay,tèë
French,arriver,Mango,tŸþ :
French,arriver,Sar,ît¸
French,artiste,Bediondo,gös¸ :
French,artiste,Gor,gös¸
French,artiste,Gulay,gös¸ :
French,artiste,Kaba_Na,kîdë
French,artiste,Kaba,gös¸ :
French,artiste,Laka,güsü
French,artiste,Mbay,gös¸ :
French,artiste,Mango,gös¸
French,artiste,Ngambay,gösö :
French,artiste,Sar,gös¸
French,"asseoir, se",Bebote,sÕ :
French,"asseoir, se",Bediondo,ÕsÕ :
French,"asseoir, se",Daba,ìnjì
French,"asseoir, se",Gor,sÕ :
French,"asseoir, se",Gulay,ndì :
French,"asseoir, se",Kaba_Na,ìnjï
French,"asseoir, se",Kaba,ìsì :
French,"asseoir, se",Laka,ìsì :
French,"asseoir, se",Mbay,ndì
French,Langues Sara,Mango,ìsÕ :
French,Langues Sara,Nar,ndì :
French,Langues Sara,Ngambay,ìsì :
French,Langues Sara,Sar,ndì
French,Langues Sara,Ngam,ndÕ
French,assez : être; suffire,Bebote,àsÕ :
French,assez : être; suffire,Bediondo,àsÕ :
French,assez : être; suffire,Daba,às
French,assez : être; suffire,Gor,àsÕ :
French,assez : être; suffire,Gulay,àsÕ :
French,assez : être; suffire,Kaba_Na,àsà
French,assez : être; suffire,Kaba,àsÕ : Kul=àsà :
French,assez : être; suffire,Laka,àsÕ
French,assez : être; suffire,Mbay,àsÕ :
French,assez : être; suffire,Mango,àsÕ :
French,assez : être; suffire,Nar,àsÕ
French,assez : être; suffire,Ngambay,àsÕ :
French,assez : être; suffire,Sar,àsÕ
French,assez : être; suffire,Ngam,àsÕ :
French,asticot,Bebote,kòdè :
French,asticot,Kaba_Na,kùjè
French,asticot,Laka,kòrè :
French,asticot,Mbay,kìdè :
French,asticot,Mango,kòdè
French,asticot,Nar,kèdè
French,attacher,Bebote,tô :
French,attacher,Bediondo,dîû :
French,attacher,Daba,dîû
French,attacher,Gor,dîû :
French,attacher,Gulay,dîû :
French,attacher,Kaba_Na,ìjä
French,attacher,Kaba,dîû :
French,attacher,Laka,tô :
French,attacher,Mbay,dîû
French,attacher,Mango,dîû :
French,attacher,Nar,dÅç :
French,attacher,Ngambay,tô :
French,attacher,Sar,dÅç
French,attacher,Ngam,Õdä
French,attendre,Bebote,ng‡nð :
French,attendre,Bediondo,ng‡næ
French,attendre,Daba,ngóg :
French,attendre,Gor,ngÉnð
French,attendre,Gulay,ngóm :
French,attendre,Kaba_Na,àkò
French,attendre,Kaba,ngÉb¸ :
French,attendre,Laka,ngÉbæ
French,attendre,Mbay,ngóö :
French,attendre,Mango,ngínæ
French,attendre,Nar,ngórö :
French,attendre,Ngambay,ngÉb¸ :
French,attendre,Sar,ngóö
French,attendre,Ngam,ngóhö
French,attraper a la volée,Bediondo,lá :
French,attraper a la volée,Gulay,lá :
French,attraper a la volée,Kaba_Na,kákä
French,attraper a la volée,Laka,lám :
French,attraper a la volée,Mbay,gáÛ :
French,attraper a la volée,Nar,lá
French,attraper a la volée,Ngambay,lám :
French,attraper a la volée,Sar,láä
French,aubergine,Bebote,njò :
French,aubergine,Bediondo,njò
French,aubergine,Daba,njòr :
French,aubergine,Gor,njòr :
French,aubergine,Gulay,njòr
French,aubergine,Kaba_Na,njòrò :
French,aubergine,Kaba,dùndáy
French,aubergine,Laka,dùndáy
French,aubergine,Mbay,njòr :
French,aubergine,Mango,njò
French,aubergine,Nar,njòr :
French,aubergine,Ngambay,njòr
French,aubergine,Sar,njòÈ
French,augmenter en volume,Bebote,sí :
French,augmenter en volume,Bediondo,sí :
French,augmenter en volume,Kaba_Na,àgö
French,augmenter en volume,Mbay,àg¸ :
French,augmenter en volume,Sar,àg¸
French,aujourd'hui,Bebote,ßó-nè :
French,aujourd'hui,Bediondo,ßó-nè
French,aujourd'hui,Daba,ßó-nèë :
French,aujourd'hui,Gor,ßó-nè
French,aujourd'hui,Gulay,ßí-làä :
French,aujourd'hui,Kaba_Na,yàä-ré
French,aujourd'hui,Kaba,ßök‡-nè : Kul=÷yáarà
French,aujourd'hui,Laka,ßög‡-nè :
French,aujourd'hui,Mbay,ßó-làä
French,aujourd'hui,Mango,ßó-nè :
French,aujourd'hui,Nar,ßó-làä
French,aujourd'hui,Ngambay,ßög‡-nè
French,aujourd'hui,Sar,ßöó-làä a
French,aujourd'hui,Ngam,ßöólàä :
French,autre,Daba,jáng : Kul=nûfô
French,autre,Laka,dáng‡ :
French,autre,Mbay,dáng
French,"autrefois, auparavant a",Bebote,márí :
French,"autrefois, auparavant a",Bediondo,márí
French,"autrefois, auparavant a",Gor,márí :
French,"autrefois, auparavant a",Gulay,márí
French,"autrefois, auparavant a",Kaba,dîngîr-é :
French,"autrefois, auparavant a",Laka,læw
French,"autrefois, auparavant a",Mbay,márí :
French,"autrefois, auparavant a",Mango,"löw, ndûk‡"
French,"autrefois, auparavant a",Nar,márí
French,autruche,Bebote,ßü :
French,autruche,Bediondo,ßü :
French,autruche,Daba,ßülü
French,autruche,Gor,ßü :
French,autruche,Gulay,bägí :
French,autruche,Kaba_Na,gàÛ
French,autruche,Kaba,ßü :
French,autruche,Laka,ßú :
French,autruche,Mbay,bülüm
French,a,Mango,ßü :
French,a,Nar,bùrùm
French,a,Ngambay,ßü
French,a,Sar,bùÈùm
French,a,Ngam,bùrÕm :
French,avaler,Bebote,tú :
French,avaler,Bediondo,tú :
French,avaler,Daba,ùr
French,avaler,Gor,tü© :
French,avaler,Gulay,ùr :
French,avaler,Kaba_Na,òlì
French,a,Kaba,ùrù :
French,a,Mbay,ùr :
French,a,Mango,ù
French,a,Nar,ùr :
French,a,Ngambay,ùrù
French,a,Sar,túÊ
French,a,Ngam,wùÈ :
French,"avant, entre-temps",Bebote,kété :
French,"avant, entre-temps",Bediondo,kÉté
French,"avant, entre-temps",Daba,kétë :
French,"avant, entre-temps",Gor,kété :
French,"avant, entre-temps",Gulay,kété
French,b,Kaba_Na,gétè :
French,b,Kaba,kété
French,b,Laka,ké÷é :
French,b,Mbay,kété :
French,b,Mango,kété
French,b,Nar,jóÿ :
French,b,Ngambay,kédé :
French,b,Sar,kété
French,b,Ngam,kété
French,avec,Bebote,kÕ :
French,avec,Bediondo,kÕ :
French,avec,Daba,ì
French,avec,Gor,kÕ :
French,avec,Gulay,sÆ :
French,avec,Kaba_Na,gë-nè
French,avec,Kaba,kÕ :
French,avec,Laka,gÕ :
French,avec,Mbay,kÕ
French,b,Mango,kÕ :
French,b,Nar,kÕ :
French,b,Ngambay,gÕ :
French,b,Sar,kÕ
French,b,Ngam,tÕ
French,avec (avec pronoms),Bebote,sÆ- :
French,avec (avec pronoms),Bediondo,sÆ- :
French,avec (avec pronoms),Daba,sè-
French,avec (avec pronoms),Gor,sÆ :
French,avec (avec pronoms),Gulay,sÆ- :
French,avec (avec pronoms),Kaba,sÆ-
French,avec (avec pronoms),Laka,sÆ- :
French,avec (avec pronoms),Mbay,sè- :
French,avec (avec pronoms),Mango,sÆ-
French,b,Nar,sÆ :
French,b,Ngambay,sÆ
French,b,Sar,sè-
French,b,Ngam,sè- :
French,avec [qc dont on a parlé],Bebote,-né :
French,avec [qc dont on a parlé],Daba,-² :
French,avec [qc dont on a parlé],Gor,-²
French,avec [qc dont on a parlé],Gulay,-Ñ :
French,avec [qc dont on a parlé],Kaba,-né :
French,avec [qc dont on a parlé],Laka,-né
French,avec [qc dont on a parlé],Mbay,-² :
French,avec [qc dont on a parlé],Mango,-né :
French,avec [qc dont on a parlé],Nar,-nèé
French,avec [qc dont on a parlé],Ngambay,-né :
French,avec [qc dont on a parlé],Sar,-²
French,avec [qc dont on a parlé],Ngam,-² :
French,eugle,Bediondo,mÕnd¸ :
French,eugle,Daba,mìndö
French,eugle,Kaba,njè-kùm-tû :
French,eugle,Mbay,mùndö
French,eugle,Nar,mùndö :
French,eugle,Sar,mùndö
French,eugle,Gor,njè-kùm-tû
French,eugle,Gulay,njè-kùm-tû
French,eugle,Kaba,njè-kùm-tû
French,eugle,Laka,njè-kÆm-tû
French,eugle,Mbay,ngè-kùm-tûû
French,eugle,Mango,njè-kÆm-tû
French,eugle,Nar,ngè-kùm-tû
French,eugle,Ngambay,njè-kÆm-tû
French,eugle,Sar,ngè-kùm-tû
French,"oir de jeu, mal serrè",Bebote,yôk¸ :
French,"oir de jeu, mal serrè",Bediondo,yôk¸
French,"oir de jeu, mal serrè",Gor,yôk¸ :
French,"oir de jeu, mal serrè",Gulay,yôk‡
French,"oir de jeu, mal serrè",Kaba_Na,yôkû :
French,"oir de jeu, mal serrè",Laka,yôgë
French,"oir de jeu, mal serrè",Mbay,yôk¸ :
French,"oir de jeu, mal serrè",Nar,yûk‡
French,"oir de jeu, mal serrè",Ngambay,yôg¸
French,oir des rapports sexuels,Bebote,ndà£ :
French,oir des rapports sexuels,Bediondo,ndà£
French,oir des rapports sexuels,Gulay,ànd¸ :
French,oir des rapports sexuels,Kaba,ndà£ :
French,oir des rapports sexuels,Laka,kÅrð
French,oir des rapports sexuels,Mbay,sò® :
French,oir des rapports sexuels,Mango,ndà£
French,oir des rapports sexuels,Nar,ànd¸ :
French,oir des rapports sexuels,Ngambay,ndà£
French,oir des rapports sexuels,Sar,ànd¸
French,"igner, se baigner",Bebote,ndòg¸ :
French,"igner, se baigner",Bediondo,ndòg¸
French,"igner, se baigner",Daba,ndòg :
French,"igner, se baigner",Gor,ndòg¸
French,"igner, se baigner",Gulay,ndògö :
French,"igner, se baigner",Kaba_Na,njòbö
French,"igner, se baigner",Kaba,ndòkö :
French,"igner, se baigner",Laka,ndògö
French,"igner, se baigner",Mbay,ndòg¸ :
French,"igner, se baigner",Mango,ndòg¸
French,"igner, se baigner",Nar,ndòg¸ :
French,"igner, se baigner",Ngambay,ndògö :
French,"igner, se baigner",Sar,ndòg¸
French,"igner, se baigner",Ngam,ndògö
French,iller,Bebote,ló :
French,iller,Bediondo,ló :
French,iller,Daba,lóö
French,iller,Gor,ló :
French,iller,Gulay,ló :
French,iller,Kaba_Na,náÛ
French,iller,Kaba,ló :
French,iller,Laka,ló :
French,iller,Mbay,lóö
French,iller,Mango,ló :
French,iller,Nar,ló :
French,iller,Ngambay,ló :
French,iller,Sar,lóö
French,iller,Ngam,ló
French,lafon,Bebote,kúnd¸ :
French,lafon,Bediondo,kúnd¸
French,lafon,Gor,kúnd¸ :
French,lafon,Gulay,kúndú
French,lafon,Kaba_Na,kúndú¯ :
French,lafon,Kaba,kúndü
French,lafon,Laka,kúndü :
French,lafon,Mbay,kúnd¸
French,Français,Mango,kúndü :
French,Français,Nar,kúnd¸
French,Français,Ngambay,kúndü
French,Français,Sar,kúnd¸
French,Français,Ngam,kúnd¸ :
French,balai,Bebote,ndÕsæ :
French,balai,Bediondo,ndÕsæ
French,balai,Daba,ndìsä :
French,balai,Gor,ndÕsæ
French,balai,Gulay,ndìsæ :
French,balai,Kaba_Na,jàkö
French,balai,Kaba,ngìsä :
French,balai,Laka,‡-ngìsä
French,balai,Mbay,ndÕsä :
French,balai,Mango,ndìsæ
French,balai,Nar,ndÕsæ :
French,balai,Ngambay,ndìsä :
French,balai,Sar,ndÕsä
French,balai,Ngam,ndÕsä
French,balancer sur la tête,Bebote,yé® :
French,balancer sur la tête,Bediondo,yÉr :
French,balancer sur la tête,Gulay,÷è£
French,balancer sur la tête,Laka,yÉr :
French,balancer sur la tête,Mbay,yá® :
French,balancer sur la tête,Mango,yÉ®
French,balancer sur la tête,Ngambay,yé® :
French,balancer sur la tête,Sar,yá®
French,balayer,Bebote,ÕtÆ :
French,balayer,Bediondo,ÕtÆ :
French,balayer,Daba,ùtà
French,balayer,Gor,ùtÆ :
French,balayer,Gulay,ùtÆ :
French,balayer,Kaba_Na,dúü
French,balayer,Kaba,ùtà :
French,balayer,Laka,ùndà :
French,balayer,Mbay,tà
French,balayer,Mango,ìtÆ :
French,balayer,Ngambay,ùwà :
French,balayer,Sar,ìtà
French,balle de grain,Bebote,t¸sÉ :
French,balle de grain,Bediondo,ngîy
French,balle de grain,Gor,tÕsÉ :
French,balle de grain,Gulay,tìsÉ
French,balle de grain,Kaba_Na,tìsá :
French,balle de grain,Laka,tìsá
French,balle de grain,Mbay,tÕsá :
French,balle de grain,Nar,tÕgòn
French,balle de grain,Ngambay,tìsá :
French,balle de grain,Sar,tÕsá
French,barbe,Bebote,mbäý-tà :
French,barbe,Bediondo,mbáy
French,barbe,Daba,mbäý :
French,barbe,Gor,mbáy-tà
French,barbe,Gulay,mbäý-tà :
French,barbe,Kaba_Na,mbïyá
French,barbe,Kaba,mbäý :
French,barbe,Laka,mbáy
French,barbe,Mbay,mbäý :
French,barbe,Mango,mbáy-tà
French,barbe,Nar,mbäý :
French,barbe,Ngambay,mbäý
French,barbe,Sar,mbäý
French,"bas, en bas",Bebote,nàng‡ :
French,"bas, en bas",Daba,bè©
French,"bas, en bas",Gor,nàngá :
French,"bas, en bas",Gulay,nàÑg
French,"bas, en bas",Kaba_Na,ngá :
French,"bas, en bas",Laka,nàng‡ :
French,"bas, en bas",Mbay,bè©
French,"bas, en bas",Mango,bÆÉ :
French,"bas, en bas",Nar,nàÑg :
French,"bas, en bas",Ngambay,bÆ©
French,"bas, en bas",Sar,nàÑg
French,bassin; rein,Bebote,dün :
French,bassin; rein,Bediondo,dün
French,bassin; rein,Gor,dün :
French,bassin; rein,Gulay,dün :
French,bassin; rein,Kaba_Na,kùmá
French,bassin; rein,Kaba,dün :
French,bassin; rein,Laka,dün :
French,bassin; rein,Mbay,dün
French,bassin; rein,Mango,dün :
French,bassin; rein,Nar,dün :
French,bassin; rein,Ngambay,dün :
French,bassin; rein,Sar,dün
French,bassin; rein,Ngam,dün
French,"battre, frapper",Bebote,ÕndÆ :
French,"battre, frapper",Bediondo,ÕndÆ
French,"battre, frapper",Daba,ùndà :
French,"battre, frapper",Gor,ÕndÆ :
French,"battre, frapper",Gulay,ùndÆ
French,"battre, frapper",Kaba,ùndà : Kul=ìfï :
French,"battre, frapper",Laka,ùndà
French,"battre, frapper",Mbay,ndà :
French,"battre, frapper",Mango,ìndÆ
French,"battre, frapper",Nar,ÕndÆ :
French,"battre, frapper",Ngambay,ùndà :
French,"battre, frapper",Sar,ìndà
French,"battre, frapper",Ngam,Õndà
French,beau : être,Bebote,bàsá :
French,beau : être,Bediondo,bàsá
French,beau : être,Daba,bàsá :
French,beau : être,Gor,bàsá :
French,beau : être,Gulay,bàsá
French,beau : être,Kaba,kúrä : Kul=nàpà
French,beau : être,Laka,mày-ngàw :
French,beau : être,Mbay,bàsá
French,beau : être,Mango,bàsá :
French,beau : être,Nar,bàsá
French,beau : être,Ngambay,bàsá :
French,beau : être,Sar,bàlsáà
French,"beau-frère, belle-soeur",Bebote,sáj¸ :
French,"beau-frère, belle-soeur",Bediondo,sáj¸
French,"beau-frère, belle-soeur",Daba,sáj :
French,"beau-frère, belle-soeur",Gor,sáj¸ :
French,"beau-frère, belle-soeur",Gulay,sáj‡
French,"beau-frère, belle-soeur",Kaba_Na,sáyò :
French,"beau-frère, belle-soeur",Kaba,sáj¸
French,"beau-frère, belle-soeur",Mbay,sáj‡ :
French,"beau-frère, belle-soeur",Mango,sáj¸
French,"beau-frère, belle-soeur",Nar,sáj¸ :
French,"beau-frère, belle-soeur",Sar,sáj‡
French,"beau-frère, belle-soeur",Ngam,sáj‡
French,"beau-père, belle-mère",Bebote,mÆm :
French,"beau-père, belle-mère",Bediondo,mÆm
French,"beau-père, belle-mère",Gor,mÆm :
French,"beau-père, belle-mère",Gulay,ùm :
French,"beau-père, belle-mère",Kaba_Na,màm
French,"beau-père, belle-mère",Kaba,ùm :
French,"beau-père, belle-mère",Laka,mùm :
French,"beau-père, belle-mère",Mbay,mùm
French,"beau-père, belle-mère",Mango,mÆm :
French,"beau-père, belle-mère",Nar,ùm :
French,"beau-père, belle-mère",Ngambay,mÆm
French,"beau-père, belle-mère",Sar,mùm
French,beaucoup; très,Bebote,ngªy :
French,beaucoup; très,Bediondo,bòrè
French,beaucoup; très,Daba,ngªy :
French,beaucoup; très,Gor,ngªy :
French,beaucoup; très,Gulay,ngªy
French,beaucoup; très,Kaba_Na,däy :
French,beaucoup; très,Kaba,ngªy :
French,beaucoup; très,Laka,yº
French,beaucoup; très,Mbay,ngªy :
French,beaucoup; très,Mango,yº :
French,beaucoup; très,Nar,ngªy
French,beaucoup; très,Ngambay,yº :
French,beaucoup; très,Sar,ngªy
French,beaucoup; très,Ngam,ngªy :
French,bégayer,Bebote,nÆdÕ :
French,bégayer,Bediondo,täd¸
French,bégayer,Gulay,gäg‡r :
French,bégayer,Kaba_Na,núgü
French,bégayer,Kaba,tÆndÕ :
French,bégayer,Mbay,ßäd¸
French,bégayer,Nar,tád¸ :
French,bégayer,Ngambay,tÆndÕ
French,bégayer,Sar,täd¸
French,belle : être,Bebote,màndÕ :
French,belle : être,Bediondo,màndÕ
French,belle : être,Daba,mànd :
French,belle : être,Gor,màndÕ
French,belle : être,Gulay,màndÕ :
French,belle : être,Kaba_Na,kùyä
French,belle : être,Kaba,màndÕ :
French,belle : être,Laka,màndÕ
French,belle : être,Mbay,màndÕ :
French,belle : être,Mango,màndÕ
French,belle : être,Nar,màndÕ :
French,belle : être,Ngambay,màndÕ :
French,belle : être,Sar,màndÕ
French,belle : être,Ngam,màndÕ
French,belle-soeur,Bebote,wár :
French,belle-soeur,Bediondo,wár :
French,belle-soeur,Daba,wá÷ b
French,belle-soeur,Gor,wár :
French,belle-soeur,Gulay,wár :
French,belle-soeur,Kaba,wár
French,belle-soeur,Laka,ngö-wár :
French,belle-soeur,Mbay,hôr :
French,belle-soeur,Mango,wá®
French,belle-soeur,Nar,wár :
French,belle-soeur,Ngambay,wár
French,belle-soeur,Sar,hô±
French,belle-soeur,Ngam,hôr :
French,"benjamin, benjamine",Gulay,"tà-mbà,÷útú :"
French,"benjamin, benjamine",Mbay,÷út‡ b
French,"benjamin, benjamine",Mango,÷út¸ :
French,"benjamin, benjamine",Sar,tà-rút‡
French,bière de mil,Daba,yïb :
French,bière de mil,Gulay,yïb¸
French,bière de mil,Laka,ködö :
French,bière de mil,Mbay,yïb¸ :
French,bière de mil,Mango,yïb¸
French,bière de mil,Bebote,bílbìl :
French,bière de mil,Bediondo,b‡lbÕl
French,bière de mil,Daba,bíl-bìl :
French,bière de mil,Gor,b‡l-bÕl b
French,bière de mil,Gulay,bíl-bìl :
French,bière de mil,Kaba_Na,bílí-bìlì
French,bière de mil,Kaba,bíl-bìl :
French,bière de mil,Laka,ködö
French,bière de mil,Mbay,bí£-bìl :
French,bière de mil,Ngambay,bíl-bìl :
French,bière de mil,Sar,bíl-bìl
French,bière de mil,Ngam,kàsÕ-mbú®
French,blanc : être,Bebote,ndà :
French,blanc : être,Bediondo,ndà
French,blanc : être,Daba,"ndà,Ÿþ :"
French,blanc : être,Gor,ndà :
French,blanc : être,Gulay,ndà b
French,blanc : être,Kaba_Na,njàhà :
French,blanc : être,Kaba,ndà
French,blanc : être,Laka,ndà
French,blanc : être,Mbay,ndàa :
French,blanc : être,Mango,ndà :
French,blanc : être,Nar,ndà
French,blanc : être,Ngambay,ndà :
French,blanc : être,Sar,ndà
French,blanc : être,Ngam,ndàhà :
French,"blanc, Européen b",Bebote,nàsá± :
French,"blanc, Européen b",Bediondo,nàsá±
French,"blanc, Européen b",Daba,mùnjú :
French,"blanc, Européen b",Gor,nàsá±
French,"blanc, Européen b",Gulay,nàsá± :
French,"blanc, Européen b",Kaba_Na,nàsárä
French,"blanc, Européen b",Kaba,ndä©-ndà :
French,"blanc, Européen b",Laka,láw-ndà
French,"blanc, Européen b",Mbay,nàsá± :
French,"blanc, Européen b",Mango,nàsá±
French,"blanc, Européen b",Nar,nàsá± :
French,"blanc, Européen b",Ngambay,nàsá±
French,"blanc, Européen b",Sar,nàsá±
French,"blanc, Européen b",Ngam,"nàsá±, b"
French,"boeuf, vache",Bebote,màng¸ :
French,"boeuf, vache",Bediondo,màng¸ b
French,"boeuf, vache",Daba,màñg :
French,"boeuf, vache",Gor,màng¸
French,"boeuf, vache",Gulay,màñg :
French,"boeuf, vache",Kaba_Na,sä :
French,"boeuf, vache",Kaba,màñg
French,"boeuf, vache",Laka,màng¸ :
French,"boeuf, vache",Mbay,màñg
French,"boeuf, vache",Mango,màñg :
French,"boeuf, vache",Nar,màñg
French,"boeuf, vache",Ngambay,màñg :
French,"boeuf, vache",Sar,màñg
French,boire b,Bebote,¼ÿ :
French,boire b,Bediondo,¼ÿ :
French,boire b,Daba,àÿ
French,boire b,Gor,¼ÿ :
French,boire b,Gulay,¼ÿ :
French,boire b,Kaba_Na,™Š
French,boire b,Kaba,àÿ :
French,boire b,Laka,ày :
French,boire b,Mbay,¼ÿ
French,boire b,Mango,¼ÿ :
French,boire b,Nar,¼ÿ :
French,boire b,Ngambay,àÿ :
French,boire b,Sar,¼ÿ
French,boire b,Ngam,¼ÿ
French,isson,Bebote,yïw :
French,isson,Bediondo,kàsÕ
French,isson,Gor,y¸wï :
French,isson,Gulay,yïb¸
French,isson,Kaba,kötö :
French,isson,Mbay,kàsÕ
French,isson,Nar,kàsÕ :
French,isson,Ngambay,kïdö :
French,isson,Sar,kàsÕ
French,isson,Ngam,kàsÕ
French,isson alcoolisée (fort),Bebote,árgè :
French,isson alcoolisée (fort),Daba,árgè
French,isson alcoolisée (fort),Gor,árgè :
French,isson alcoolisée (fort),Gulay,árgë
French,isson alcoolisée (fort),Kaba,árgè :
French,isson alcoolisée (fort),Laka,árgè
French,isson alcoolisée (fort),Mbay,árgè :
French,isson alcoolisée (fort),Mango,árgë
French,isson alcoolisée (fort),Nar,árgè :
French,isson alcoolisée (fort),Ngambay,árgè
French,isson alcoolisée (fort),Sar,yérgè
French,n : être,Bebote,màjÕ :
French,n : être,Bediondo,màjÕ
French,n : être,Daba,mbþ :
French,n : être,Gor,màjÕ :
French,n : être,Gulay,màjÕ
French,n : être,Kaba_Na,kòrï :
French,n : être,Kaba,màjì :
French,n : être,Laka,mày
French,n : être,Mbay,màjÕ :
French,n : être,Mango,màjÕ
French,n : être,Nar,màjÕ :
French,n : être,Ngambay,màjì :
French,n : être,Sar,màjÕ
French,n : être,Ngam,màjÕ
French,sse (la),Bebote,gÕnÐ :
French,sse (la),Bediondo,gÕnÆ
French,sse (la),Gor,g‡læ :
French,sse (la),Kaba_Na,gùy :
French,sse (la),Laka,gìnà
French,sse (la),Mbay,"gÕnà,gÕn¼ :"
French,sse (la),Mango,gìnÐ
French,sse (la),Ngambay,gìnà
French,uc,Bebote,bàl :
French,uc,Bediondo,bàl :
French,uc,Daba,bàl
French,uc,Gor,bàl :
French,uc,Gulay,bàl :
French,uc,Kaba_Na,bàlà
French,uc,Kaba,bàl :
French,uc,Laka,bàl :
French,uc,Mbay,bàl
French,uc,Mango,bàl :
French,uc,Nar,bàl :
French,uc,Ngambay,bàl
French,uc,Sar,bàl
French,uclier,Bediondo,dÆ :
French,uclier,Gulay,dÆr :
French,uclier,Kaba_Na,kútà
French,uclier,Laka,dÆr :
French,uclier,Mbay,dèr :
French,uclier,Nar,dèr
French,uclier,Ngambay,dÆr
French,uche,Bebote,tà :
French,uche,Bediondo,tà :
French,uche,Daba,tà
French,uche,Gor,tà :
French,uche,Gulay,tà :
French,uche,Kaba_Na,tà
French,uche,Kaba,tà : Kul=tà :
French,uche,Laka,tà
French,uche,Mbay,tà :
French,uche,Mango,tà :
French,uche,Nar,tà
French,uche,Ngambay,tà :
French,uche,Sar,tà
French,uche,Ngam,tà :
French,ue,Bebote,bîr :
French,ue,Bediondo,bîr :
French,ue,Daba,bèt
French,ue,Gor,bîr :
French,ue,Gulay,bîr :
French,ue,Kaba_Na,bîté
French,Français,Kaba,bÆr : Kul=bî÷û :
French,Français,Laka,bîr
French,Français,Mbay,bîr :
French,Français,Mango,yíngæ
French,Français,Nar,bîr :
French,Français,Ngambay,bîr
French,Français,Sar,bîr
French,Français,Ngam,bîr :
French,bouillie,Bebote,bƒyð :
French,bouillie,Bediondo,b‡yð
French,bouillie,Daba,bíyä :
French,bouillie,Gor,bƒyð :
French,bouillie,Gulay,bƒy
French,bouillie,Kaba_Na,bíyä :
French,bouillie,Kaba,bíyä
French,bouillie,Laka,bíyä :
French,bouillie,Mbay,bíyä :
French,bouillie,Mango,bƒyð
French,bouillie,Nar,bƒyð :
French,bouillie,Ngambay,bíyä :
French,bouillie,Sar,bƒyº
French,bouillie,Ngam,bíyä
French,bouillir,Bebote,lëg‡ :
French,bouillir,Bediondo,læg‡
French,bouillir,Daba,lëg :
French,bouillir,Gor,òlë :
French,bouillir,Gulay,òlë
French,bouillir,Kaba,lëk‡ :
French,bouillir,Laka,læg‡
French,bouillir,Mbay,lëg‡ :
French,bouillir,Mango,òlë :
French,bouillir,Nar,èlë
French,bouillir,Ngambay,òlë :
French,bouillir,Sar,nëg
French,bouillir,Ngam,nëg‡ :
French,boule de mil,Bebote,mùd¸ :
French,boule de mil,Bediondo,"mùd¸,mù®"
French,boule de mil,Daba,bìnä :
French,boule de mil,Gor,mùd¸ :
French,boule de mil,Gulay,mù®
French,boule de mil,Kaba_Na,ròkù :
French,boule de mil,Kaba,mùrü
French,boule de mil,Laka,bìnä
French,boule de mil,Mbay,mbù® :
French,boule de mil,Mango,mù® :
French,boule de mil,Nar,mù®
French,boule de mil,Ngambay,mùrü :
French,boule de mil,Sar,mù®
French,boule de mil,Ngam,mù® :
French,bourrer; pousser : piétiner,Bebote,mbçy :
French,bourrer; pousser : piétiner,Bediondo,mbçy
French,bourrer; pousser : piétiner,Daba,ùßà :
French,bourrer; pousser : piétiner,Gor,mb¸sæ :
French,bourrer; pousser : piétiner,Gulay,òrè
French,bourrer; pousser : piétiner,Kaba_Na,ùßà :
French,bourrer; pousser : piétiner,Kaba,mbüsü :
French,bourrer; pousser : piétiner,Mbay,ßà
French,bourrer; pousser : piétiner,Mango,ùbÆ :
French,bourrer; pousser : piétiner,Nar,mbús¸ :
French,bourrer; pousser : piétiner,Ngambay,ùbà :
French,bourrer; pousser : piétiner,Sar,"ìÈè,ìßà"
French,bourrer; pousser : piétiner,Ngam,ßà
French,"bousier, scarabée sacrée",Bediondo,‡-b¡ƒ-s¡ :
French,"bousier, scarabée sacrée",Gulay,bƒ¡
French,"bousier, scarabée sacrée",Laka,‡-b¡ƒ-s¡ :
French,"bousier, scarabée sacrée",Mbay,k‡-b¡ƒ
French,"bousier, scarabée sacrée",Mango,b¬-yƒs¡ :
French,"bousier, scarabée sacrée",Nar,mÉng‡rÆ
French,"bousier, scarabée sacrée",Ngambay,bƒ-s¡ :
French,"bousier, scarabée sacrée",Sar,bƒ¡
French,braises,Bebote,yäl :
French,braises,Bediondo,yäl
French,braises,Gor,yäl :
French,braises,Gulay,yäl :
French,braises,Kaba,yël
French,braises,Laka,yël :
French,braises,Mbay,yäl :
French,braises,Nar,yël
French,braises,Ngambay,kûr-pÆr :
French,braises,Sar,yþl
French,brindille sèche,Bebote,ngæw :
French,brindille sèche,Bediondo,ngængÕræ
French,brindille sèche,Daba,ngö :
French,brindille sèche,Gulay,ngÉng-ræng
French,brindille sèche,Kaba_Na,ngäw :
French,brindille sèche,Kaba,ngæw
French,brindille sèche,Laka,ngæw
French,Langues Sara,Mbay,ngöo :
French,Langues Sara,Ngambay,ngæw :
French,Langues Sara,Sar,ngö
French,Langues Sara,Ngam,ngö
French,"briser, casser",Bebote,búd¸ :
French,"briser, casser",Bediondo,tû :
French,"briser, casser",Daba,tû
French,"briser, casser",Gor,tû :
French,"briser, casser",Gulay,tû :
French,"briser, casser",Kaba_Na,tûkû
French,"briser, casser",Kaba,tû :
French,"briser, casser",Laka,tû :
French,"briser, casser",Mbay,tûû
French,"briser, casser",Mango,tû :
French,"briser, casser",Nar,tû :
French,"briser, casser",Ngambay,tû
French,"briser, casser",Sar,tû
French,brouillard,Bebote,múm :
French,brouillard,Bediondo,múm
French,brouillard,Daba,bùúmbù® :
French,brouillard,Gor,m¦ :
French,brouillard,Gulay,búm
French,brouillard,Kaba_Na,gú¯séè :
French,brouillard,Kaba,mù»
French,brouillard,Laka,múm :
French,brouillard,Mbay,bùú :
French,brouillard,Mango,múm
French,brouillard,Nar,k‡-bü-bù :
French,brouillard,Ngambay,múm
French,brouillard,Sar,dím-sìl
French,brousse,Bebote,m“ :
French,brousse,Bediondo,m“ :
French,brousse,Gulay,wàlé
French,brousse,Kaba_Na,gûbë :
French,brousse,Kaba,m“-ø :
French,brousse,Laka,m“
French,brousse,Mbay,m“¾ :
French,brousse,Mango,wàlé :
French,brousse,Nar,wà
French,brousse,Ngambay,wàlà :
French,brousse,Sar,bèmbèé
French,bruiner,Bediondo,yÜm :
French,bruiner,Mbay,yú« :
French,bruiner,Mango,yÜm
French,bruiner,Sar,yó«
French,bruit,Bebote,ká :
French,bruit,Bediondo,"ká,kª :"
French,bruit,Daba,ká
French,bruit,Gor,ká :
French,bruit,Gulay,ká :
French,bruit,Kaba,‡-kïí
French,bruit,Laka,ká :
French,bruit,Mbay,káa :
French,bruit,Mango,"ndü,ká"
French,bruit,Nar,kû© :
French,bruit,Ngambay,kár
French,bruit,Sar,kö
French,bruit,Ngam,kª :
French,bruit de désapprobation,Gulay,njôtÕ :
French,bruit de désapprobation,Mbay,njô®
French,bruit de désapprobation,Mango,njôtÕ :
French,bruit de désapprobation,Sar,ngúr-màs¸
French,brûler,Bebote,Å :
French,brûler,Daba,Å :
French,brûler,Gor,Å
French,brûler,Gulay,Å :
French,brûler,Kaba_Na,î…î :
French,brûler,Kaba,Å
French,brûler,Laka,Å :
French,brûler,Mbay,Å¢ :
French,brûler,Mango,Å :
French,brûler,Nar,Å
French,brûler,Ngambay,Å :
French,brûler,Sar,“
French,bûche,Bebote,ngî :
French,bûche,Bediondo,ngî
French,bûche,Gor,ngî :
French,bûche,Gulay,ngî :
French,bûche,Mbay,ngî
French,bûche,Mango,ngî :
French,bûche,Nar,ngî :
French,bûche,Ngambay,ngî
French,bûche,Sar,ngî
French,buffle,Bebote,dîgÕ :
French,buffle,Bediondo,dîgÕ
French,buffle,Daba,dîg :
French,buffle,Gor,dîgÕ :
French,buffle,Gulay,dîgÕ
French,buffle,Kaba_Na,dîgî :
French,buffle,Kaba,dîkù
French,buffle,Laka,dîgÕ :
French,buffle,Mbay,dîgÕ :
French,buffle,Mango,dîgÕ
French,buffle,Nar,dîgÕ :
French,buffle,Ngambay,dîgÕ :
French,buffle,Sar,dîgÕ
French,buffle,Ngam,dîgÕ c
French,cacher,Bebote,déÛ :
French,cacher,Bediondo,ßûyû c
French,cacher,Gor,dów :
French,cacher,Gulay,ßûyû :
French,cacher,Laka,dÉb¸
French,cacher,Mbay,déw :
French,cacher,Mango,dÆbÕ :
French,cacher,Nar,ßû
French,cacher,Ngambay,dÆbÕ :
French,cacher,Sar,dób¸ c
French,cacher; tendre,Bebote,ìyæ :
French,cacher; tendre,Bediondo,Õyæ :
French,cacher; tendre,Daba,ùyä
French,cacher; tendre,Gor,ìyæ :
French,cacher; tendre,Gulay,ùyæ :
French,cacher; tendre,Kaba_Na,ìyä
French,cacher; tendre,Kaba,ìyä :
French,cacher; tendre,Laka,ìyä :
French,cacher; tendre,Mbay,yä
French,cacher; tendre,Mango,ïyæ :
French,cacher; tendre,Nar,ìyæ :
French,cacher; tendre,Ngambay,ìyä :
French,cacher; tendre,Sar,ßû c
French,cacher; tendre,Ngam,ßû
French,cadavre,Bebote,nïÑ :
French,cadavre,Bediondo,n¸Ñ :
French,cadavre,Daba,nïÑ
French,cadavre,Gor,nïÑ :
French,cadavre,Gulay,nïÑ :
French,cadavre,Kaba_Na,nünú
French,cadavre,Kaba,nïÑ :
French,cadavre,Laka,nïÑ :
French,cadavre,Mbay,nïÑ
French,cadavre,Mango,nïÑ :
French,cadavre,Nar,nïÑ :
French,cadavre,Ngambay,nïÑ :
French,cadavre,Sar,nïÑ
French,cadavre,Ngam,nïÑ
French,"cailloux, pierre, montagne",Bebote,Ær :
French,"cailloux, pierre, montagne",Bediondo,mbà£
French,"cailloux, pierre, montagne",Daba,mbà£ :
French,"cailloux, pierre, montagne",Gor,mbà£ :
French,"cailloux, pierre, montagne",Gulay,mbà£ c
French,"cailloux, pierre, montagne",Kaba,Ær :
French,"cailloux, pierre, montagne",Laka,mbà£ :
French,"cailloux, pierre, montagne",Mbay,mbà£
French,"cailloux, pierre, montagne",Mango,Ær :
French,"cailloux, pierre, montagne",Nar,mbà£ :
French,"cailloux, pierre, montagne",Ngambay,mbà£
French,"cailloux, pierre, montagne",Ngam,kîhîr
French,calciner,Bediondo,nÆt¸ :
French,calciner,Gor,nòtæ
French,calciner,Mbay,rùtö :
French,calciner,Nar,nùt¸
French,calciner,Sar,ÈÕtö
French,calebasse c,Bebote,‡-ngó :
French,calebasse c,Bediondo,‡-ngó
French,calebasse c,Daba,ngó :
French,calebasse c,Gulay,ngó :
French,calebasse c,Kaba_Na,kïhé
French,calebasse c,Kaba,‡-ngó : Kul=hárü c
French,calebasse c,Laka,‡-ngó :
French,calebasse c,Mbay,ngó
French,calebasse c,Mango,‡-ngòó :
French,calebasse c,Nar,kär
French,calebasse c,Ngambay,ngó :
French,calebasse c,Sar,kûy
French,calebasse - cuillère c,Bebote,‡-dïí :
French,calebasse - cuillère c,Bediondo,jÆnï
French,calebasse - cuillère c,Gor,kó-dïí :
French,calebasse - cuillère c,Gulay,jènï
French,c,Kaba_Na,jènï :
French,c,Kaba,kärämbë
French,c,Laka,kîr-gè :
French,c,Mbay,jènï
French,c,Mango,kär-mbï :
French,c,Nar,jènï
French,c,Ngambay,kär-mbï :
French,c,Sar,kù«-kûý
French,"calebasse, esp. de",Bediondo,kü :
French,"calebasse, esp. de",Gulay,kü :
French,"calebasse, esp. de",Kaba_Na,gúù
French,"calebasse, esp. de",Laka,kü :
French,"calebasse, esp. de",Mbay,küu :
French,"calebasse, esp. de",Mango,kü
French,"calebasse, esp. de",Ngambay,kä :
French,"calebasse, esp. de",Sar,kü
French,"calebasse, esp. de",Ngam,kühü :
French,lme,Gulay,ndìng :
French,lme,Mbay,ndìng
French,lme,Mango,ndìng :
French,lme,Sar,ndìng
French,llosité,Gulay,m¬ :
French,llosité,Mbay,sò• :
French,llosité,Mango,m“ÿ
French,llosité,Sar,mät¸-käË
French,"marade, copin",Bebote,näm :
French,"marade, copin",Bediondo,gàr
French,"marade, copin",Gor,gàr :
French,"marade, copin",Kaba_Na,ßàkúrà
French,"marade, copin",Kaba,näm : Kul=tà-hàßë
French,"marade, copin",Mbay,näm :
French,"marade, copin",Mango,màd¸
French,"marade, copin",Ngambay,kúrä-mà® :
French,"marade, copin",Sar,màd¸
French,méléon,Bebote,‡-lƒyþ :
French,méléon,Bediondo,‡-l¸yðy
French,méléon,Daba,kƒyçy :
French,méléon,Gor,‡-l¬yþ
French,méléon,Gulay,lä-mïyóö
French,méléon,Kaba_Na,kí-…ügäßälä
French,méléon,Kaba,‡-lïyä-hôy :
French,méléon,Laka,‡-lïyä
French,méléon,Mbay,k‡-lºy :
French,méléon,Nar,l¬yð
French,méléon,Ngambay,líyä
French,méléon,Sar,l¬yº
French,méléon,Ngam,k‡-nòhóÿ :
French,nard,Bebote,ndä€ :
French,nard,Bediondo,ndäb‡
French,nard,Daba,ndäb :
French,nard,Gor,ndä€
French,nard,Gulay,ndäb‡ :
French,nard,Kaba_Na,ndäbá
French,nard,Kaba,‡-ndäb‡ :
French,nard,Laka,ndäb‡
French,nard,Mbay,ndäb‡ :
French,nard,Mango,ndäb‡
French,nard,Nar,ndäbá :
French,nard,Ngambay,ndäb‡
French,nard,Sar,ndäb‡
French,nari (pour la bière),Bebote,gÆ« :
French,nari (pour la bière),Kaba_Na,ßüyä
French,nari (pour la bière),Laka,dùrà :
French,nari (pour la bière),Mbay,gù« :
French,nari (pour la bière),Mango,gùm
French,ncère de la peau,Bebote,bày :
French,ncère de la peau,Bediondo,bày
French,ncère de la peau,Gor,bày :
French,ncère de la peau,Mbay,bày
French,ncère de la peau,Mango,bàsÕräng :
French,ncère de la peau,Ngambay,bàynä
French,nine,Mbay,s‡lé :
French,nine,Mango,kìyæ-ngäng¸
French,nine,Sar,sÕlë
French,nne de sucre,Bebote,kád¸ :
French,nne de sucre,Bediondo,rÆgë
French,nne de sucre,Daba,kôsí :
French,nne de sucre,Gor,kád¸ :
French,nne de sucre,Gulay,kád‡
French,nne de sucre,Kaba_Na,käkö :
French,nne de sucre,Kaba,‡-sƒyº
French,nne de sucre,Laka,‡-sƒyº :
French,nne de sucre,Mbay,kád‡
French,nne de sucre,Mango,kád¸ :
French,nne de sucre,Nar,kád¸
French,nne de sucre,Ngambay,règë
French,nne de sucre,Sar,kádÕ
French,nne de sucre,Ngam,gád‡ :
French,caracal,Bediondo,jæm :
French,caracal,Kaba_Na,jëmë
French,caracal,Laka,jëm :
French,caracal,Mbay,jäm :
French,caracal,Nar,jëm
French,caracal,Ngambay,jæm
French,casser,Bebote,tÆtÕ :
French,casser,Bediondo,tÆtÕ
French,casser,Daba,tèt :
French,casser,Gor,tÆtÕ :
French,casser,Gulay,tètÕ
French,casser,Kaba_Na,tàtè :
French,casser,Kaba,tètÕ
French,casser,Laka,ŽèdÕ :
French,casser,Mbay,tètÕ :
French,casser,Mango,tÆtÕ
French,casser,Nar,tètÕ :
French,casser,Ngambay,tÆdÕ
French,casser,Sar,tètÕ
French,"casser, rompre (fréq.)",Gulay,tújÉ :
French,"casser, rompre (fréq.)",Mbay,t‡jä
French,"casser, rompre (fréq.)",Mango,tíjæ :
French,"casser, rompre (fréq.)",Sar,t‡jä
French,causer à nuit,Kaba_Na,ndálë :
French,causer à nuit,Mbay,ndà£
French,causer à nuit,Sar,ndà£
French,"ce, cet (emphatique)",Bebote,lé :
French,"ce, cet (emphatique)",Daba,yó :
French,"ce, cet (emphatique)",Gulay,ngàá
French,"ce, cet (emphatique)",Laka,÷á :
French,"ce, cet (emphatique)",Mbay,yé :
French,"ce, cet (emphatique)",Mango,lé
French,"ce, cet (emphatique)",Nar,nÉ :
French,"ce, cet (emphatique)",Ngambay,lé
French,"ce, cet (emphatique)",Sar,ní
French,"ce, cet (emphatique)",Ngam,nò :
French,"ce, le",Bebote,kíµ :
French,"ce, le",Bediondo,dá :
French,"ce, le",Gor,k‡µ
French,"ce, le",Gulay,nè :
French,"ce, le",Kaba,nèÑ : Kul=rà
French,"ce, le",Mbay,"nò,nà :"
French,"ce, le",Mango,k‡µ
French,"ce, le",Nar,"Ñ-ndò,Ñ-nò :"
French,"ce, le",Ngambay,nè-lé :
French,"ce, le",Sar,ní
French,"ce, le",Ngam,ní
French,célibataire,Bebote,bùwÆ :
French,célibataire,Bediondo,bùwÆ
French,célibataire,Daba,kàb :
French,célibataire,Gor,bùwÆ :
French,célibataire,Gulay,sùwÆ
French,célibataire,Kaba_Na,mîdôî :
French,célibataire,Kaba,ngá-bùwà
French,célibataire,Laka,‡-ngàw-bà :
French,célibataire,Mbay,bÕwà
French,célibataire,Mango,ngábò :
French,célibataire,Nar,sùwÆ
French,célibataire,Ngambay,ngàw-bà
French,célibataire,Sar,sÕßà
French,célibataire,Ngam,sÕßà :
French,cendre,Bebote,bü :
French,cendre,Daba,bü :
French,cendre,Gor,bú
French,cendre,Gulay,bü :
French,cendre,Kaba_Na,ßükü :
French,cendre,Kaba,bü
French,cendre,Mbay,búu :
French,cendre,Mango,bü :
French,cendre,Nar,bü
French,cendre,Ngambay,bü :
French,cendre,Sar,bü
French,cendre,Ngam,bü :
French,cent,Bebote,ßú :
French,cent,Bediondo,ßú :
French,cent,Daba,ùgànà
French,cent,Gor,ßú :
French,cent,Gulay,àrü
French,cent,Kaba_Na,kóò-mùtá-bï-dîgî
French,cent,Kaba,dî-dîkÕ :
French,cent,Laka,tûl
French,Langues Sara,Mbay,ßúu :
French,Langues Sara,Mango,ßú :
French,Langues Sara,Nar,ßú
French,Langues Sara,Ngambay,tûl :
French,Langues Sara,Sar,ßú
French,Langues Sara,Ngam,ßú :
French,"centre, milieu",Bebote,dàn :
French,"centre, milieu",Bediondo,dàn :
French,"centre, milieu",Daba,dàn
French,"centre, milieu",Gor,dàn :
French,"centre, milieu",Gulay,dàn :
French,"centre, milieu",Kaba_Na,dànà
French,"centre, milieu",Kaba,dàn : Kul=dànà :
French,"centre, milieu",Laka,dàn
French,"centre, milieu",Mbay,dàn :
French,"centre, milieu",Mango,dàn :
French,"centre, milieu",Nar,dàn
French,"centre, milieu",Ngambay,dàn :
French,"centre, milieu",Sar,dàn
French,"centre, milieu",Ngam,dàn :
French,céphalophe à flancs roux,Bediondo,pàn :
French,céphalophe à flancs roux,Daba,pèn :
French,céphalophe à flancs roux,Laka,pàn
French,céphalophe à flancs roux,Mbay,pàn :
French,céphalophe à flancs roux,Mango,pàn :
French,céphalophe à flancs roux,Nar,pànà
French,céphalophe à flancs roux,Ngambay,pàn
French,cerémonie d'initiation,Bebote,ndò :
French,cerémonie d'initiation,Bediondo,ndò :
French,cerémonie d'initiation,Daba,ndò
French,cerémonie d'initiation,Gor,ndò :
French,cerémonie d'initiation,Gulay,ndò :
French,cerémonie d'initiation,Kaba,bÆ£
French,cerémonie d'initiation,Laka,láw :
French,cerémonie d'initiation,Mbay,ndòo :
French,cerémonie d'initiation,Mango,ndò
French,cerémonie d'initiation,Nar,ndò :
French,cerémonie d'initiation,Ngambay,láw :
French,cerémonie d'initiation,Sar,ndò
French,cicatrice,Bebote,ndäj‡ :
French,cicatrice,Bediondo,ndäj‡
French,cicatrice,Daba,njïjá :
French,cicatrice,Gor,‡-ndôjû
French,cicatrice,Gulay,ndüjÉ :
French,cicatrice,Kaba,ndäjí
French,cicatrice,Mbay,ndïjá :
French,cicatrice,Mango,ndäj‡
French,cicatrice,Nar,nd¸jÉ :
French,cicatrice,Ngambay,ndäjí
French,cicatrice,Sar,nd¸já
French,ciel,Bebote,dà-rä :
French,ciel,Bediondo,dî-rº
French,ciel,Daba,dîrä :
French,ciel,Gor,dî-rº
French,ciel,Gulay,dà-rº :
French,ciel,Kaba_Na,nî-yä
French,ciel,Kaba,dà-rä :
French,ciel,Laka,dàrä
French,ciel,Mbay,dà-rº½ :
French,ciel,Mango,dî-rº
French,ciel,Nar,dÆ-rº :
French,ciel,Ngambay,dàrä :
French,ciel,Sar,dî-Èº
French,ciel,Ngam,dîÈº
French,cigogne marabout,Gulay,lùbò :
French,cigogne marabout,Kaba_Na,…òbò
French,cigogne marabout,Mbay,lÕbò :
French,cigogne marabout,Mango,jùtÕ-màñ
French,cigogne marabout,Nar,lòbò
French,cinq,Bebote,mƒ :
French,cinq,Bediondo,mƒ :
French,cinq,Daba,mƒ
French,cinq,Gor,mƒ :
French,cinq,Gulay,mƒ :
French,cinq,Kaba_Na,mìí
French,cinq,Kaba,mƒ : Kul=mìí :
French,cinq,Laka,mƒ
French,cinq,Mbay,mƒ¿ :
French,cinq,Mango,mƒ :
French,cinq,Nar,mƒ
French,cinq,Ngambay,mƒ :
French,cinq,Sar,mƒ
French,cinq,Ngam,mí :
French,"cithare, harpe",Bebote,kèndè :
French,"cithare, harpe",Bediondo,kÆndè
French,"cithare, harpe",Daba,kùndè :
French,"cithare, harpe",Gor,kèndè
French,"cithare, harpe",Gulay,kúndú-jèÑg :
French,"cithare, harpe",Kaba,kîndè
French,"cithare, harpe",Mbay,kìndè :
French,"cithare, harpe",Mango,kèndè
French,"cithare, harpe",Nar,kèndè :
French,"cithare, harpe",Ngambay,kòndè
French,"cithare, harpe",Sar,kèndè
French,civette,Bebote,güjæ :
French,civette,Bediondo,güjæ
French,civette,Kaba_Na,jàmbá :
French,civette,Kaba,güjä c
French,civette,Laka,tÐw :
French,civette,Mbay,gïjä :
French,civette,Mango,güjæ
French,civette,Nar,g¸jæ
French,civette,Ngambay,njä-ßòng-dîgÕ
French,civette,Sar,g¸jä
French,clair : être; allumer c,Bebote,ùnj¸ :
French,clair : être; allumer c,Bediondo,ùnj¸
French,clair : être; allumer c,Gor,ùnj¸ :
French,clair : être; allumer c,Gulay,ùnjü :
French,clair : être; allumer c,Kaba_Na,òjï
French,clair : être; allumer c,Mbay,ùnj¸ :
French,clair : être; allumer c,Mango,ùnjü
French,clair : être; allumer c,Nar,ùnj¸ :
French,clair : être; allumer c,Ngambay,ìnjï :
French,clair : être; allumer c,Sar,ùnj¸
French,clair : être; allumer c,Ngam,wùnj¸
French,"clair, propre : être",Bebote,à® :
French,"clair, propre : être",Bediondo,àÿ :
French,"clair, propre : être",Daba,à®
French,"clair, propre : être",Gor,à® :
French,"clair, propre : être",Gulay,à® :
French,"clair, propre : être",Kaba_Na,ndìsï c
French,"clair, propre : être",Kaba,à® :
French,"clair, propre : être",Laka,à® :
French,"clair, propre : être",Mbay,à®
French,"clair, propre : être",Mango,à® :
French,"clair, propre : être",Ngambay,à®
French,clitoris,Bebote,kàñ :
French,clitoris,Bediondo,ng¸r
French,clitoris,Gulay,kàñ-ngïr :
French,clitoris,Kaba_Na,süú
French,clitoris,Kaba,ngïr :
French,clitoris,Mbay,ngïr c
French,clitoris,Ngambay,ngàw-kàñ :
French,clitoris,Sar,gÅ-ngïr
French,clôture en bois,Mbay,gòng :
French,clôture en bois,Mango,gàlì
French,clôture en bois,Sar,gòng
French,cob des roseaux,Bediondo,jà£ :
French,cob des roseaux,Kaba_Na,yàlö
French,cob des roseaux,Laka,jà£ :
French,cob des roseaux,Mbay,jà£ c
French,cob des roseaux,Mango,jà£ :
French,cob des roseaux,Ngambay,jà£ :
French,cob des roseaux,Sar,jà£
French,coeur,Bediondo,ßæng¸ræ :
French,coeur,Daba,wùr
French,coeur,Kaba_Na,bólì :
French,coeur,Laka,ßæng¸ræ
French,coeur,Mbay,k‡-ngön-bïr
French,coeur,Nar,kúj¸-mûs¸ :
French,coeur,Ngambay,ßængæræ c
French,colère,Bebote,öng¸ :
French,colère,Bediondo,öng¸
French,colère,Daba,höng :
French,colère,Gor,öng¸ :
French,colère,Gulay,wöng
French,colère,Kaba_Na,yöngö :
French,colère,Kaba,üngü
French,colère,Laka,wüngü :
French,colère,Mbay,wöng :
French,colère,Mango,wöng
French,colère,Nar,ßöng :
French,colère,Ngambay,wöng :
French,colère,Sar,wöng
French,colère,Ngam,wöng
French,coller c,Bebote,tƒyð :
French,coller c,Bediondo,t‡yð
French,coller c,Daba,tƒyº :
French,coller c,Gor,tƒyð :
French,coller c,Gulay,làb¸
French,coller c,Kaba_Na,tí…à :
French,coller c,Kaba,tƒyº
French,coller c,Laka,Žƒyº :
French,coller c,Mbay,tƒyª :
French,coller c,Mango,tƒyð
French,coller c,Nar,tƒyð :
French,coller c,Ngambay,tƒyº
French,coller c,Sar,tƒyº
French,"ller, se",Bebote,làÛ :
French,"ller, se",Gor,ànd¸
French,"ller, se",Gulay,làb¸ :
French,"ller, se",Kaba_Na,nàßä :
French,"ller, se",Mbay,làÛ
French,"ller, se",Mango,tƒyð :
French,"ller, se",Nar,läá :
French,"ller, se",Ngambay,làb¸
French,"ller, se",Sar,láä
French,mbien,Bebote,bàÑ :
French,mbien,Bediondo,bàÑ
French,mbien,Daba,ßî÷í :
French,mbien,Gor,bàÑ
French,mbien,Gulay,kándáng :
French,mbien,Kaba_Na,ndökú
French,mbien,Kaba,kánd‡ :
French,mbien,Laka,kánd‡
French,mbien,Mbay,b¼ý :
French,mbien,Mango,kándáng
French,mbien,Nar,kóndóng :
French,mbien,Ngambay,bàÑ :
French,mbien,Sar,kónóng
French,mbien,Ngam,b¼ý
French,mment?,Bebote,bàÑ :
French,mment?,Bediondo,bàÑ :
French,mment?,Daba,mbà
French,mment?,Gor,bàÑ :
French,mment?,Gulay,b¼ý
French,mment?,Kaba,tökú-bàÑ :
French,mment?,Laka,bàÑ
French,mment?,Mbay,b¼ý :
French,mment?,Mango,bàÑ :
French,mment?,Nar,b¼ý
French,mment?,Ngambay,bàÑ :
French,mment?,Sar,b¼ý
French,mpter,Bebote,t‡dæ :
French,mpter,Bediondo,t‡dæ
French,mpter,Gor,túdæ :
French,mpter,Gulay,tútÉ
French,mpter,Kaba_Na,tôjî :
French,mpter,Kaba,túrä
French,mpter,Laka,túrä :
French,mpter,Mbay,t‡dá :
French,mpter,Mango,tídæ
French,mpter,Nar,t‡dæ :
French,mpter,Ngambay,túrä
French,mpter,Sar,t‡dä
French,ncerner,Bebote,ùsÕ :
French,ncerner,Bediondo,ndÆt¸
French,ncerner,Daba,ndèt :
French,ncerner,Gor,lág¸ :
French,ncerner,Gulay,ùsü
French,ncerner,Laka,òsö :
French,ncerner,Mbay,"dùs¸,ndètÕ"
French,ncerner,Mango,ùsÕ :
French,ncerner,Nar,"ndètÕ, tèë"
French,ncerner,Ngambay,ùsü :
French,ncerner,Sar,ùsÕ
French,ncerner,Ngam,ùsÕ :
French,ncombre,Bebote,kòs‡ :
French,ncombre,Bediondo,‡-kòs‡
French,ncombre,Daba,kòs :
French,ncombre,Gor,kòs‡ :
French,ncombre,Gulay,kòs‡
French,ncombre,Kaba_Na,kòkï :
French,ncombre,Kaba,kùsú
French,ncombre,Laka,kòsö
French,ncombre,Mbay,kòs‡ :
French,ncombre,Mango,kòs‡
French,ncombre,Nar,kòs‡ :
French,ncombre,Ngambay,kòs‡
French,ncombre,Sar,kòs‡
French,nfier,Bebote,ßû :
French,nfier,Bediondo,ßû :
French,nfier,Mbay,ßûû
French,nfier,Ngam,ßûhû
French,confier un travail,Bebote,ndèë :
French,confier un travail,Bediondo,ndèë
French,confier un travail,Gor,ndóg¸ :
French,confier un travail,Gulay,ndŸþ
French,confier un travail,Laka,ndÆy :
French,confier un travail,Mbay,ndèë :
French,confier un travail,Mango,ndÆÿ
French,conseiller,Bebote,îjÕ :
French,conseiller,Daba,îj :
French,conseiller,Gor,îjÕ
French,conseiller,Kaba_Na,îyû :
French,conseiller,Kaba,tûj¸
French,conseiller,Laka,ndæjí :
French,conseiller,Mbay,îj¸ :
French,conseiller,Mango,îjÕ
French,conseiller,Nar,gôr‡yû :
French,conseiller,Ngambay,ndæjï
French,conseiller,Sar,îj¸
French,consoler; bercer; tromper,Bebote,gól :
French,consoler; bercer; tromper,Bediondo,gól
French,consoler; bercer; tromper,Gor,"gólö, gól :"
French,consoler; bercer; tromper,Gulay,gî®
French,consoler; bercer; tromper,Kaba,gôl :
French,consoler; bercer; tromper,Laka,gól :
French,consoler; bercer; tromper,Mbay,gó£
French,consoler; bercer; tromper,Mango,gôl :
French,consoler; bercer; tromper,Nar,gó£ :
French,consoler; bercer; tromper,Ngambay,gól :
French,consoler; bercer; tromper,Sar,gó£
French,consoler; bercer; tromper,Ngam,gó£
French,conte,Bebote,sú :
French,conte,Bediondo,‡-sú
French,conte,Daba,túdá-yª :
French,conte,Gor,sú :
French,conte,Gulay,sú
French,conte,Kaba_Na,jë :
French,conte,Kaba,sú :
French,conte,Laka,‡-sú
French,conte,Mbay,súu :
French,conte,Mango,tà-sú :
French,conte,Nar,sú
French,conte,Ngambay,sú :
French,conte,Sar,súü
French,convoiter,Bebote,nd¸ngæ :
French,convoiter,Bediondo,nd¸ngæ
French,convoiter,Gor,nd¸ngæ :
French,convoiter,Gulay,ndïngæ
French,convoiter,Kaba,njïngä :
French,convoiter,Laka,njïngä
French,convoiter,Mbay,ndïngä/ndïngë
French,convoiter,Mango,ndïngæ :
French,convoiter,Ngambay,ndïngä
French,convoiter,Sar,nd¸ngä
French,copain,Bebote,màd¸ :
French,copain,Bediondo,màd¸
French,copain,Gor,màd¸ :
French,copain,Gulay,màd¸
French,copain,Kaba,njè-mà® :
French,copain,Laka,kúrä-màr
French,copain,Mbay,màd¸ :
French,copain,Nar,màd¸
French,copain,Ngambay,mà® :
French,copain,Sar,màd
French,copain,Ngam,màd¸ :
French,coq,Bebote,kúnð :
French,coq,Bediondo,kúnæ
French,coq,Daba,kúná :
French,coq,Gor,kúnð :
French,coq,Gulay,kør
French,coq,Kaba_Na,kúyà :
French,coq,Kaba,kørº
French,coq,Laka,kørº :
French,coq,Mbay,k‡rª :
French,coq,Mango,kúnð
French,coq,Nar,k‡ræ-k¸njÉ :
French,coq,Ngambay,kørº :
French,coq,Sar,k‡Èà
French,coq,Ngam,k‡rá
French,"coquille, écaille, écorce",Bebote,ngôy :
French,"coquille, écaille, écorce",Bediondo,ngôy
French,"coquille, écaille, écorce",Daba,ngô :
French,"coquille, écaille, écorce",Gor,ngôy :
French,"coquille, écaille, écorce",Gulay,ngô
French,"coquille, écaille, écorce",Kaba,ngô :
French,"coquille, écaille, écorce",Laka,ngôy :
French,"coquille, écaille, écorce",Mbay,ngôô
French,Langues Sara,Nar,ngô :
French,Langues Sara,Ngambay,ngôy :
French,Langues Sara,Sar,ngôî
French,Langues Sara,Ngam,ngôhô
French,corbeau,Bebote,kªg¼ :
French,corbeau,Bediondo,kág¼º
French,corbeau,Gor,kágº :
French,corbeau,Gulay,g¼ª-gº
French,corbeau,Kaba_Na,káhä :
French,corbeau,Kaba,‡-g¼ª
French,corbeau,Laka,‡-g¼º :
French,corbeau,Mbay,kág¼ª
French,corbeau,Mango,gá-g¼ª :
French,corbeau,Nar,kó-gºª
French,corbeau,Ngambay,gágà :
French,corbeau,Sar,kªº
French,corbeau,Ngam,kªhª :
French,corde,Bebote,kùlæ :
French,corde,Bediondo,kùlæ
French,corde,Daba,kùlä :
French,corde,Gor,kùlæ :
French,corde,Gulay,kùlæ
French,corde,Kaba_Na,kùlä :
French,corde,Kaba,kùlä
French,corde,Laka,kùlä :
French,corde,Mbay,kÕlä :
French,corde,Mango,kùlæ
French,corde,Nar,kÕlæ :
French,corde,Ngambay,kùlä :
French,corde,Sar,kÕlä
French,corde,Ngam,kÕlä
French,corne,Bebote,gàjÕ :
French,corne,Bediondo,gàjÕ
French,corne,Daba,gàj :
French,corne,Gor,gàjÕ :
French,corne,Gulay,gàjÕ
French,corne,Kaba_Na,gàjà :
French,corne,Kaba,gàjì
French,corne,Laka,gàjì :
French,corne,Mbay,gàjÕ :
French,corne,Mango,gàjÕ
French,corne,Nar,gàjÕ :
French,corne,Ngambay,gàjì :
French,corne,Sar,gàjÕ
French,corne,Ngam,gàjÕ
French,corps,Bebote,rû :
French,corps,Bediondo,rû :
French,corps,Daba,dä-rû
French,corps,Gor,dä-rû :
French,corps,Gulay,rä :
French,corps,Kaba_Na,yû
French,corps,Kaba,rû : Kul=yû :
French,corps,Laka,dä-rû
French,corps,Mbay,rö :
French,corps,Mango,rû :
French,corps,Nar,rû
French,corps,Ngambay,dä-rû :
French,corps,Sar,Èû
French,corps,Ngam,Èö :
French,côté de : à,Bebote,kàdÕ :
French,côté de : à,Bediondo,kàdÕ
French,côté de : à,Gor,kàdÕ :
French,côté de : à,Gulay,kàdÕ
French,côté de : à,Kaba_Na,kàjò :
French,côté de : à,Kaba,kàr :
French,côté de : à,Laka,mbôr
French,côté de : à,Mbay,kàdÕ :
French,côté de : à,Mango,kàdÕ
French,côté de : à,Nar,kàdÕ :
French,côté de : à,Ngambay,kàr :
French,côté de : à,Sar,kàdÕ
French,côté de : à,Ngam,kàdÕ
French,"côté, poitrine",Bebote,kàdÕ :
French,"côté, poitrine",Daba,bò
French,"côté, poitrine",Gor,kàdÕ :
French,"côté, poitrine",Gulay,kàdÕ
French,"côté, poitrine",Kaba,bà-kàr : Kul=häjö
French,"côté, poitrine",Laka,kàr :
French,"côté, poitrine",Mbay,kàdÕ :
French,"côté, poitrine",Mango,kàdÕ
French,"côté, poitrine",Nar,kàdÕ :
French,"côté, poitrine",Ngambay,kàr :
French,"côté, poitrine",Sar,kàdÕ
French,"côté, poitrine",Ngam,kàdÕ
French,coton,Bebote,bøy :
French,coton,Bediondo,búy
French,coton,Gor,búy :
French,coton,Gulay,búy
French,coton,Kaba_Na,…àlw¨™ :
French,coton,Kaba,bƒ :
French,coton,Laka,bƒ c
French,coton,Mbay,bù• :
French,coton,Mango,búy :
French,coton,Nar,küb¸
French,coton,Ngambay,bƒ :
French,coton,Sar,küb¸
French,coton,Ngam,küb¸ :
French,cou; gorge,Bebote,m‡nd¸ :
French,cou; gorge,Bediondo,m‡nd¸
French,cou; gorge,Daba,kôb :
French,cou; gorge,Gor,mínd¸ :
French,cou; gorge,Gulay,kôb‡
French,cou; gorge,Kaba_Na,míndì :
French,cou; gorge,Kaba,gôs¸ c
French,cou; gorge,Laka,gôb¸
French,cou; gorge,Mbay,kôô :
French,cou; gorge,Mango,mínd¸ :
French,cou; gorge,Nar,kô
French,cou; gorge,Ngambay,"gôb¸,gôs¸"
French,cou; gorge,Sar,"kôî,míndÕ c"
French,cou; gorge,Ngam,kôß‡ :
French,couché : être,Bebote,tò :
French,couché : être,Bediondo,tò :
French,couché : être,Daba,tò
French,couché : être,Gor,tò :
French,couché : être,Gulay,tò :
French,couché : être,Kaba_Na,ndäy
French,couché : être,Kaba,tò :
French,couché : être,Laka,tò :
French,couché : être,Mbay,tò c
French,couché : être,Mango,tò :
French,couché : être,Nar,tò :
French,couché : être,Ngambay,tò :
French,couché : être,Sar,tò
French,couché : être,Ngam,tò
French,coude,Bebote,kàm-síl-jï :
French,coude,Bediondo,s‡l
French,coude,Daba,kíl-jï :
French,coude,Gor,kíl c
French,coude,Gulay,kíl-jï :
French,coude,Kaba,kÕ-kíl-jï
French,coude,Laka,kíl-jï :
French,coude,Mbay,kíl
French,coude,Mango,síl-jï :
French,coude,Nar,kíl
French,coude,Ngambay,kíl :
French,coude,Sar,kí¥
French,coudre,Bebote,ùü :
French,coudre,Bediondo,ùü :
French,coudre,Daba,ù®
French,coudre,Gor,ù® :
French,coudre,Gulay,ù® :
French,coudre,Kaba_Na,ùÿ
French,coudre,Kaba,ùrü :
French,coudre,Laka,ùrù :
French,coudre,Mbay,ù® c
French,coudre,Mango,ùü :
French,coudre,Nar,ù® :
French,coudre,Ngambay,ù® :
French,coudre,Sar,ùÊ
French,coudre,Ngam,ù®
French,couleurs; dessin; lignes,Bebote,ßál :
French,couleurs; dessin; lignes,Bediondo,ßál
French,couleurs; dessin; lignes,Daba,kú÷á :
French,couleurs; dessin; lignes,Gor,ßál :
French,couleurs; dessin; lignes,Gulay,ndäj‡
French,couleurs; dessin; lignes,Mbay,k‡rá :
French,couleurs; dessin; lignes,Mango,ndäj‡
French,couleurs; dessin; lignes,Nar,ßál :
French,couleurs; dessin; lignes,Ngambay,ndäjí :
French,couleurs; dessin; lignes,Sar,ßá¥ c
French,couleurs; dessin; lignes,Ngam,k‡÷á
French,couper,Bebote,ÕjÆ :
French,couper,Bediondo,ÕjÆ :
French,couper,Daba,ìjà
French,couper,Gor,ùjÆ :
French,couper,Gulay,ùjÆ :
French,couper,Kaba_Na,jàhà
French,couper,Kaba,ùjà :
French,couper,Laka,ùnjà :
French,couper,Mbay,jà
French,couper,Mango,ìjÆ :
French,couper,Nar,ÕjÆ :
French,couper,Ngambay,ùnjà :
French,couper,Sar,ìjà
French,couper,Ngam,Õjà
French,couper en morceaux (les os) c,Bediondo,jág¸ :
French,couper en morceaux (les os) c,Mbay,jág¸
French,couper en morceaux (les os) c,Mango,ják¸ :
French,couper en morceaux (les os) c,Sar,jéñg
French,"uper, hacher",Bebote,t‡gæ :
French,"uper, hacher",Bediondo,t‡gæ
French,"uper, hacher",Daba,túgá :
French,"uper, hacher",Gor,túgæ :
French,"uper, hacher",Kaba_Na,ùgà
French,"uper, hacher",Kaba,túkä :
French,"uper, hacher",Laka,túgä :
French,"uper, hacher",Mbay,gà
French,"uper, hacher",Mango,túgæ :
French,"uper, hacher",Nar,ÕgÆ :
French,"uper, hacher",Ngambay,túgä :
French,"uper, hacher",Sar,ìgà
French,"uper, hacher",Ngam,Õgà
French,"urber, plier",Bebote,ùd¸ :
French,"urber, plier",Gulay,bìndæ
French,"urber, plier",Mbay,bÕndä :
French,"urber, plier",Mango,rät‡
French,"urber, plier",Nar,bÕndæ :
French,"urber, plier",Sar,bÕndä
French,"urge non-comestible, esp.",Gor,‡-gòwÉr¸
French,"urge non-comestible, esp.",Laka,‡-gÆbÉræ :
French,"urge non-comestible, esp.",Mbay,gòwú®
French,"urge non-comestible, esp.",Mango,gæb‡ræ :
French,"urge non-comestible, esp.",Ngambay,gÆbÉræ
French,urgette : petite,Bebote,rüwæ :
French,urgette : petite,Bediondo,r¸bæ
French,urgette : petite,Daba,rïbû :
French,urgette : petite,Gor,rüwæ :
French,urgette : petite,Laka,rïyä
French,urgette : petite,Mbay,rüwä :
French,urgette : petite,Mango,rïbæ
French,urgette : petite,Ngambay,rïyä :
French,urgette : petite,Sar,È¸bä
French,urse; courir,Bebote,ngûd¸ :
French,urse; courir,Bediondo,ngûd¸
French,urse; courir,Daba,ngûd :
French,urse; courir,Gor,ngûd¸
French,urse; courir,Gulay,ngûd¸ :
French,urse; courir,Kaba,ngûr
French,urse; courir,Laka,ngûd¸ :
French,urse; courir,Mbay,ngûd¸
French,urse; courir,Mango,ngûd¸ :
French,urse; courir,Nar,ngûd¸
French,urse; courir,Ngambay,ngûd¸
French,urse; courir,Sar,ngûd¸
French,urse; courir,Ngam,ngûd¸ :
French,urt : être,Bebote,gîjÕ :
French,urt : être,Bediondo,gîjÕ
French,urt : être,Daba,gîj :
French,urt : être,Gor,gîjÕ :
French,urt : être,Gulay,gîjÕ
French,urt : être,Kaba_Na,ründü :
French,urt : être,Kaba,gîjÕ
French,urt : être,Laka,"gîjì,"
French,urt : être,Mbay,gîjÕ :
French,urt : être,Mango,gîjÕ
French,urt : être,Nar,gïnd¸ :
French,urt : être,Ngambay,gîjì :
French,urt : être,Sar,gïnd¸
French,urt : être,Ngam,gîjÕ
French,uteau,Bebote,kìyæ :
French,uteau,Bediondo,kÕyæ
French,uteau,Daba,kùyä :
French,uteau,Gor,kìyæ :
French,uteau,Gulay,kùyæ
French,uteau,Kaba_Na,kùyä :
French,uteau,Kaba,kìyä
French,uteau,Laka,kìyä :
French,uteau,Mbay,kìyä :
French,uteau,Mango,kìyæ
French,uteau,Nar,kìyæ :
French,uteau,Ngambay,kìyä
French,uteau,Sar,kìyä
French,uteau de jet,Bebote,m¡yð :
French,uteau de jet,Bediondo,"gîng¸rî,"
French,uteau de jet,Daba,m¡yº :
French,uteau de jet,Gor,m¡yð
French,uteau de jet,Gulay,m¡yð :
French,uteau de jet,Kaba_Na,bîkî
French,uteau de jet,Kaba,m¡yº :
French,uteau de jet,Laka,m¡yº
French,Français,Mbay,m¡yº :
French,Français,Mango,m¡yð
French,Français,Nar,m¡yð :
French,Français,Ngambay,ßám :
French,Français,Sar,m¡y
French,couvercle du grenier,Bediondo,kóbë-tà-dàm :
French,couvercle du grenier,Mbay,t‡ßö
French,couvercle du grenier,Mango,kób¸ :
French,couvercle du grenier,Nar,kóbö :
French,couvercle du grenier,Sar,kúb
French,"cracher; crache, salive",Bebote,tïw :
French,"cracher; crache, salive",Bediondo,t¸b¸
French,"cracher; crache, salive",Gor,t¸w :
French,"cracher; crache, salive",Gulay,tïb¸ :
French,"cracher; crache, salive",Kaba_Na,tïß
French,"cracher; crache, salive",Mbay,tïw :
French,"cracher; crache, salive",Ngambay,tïbï
French,"cracher; crache, salive",Sar,tïb¸
French,craindre; peur,Bebote,ßæ• :
French,craindre; peur,Bediondo,ßæ• :
French,craindre; peur,Daba,ßö•
French,craindre; peur,Gor,ßö• :
French,craindre; peur,Gulay,ßæ• :
French,craindre; peur,Kaba_Na,ßëlé
French,craindre; peur,Kaba,ßæ• :
French,craindre; peur,Laka,ßæ• :
French,craindre; peur,Mbay,ßö•
French,craindre; peur,Mango,ßæ• :
French,craindre; peur,Nar,ßö• :
French,craindre; peur,Ngambay,ßæ• :
French,craindre; peur,Sar,ßö•
French,craindre; peur,Ngam,ßö•
French,crapaud,Bebote,‡-ngàgÕ-dï :
French,crapaud,Bediondo,k¼º
French,crapaud,Daba,kà® :
French,crapaud,Gor,k¼ñ :
French,crapaud,Gulay,k¼rº
French,crapaud,Kaba_Na,kàä :
French,crapaud,Kaba,‡-ngìnºy
French,crapaud,Laka,‡-bòdórò :
French,crapaud,Mbay,k¼®
French,crapaud,Mango,ngÉbÆtrÆ
French,crapaud,Nar,k¼rº-bòtó
French,crapaud,Ngambay,ngír-bÆdÕrÆ
French,crapaud,Sar,k¼Èº
French,crapaud,Ngam,k¼Ê :
French,crépir,Gulay,tƒyÜ :
French,crépir,Laka,röng‡
French,crépir,Mbay,Å¢ :
French,crépir,Nar,lòng :
French,crépir,Sar,î
French,creuser,Bebote,ùr :
French,creuser,Bediondo,ndær :
French,creuser,Daba,ù÷
French,creuser,Gor,ùr :
French,creuser,Gulay,ndær :
French,creuser,Kaba_Na,òrì
French,creuser,Kaba,ùrù :
French,creuser,Mbay,ùr :
French,creuser,Mango,ùr
French,creuser,Nar,ndër :
French,creuser,Ngambay,ù
French,creuser,Sar,ndër
French,creuser,Ngam,ndër :
French,cri d'alarme des femmes,Gulay,úw-wíy :
French,cri d'alarme des femmes,Kaba_Na,ús
French,cri d'alarme des femmes,Mbay,wíy
French,crier,Bebote,nç :
French,crier,Daba,nç :
French,crier,Gor,nç
French,crier,Gulay,nç :
French,crier,Kaba_Na,tíï :
French,crier,Kaba,kï
French,crier,Laka,nç :
French,crier,Mbay,köo :
French,crier,Mango,"‡-küý,"
French,crier,Nar,nç :
French,crier,Ngambay,nç
French,crier,Sar,n¦
French,crinière,Bediondo,ßòlè :
French,crinière,Gor,wòlè
French,crinière,Gulay,wül :
French,crinière,Kaba_Na,bílì :
French,crinière,Laka,wòlè
French,Langues Sara,Mbay,wòl :
French,Langues Sara,Nar,ßòlò
French,Langues Sara,Ngambay,wòl :
French,Langues Sara,Sar,wòl
French,criquet dévastateur,Bediondo,‡-bÆt‡ :
French,criquet dévastateur,Gulay,k‡-bèté
French,criquet dévastateur,Laka,‡-bèdé :
French,criquet dévastateur,Mbay,k‡-bèt‡
French,criquet dévastateur,Mango,‡-bétë :
French,criquet dévastateur,Nar,gá-kërë
French,crocodile,Bebote,mà :
French,crocodile,Bediondo,"màrà,màrÕm"
French,crocodile,Daba,màr :
French,crocodile,Gor,màr :
French,crocodile,Gulay,màrà
French,crocodile,Kaba_Na,kí-ßàlè :
French,crocodile,Kaba,màr
French,crocodile,Laka,màr :
French,crocodile,Mbay,màr :
French,crocodile,Mango,mà
French,crocodile,Ngambay,màr :
French,crocodile,Sar,màÈ
French,croquer,Bebote,ngÆ :
French,croquer,Gor,ngòr
French,croquer,Gulay,kîk‡£ :
French,croquer,Mbay,ngòr :
French,croquer,Mango,ngÆ
French,croquer,Nar,ngòrò :
French,croquer,Ngambay,ngÆr :
French,croquer,Sar,ngòÈ
French,croquer,Ngam,ngòr
French,cuire,Bebote,ndïr :
French,cuire,Bediondo,ndäá
French,cuire,Daba,njïr :
French,cuire,Gor,ndïr :
French,cuire,Gulay,ndïr
French,cuire,Kaba_Na,ndèrì :
French,cuire,Kaba,njïrï
French,cuire,Laka,nïr :
French,cuire,Mbay,ndïr
French,cuire,Mango,ndïr :
French,cuire,Nar,ndïr
French,cuire,Ngambay,ndïr
French,cuire,Sar,ndïr
French,cuire,Ngam,ndïr :
French,cuire [la sauce longue],Bebote,kú£ :
French,cuire [la sauce longue],Bediondo,kúl :
French,cuire [la sauce longue],Daba,kú£
French,cuire [la sauce longue],Gor,kúl :
French,cuire [la sauce longue],Gulay,kúl :
French,cuire [la sauce longue],Kaba,kúl
French,cuire [la sauce longue],Laka,kúl :
French,cuire [la sauce longue],Mbay,kú£ :
French,cuire [la sauce longue],Mango,kúl
French,cuire [la sauce longue],Nar,kúl :
French,cuire [la sauce longue],Ngambay,kúl :
French,cuire [la sauce longue],Sar,kú£
French,cuisine,Mbay,gàr :
French,cuisine,Mango,kÉy-pàkÕ
French,cuisine,Nar,gàrà :
French,cuisine,Sar,gàr
French,cuisse,Bebote,bÕng¸ :
French,cuisse,Bediondo,bÕng¸
French,cuisse,Daba,ßäng :
French,cuisse,Gor,bìng¸
French,cuisse,Gulay,bìñg :
French,cuisse,Kaba_Na,bòlì
French,cuisse,Kaba,bìñg :
French,cuisse,Laka,bìngì
French,cuisse,Mbay,bìñg :
French,cuisse,Mango,bìñg
French,cuisse,Nar,búr :
French,cuisse,Ngambay,bìñg :
French,cuisse,Sar,ßú°
French,cuisse,Ngam,bìng¸
French,"cuit, à point : être",Bebote,Æd¸ :
French,"cuit, à point : être",Bediondo,Õd¸ :
French,"cuit, à point : être",Daba,èd
French,"cuit, à point : être",Gor,Æd¸ :
French,"cuit, à point : être",Gulay,ìd¸ :
French,"cuit, à point : être",Kaba_Na,kéjï
French,"cuit, à point : être",Kaba,Æ® :
French,"cuit, à point : être",Laka,Æ® :
French,"cuit, à point : être",Mbay,èd¸
French,"cuit, à point : être",Mango,ìd¸ :
French,"cuit, à point : être",Nar,ìd¸ :
French,"cuit, à point : être",Ngambay,Æ®
French,"cuit, à point : être",Sar,ìd¸
French,cultiver c,Bebote,ndîû :
French,cultiver c,Bediondo,ndî®
French,cultiver c,Daba,ndîû :
French,cultiver c,Gor,ndîû :
French,cultiver c,Gulay,ndî®
French,cultiver c,Kaba_Na,njàkä :
French,cultiver c,Kaba,ndîû
French,cultiver c,Laka,ndî
French,cultiver c,Mbay,ndîû :
French,cultiver c,Mango,ndî®
French,cultiver c,Nar,ndî® :
French,cultiver c,Ngambay,ndîû :
French,cultiver c,Sar,ndî®
French,cultiver c,Ngam,ndî® c
French,cynocéphale,Bebote,màdÕ :
French,cynocéphale,Bediondo,màdÕ
French,cynocéphale,Daba,màd :
French,cynocéphale,Gor,màdÕ
French,cynocéphale,Gulay,ßÆt¸-màdÕr :
French,cynocéphale,Kaba_Na,màdà
French,cynocéphale,Kaba,bàngÕràng :
French,cynocéphale,Laka,bàngÕr¼ c
French,cynocéphale,Mbay,màdÕ :
French,cynocéphale,Mango,màdÕ
French,cynocéphale,Nar,màdÕ :
French,cynocéphale,Ngambay,bàngÕlà
French,cynocéphale,Sar,màdÕ
French,chacal,Bebote,tà£ :
French,chacal,Bediondo,tà£ :
French,chacal,Gulay,tà£
French,chacal,Kaba_Na,tà£-bòó :
French,chacal,Laka,tà£ c
French,chacal,Mbay,tà£ :
French,chacal,Mango,tà£ :
French,chacal,Ngambay,tà£
French,chacal,Sar,tà£
French,chameau c,Bebote,jámbàl :
French,chameau c,Bediondo,jámbàl
French,chameau c,Daba,jámàl :
French,chameau c,Gor,jámbàl
French,chameau c,Gulay,lùgÕm¼ :
French,chameau c,Kaba_Na,jámàlà c
French,chameau c,Kaba,jámbàl :
French,chameau c,Laka,jámbàl
French,chameau c,Mbay,jámbàl :
French,chameau c,Mango,jámbàl
French,chameau c,Nar,jámbàl :
French,chameau c,Ngambay,jámbàl :
French,chameau c,Sar,jámbàl
French,chameau c,Ngam,jámbàl
French,champ,Bebote,"kÕlÆ, ndîû"
French,champ,Daba,kèm-ndîû :
French,champ,Gor,"mŸ-ndîû, c"
French,champ,Gulay,kèm-kö
French,champ,Kaba,"tà-ndîû,ndîû : Kul=màgì"
French,champ,Laka,ndî :
French,champ,Mbay,kûr :
French,champ,Mango,ndî®
French,champ,Ngambay,ndîû
French,champ,Sar,ndî®
French,champ,Ngam,bèmbÕ :
French,champ en jachère,Laka,dàl¸m :
French,champ en jachère,Mbay,gáw c
French,champ en jachère,Mango,b¼y-lò
French,champignon,Bebote,ßòyò :
French,champignon,Bediondo,ßòyò
French,champignon,Daba,ßè :
French,champignon,Gor,ßòyò :
French,champignon,Gulay,ßòyò
French,champignon,Kaba_Na,mböw :
French,champignon,Kaba,ßè :
French,champignon,Laka,ßè c
French,champignon,Mbay,ßèe :
French,champignon,Mango,ßòyò
French,champignon,Nar,ßòyò :
French,champignon,Ngambay,ßòyò
French,champignon,Sar,ßèyè
French,"anson, chant",Bebote,pä :
French,"anson, chant",Bediondo,pä :
French,"anson, chant",Daba,pä
French,"anson, chant",Gor,pä :
French,"anson, chant",Gulay,pä :
French,"anson, chant",Kaba_Na,lä
French,"anson, chant",Kaba,pä :
French,"anson, chant",Laka,pä :
French,"anson, chant",Mbay,päa
French,"anson, chant",Mango,pä :
French,"anson, chant",Nar,pä :
French,"anson, chant",Ngambay,pä :
French,"anson, chant",Sar,pä
French,"anson, chant",Ngam,pä
French,arbon,Bebote,kúl :
French,arbon,Bediondo,kúl :
French,arbon,Daba,kúl
French,arbon,Gor,kúl :
French,arbon,Gulay,kúl :
French,arbon,Kaba_Na,kúlù
French,arbon,Kaba,kúl :
French,arbon,Laka,kúlü :
French,arbon,Mbay,kúl
French,arbon,Mango,kúl :
French,arbon,Nar,kúl :
French,arbon,Ngambay,kúlü :
French,arbon,Sar,kúl
French,arbon,Ngam,kúl
French,arognard,Bebote,mäl :
French,arognard,Bediondo,mäl :
French,arognard,Daba,mäl
French,arognard,Gor,mäl :
French,arognard,Gulay,mäl :
French,arognard,Kaba,mäl
French,arognard,Laka,mäl :
French,arognard,Mbay,mäl :
French,arognard,Mango,mäl
French,arognard,Nar,mäl :
French,arognard,Ngambay,mäl
French,arognard,Sar,mäl
French,arognard,Ngam,mäl :
French,asse; dieu de la chasse,Bebote,ndÅ :
French,asse; dieu de la chasse,Mbay,kôl :
French,asse; dieu de la chasse,Mango,ndÅ
French,asse; dieu de la chasse,Ngambay,ndÅ
French,asser dehors,Mbay,sôk¸ :
French,asser dehors,Mango,sùk¸
French,asser dehors,Sar,sôk¸
French,at,Bebote,bàtú :
French,at,Bediondo,bàtú
French,at,Gor,bàtú :
French,at,Gulay,bàtú
French,at,Kaba_Na,ndàÛ :
French,at,Kaba,bàtú
French,at,Laka,bàtú :
French,at,Mbay,bàtú :
French,at,Mango,bàtú
French,at,Nar,bàtú :
French,at,Ngambay,bàtú :
French,at,Sar,mÕlà
French,at,Ngam,mÕlà-kèm-ßëé
French,at sauvage,Bebote,mÕlÆ :
French,at sauvage,Bediondo,mÕlÆ
French,at sauvage,Daba,mùlà :
French,at sauvage,Gor,mÕlÆ :
French,at sauvage,Gulay,mùlÆ
French,at sauvage,Kaba_Na,mùlà :
French,at sauvage,Kaba,mùlà
French,at sauvage,Laka,mùlà :
French,at sauvage,Mbay,mùlà :
French,at sauvage,Mango,mùlÆ
French,at sauvage,Nar,mÕlÆ-k‡-wàá :
French,at sauvage,Ngambay,mùlà :
French,at sauvage,Sar,mÕlà-bèm
French,at sauvage,Ngam,mÕlà
French,atouiller,Bediondo,kÕ© :
French,atouiller,Gulay,gèt¸
French,atouiller,Kaba_Na,kátï :
French,atouiller,Laka,ngÜrð
French,atouiller,Mbay,kítë :
French,atouiller,Nar,kët‡
French,atouiller,Ngambay,gídï
French,aud : être,Bebote,t‡ngæ :
French,aud : être,Bediondo,"tÕngæ,"
French,aud : être,Daba,tíngä
French,aud : être,Gor,n‡ngæ :
French,aud : être,Gulay,tùngæ
French,Français,Kaba,túngä :
French,Français,Laka,nùngä
French,Français,Mbay,tíngä :
French,Français,Mango,túngæ
French,Français,Nar,t‡ngæ :
French,Français,Ngambay,túngä :
French,Français,Sar,tÕngä
French,Français,Ngam,t‡ngä
French,chauffer la base d'un arb,Bebote,îÛ :
French,chauffer la base d'un arb,Bediondo,îb¸ :
French,chauffer la base d'un arb,Gulay,îb¸
French,chauffer la base d'un arb,Kaba_Na,îßû :
French,chauffer la base d'un arb,Laka,îb¸ :
French,chauffer la base d'un arb,Mbay,îÛ
French,chauffer la base d'un arb,Mango,îb¸ :
French,chauffer la base d'un arb,Nar,îb¸ :
French,chauffer la base d'un arb,Ngambay,îb¸
French,chauffer la base d'un arb,Sar,îÛ
French,chaussure,Bebote,sä :
French,chaussure,Bediondo,sä :
French,chaussure,Daba,pörö
French,chaussure,Gor,sä :
French,chaussure,Gulay,sä :
French,chaussure,Kaba_Na,säkä
French,chaussure,Kaba,sä :
French,chaussure,Laka,sàbîgî :
French,chaussure,Mbay,säa
French,chaussure,Mango,säbä :
French,chaussure,Nar,sä :
French,chaussure,Ngambay,màrkóbÕ :
French,chaussure,Sar,sä
French,chaussure,Ngam,tärä
French,chauve : être,Bebote,ngî :
French,chauve : être,Gor,ngî
French,chauve : être,Gulay,ngî :
French,chauve : être,Mbay,ngîî :
French,chauve : être,Mango,î®
French,chauve : être,Nar,ngî :
French,chauve : être,Ngambay,ngî :
French,chauve : être,Sar,ngî
French,chauve-souris de maison,Gulay,ngîkÕr :
French,chauve-souris de maison,Laka,dö-kÜw
French,chauve-souris de maison,Mbay,ngîkÕr :
French,chauve-souris de maison,Nar,k‡-ngîkÕr
French,chauve-souris de maison,Ngambay,dî-lò
French,"chauve-souris, esp. de",Bebote,döw :
French,"chauve-souris, esp. de",Bediondo,dö :
French,"chauve-souris, esp. de",Daba,döw
French,"chauve-souris, esp. de",Gor,döw :
French,"chauve-souris, esp. de",Gulay,dö :
French,"chauve-souris, esp. de",Kaba_Na,dòngì
French,"chauve-souris, esp. de",Kaba,döw :
French,"chauve-souris, esp. de",Mbay,döw :
French,"chauve-souris, esp. de",Mango,dö
French,"chauve-souris, esp. de",Nar,döw :
French,"chauve-souris, esp. de",Ngambay,dö
French,"chauve-souris, esp. de",Sar,döw
French,"chauve-souris, esp. de",Ngam,döw :
French,chavirer,Bebote,ndùÿ :
French,chavirer,Bediondo,ndùÿ
French,chavirer,Gor,dów :
French,chavirer,Gulay,ndùÿ :
French,chavirer,Kaba,jï
French,chavirer,Laka,ndùÿ :
French,chavirer,Mbay,ndùy :
French,chavirer,Ngambay,ndì
French,chef,Bebote,ngä± :
French,chef,Bediondo,ngä±
French,chef,Daba,màwkùnjè :
French,chef,Gor,ngä±
French,chef,Gulay,ngä± :
French,chef,Kaba_Na,kông™
French,chef,Kaba,mbáy : Kul=kông™
French,chef,Laka,mbáy :
French,chef,Mbay,ngä± :
French,chef,Mango,ngä±
French,chef,Nar,ngä± :
French,chef,Ngambay,mbàng :
French,chef,Sar,ngä°
French,chef,Ngam,ngä±
French,chenille (sans poils),Bebote,tàÛ :
French,chenille (sans poils),Bediondo,tàÛ :
French,chenille (sans poils),Daba,tàÛ
French,chenille (sans poils),Gor,tàÛ :
French,chenille (sans poils),Gulay,tàÛ :
French,chenille (sans poils),Kaba,tàÛ
French,chenille (sans poils),Laka,tàÛ :
French,chenille (sans poils),Mbay,tàÛ :
French,chenille (sans poils),Mango,tîÛ
French,chenille (sans poils),Nar,tàä :
French,chenille (sans poils),Ngambay,tàÛ :
French,chenille (sans poils),Sar,tàÛ
French,chenille poilue,Bebote,‡-läálä :
French,chenille poilue,Gor,njúwæ
French,chenille poilue,Gulay,njíb‡ :
French,chenille poilue,Laka,bálè÷é
French,chenille poilue,Mbay,njúwá :
French,chenille poilue,Nar,nj‡bæ
French,chenille poilue,Ngambay,lág‡-làä :
French,chenille poilue,Sar,nj‡bä
French,chercher,Bebote,sáng¸ :
French,chercher,Bediondo,sä
French,chercher,Daba,sáä :
French,chercher,Gor,sáng¸ :
French,chercher,Gulay,sáng
French,chercher,Kaba_Na,sélë :
French,chercher,Kaba,sáñg
French,chercher,Laka,sáng¸ :
French,chercher,Mbay,sáñg :
French,chercher,Mango,sáñg
French,chercher,Nar,sä :
French,chercher,Ngambay,sä
French,chercher,Sar,sä
French,chercher,Ngam,sä :
French,cheval,Bebote,s‡ndæ :
French,cheval,Bediondo,s‡ndæ
French,cheval,Daba,súndá :
French,cheval,Gor,s‡ndæ
French,cheval,Gulay,síndæ :
French,cheval,Kaba_Na,kúndä
French,cheval,Kaba,súndä : Kul=súndä
French,cheval,Laka,kúndä :
French,cheval,Mbay,síndá
French,cheval,Mango,síndæ :
French,cheval,Nar,s‡ndæ
French,cheval,Ngambay,kúndä
French,cheval,Sar,s‡ndà
French,cheval,Ngam,s‡ndà :
French,cheveux,Bebote,bìs¸-dî :
French,cheveux,Bediondo,bÕs¸-dî
French,cheveux,Daba,b¡¬-dî :
French,cheveux,Gor,b¡¬-dî
French,cheveux,Gulay,b¡¬-dÆ :
French,cheveux,Kaba_Na,ngîû
French,cheveux,Kaba,b¡¬-dî :
French,cheveux,Laka,b¡-dî
French,cheveux,Mbay,bìs¸-dî :
French,cheveux,Mango,bÆ£-dî
French,cheveux,Nar,yìngà-dî :
French,cheveux,Ngambay,yìngà
French,cheveux,Sar,nÕngà
French,cheville,Bediondo,kúkÕlú-njà
French,cheville,Kaba_Na,àlè-säkä
French,cheville,Laka,dî-kàw-künjá
French,cheville,Mbay,kù®-kôô-njà
French,"chèvre, cabri",Bebote,b¬yð :
French,"chèvre, cabri",Bediondo,b¸yð
French,"chèvre, cabri",Daba,b¬yº :
French,"chèvre, cabri",Gor,b¬yð :
French,"chèvre, cabri",Gulay,b¬yð
French,"chèvre, cabri",Kaba,b¬yº : Kul=vï…ä
French,"chèvre, cabri",Laka,b¬yº :
French,"chèvre, cabri",Mbay,b¬yº :
French,"chèvre, cabri",Mango,b¬yð
French,"chèvre, cabri",Nar,b¬yð :
French,"chèvre, cabri",Ngambay,b¬yº :
French,"chèvre, cabri",Sar,b¬yº
French,"chèvre, cabri",Ngam,b¬yº
French,chicotte,Bebote,àbÕlày :
French,chicotte,Bediondo,àbÕlày
French,chicotte,Gulay,ndÏy :
French,chicotte,Mbay,àbÕlày
French,chicotte,Mango,ndÉy :
French,chicotte,Ngambay,ndÉy
French,chicotte,Bebote,ndÉy :
French,chicotte,Bediondo,ndÉy
French,chicotte,Daba,ndéy :
French,chicotte,Laka,ndÉy :
French,chicotte,Mbay,ndée
French,chicotte,Ngambay,ndÉy :
French,chicotte,Sar,ndéØ
French,chien d,Bebote,bús¸ :
French,chien d,Bediondo,b‡s¸
French,chien d,Daba,bís :
French,chien d,Gor,bús¸ :
French,chien d,Gulay,bís‡
French,chien d,Kaba_Na,bísì :
French,chien d,Kaba,bísï
French,chien d,Laka,bísï
French,chien d,Mbay,bís‡ :
French,chien d,Mango,bís¸
French,chien d,Nar,bís¸ :
French,chien d,Ngambay,bísï :
French,chien d,Sar,bísÕ
French,chien d,Ngam,bís‡ d
French,chiffon sur la tête,Gulay,ngÆæ :
French,chiffon sur la tête,Mbay,ngòö
French,chiffon sur la tête,Mango,ngÆæ :
French,chiffon sur la tête,Sar,ngòö
French,choisir,Bebote,mbÉt¸ :
French,choisir,Bediondo,mbÉt¸
French,choisir,Gor,mbát¸ :
French,choisir,Gulay,mbÉr d
French,choisir,Kaba_Na,héë :
French,choisir,Kaba,mbÉr¸
French,choisir,Laka,mbÉr¸ :
French,choisir,Mbay,mbéd¸
French,choisir,Mango,mbÉt¸ :
French,choisir,Ngambay,mbÉ®
French,choisir,Sar,g¸rä
French,chose,Bebote,nÏ :
French,chose,Bediondo,nÏ :
French,chose,Daba,yª
French,chose,Gor,yª :
French,chose,Gulay,yª : Kul=námü d
French,chose,Laka,né :
French,chose,Mbay,yª½ :
French,chose,Mango,né
French,chose,Nar,yª :
French,chose,Ngambay,né
French,chose,Sar,yª¼
French,chose,Ngam,yª :
French,chose dégoutant,Daba,yè÷ :
French,chose dégoutant,Laka,yŸ« :
French,chose dégoutant,Mbay,yèr
French,chose dégoutant,Mango,yŸ :
French,chose dégoutant,Ngambay,yŸr
French,d'abord d,Bebote,täá :
French,d'abord d,Bediondo,täá
French,d'abord d,Daba,kém-tä :
French,d'abord d,Gor,täá :
French,d'abord d,Gulay,täá
French,d'abord d,Kaba,ßá :
French,d'abord d,Mbay,tºª :
French,d'abord d,Mango,ßäá
French,d'abord d,Nar,pá-tä :
French,d'abord d,Ngambay,ßá
French,d'abord d,Sar,"tá,pá-tä"
French,d'abord d,Ngam,tºª :
French,dans d,Bebote,mŸ :
French,dans d,Bediondo,mŸþ :
French,dans d,Daba,kèm
French,dans d,Gor,mŸ :
French,dans d,Gulay,kèm :
French,dans d,Kaba_Na,kàm
French,dans d,Kaba,mŸ : Kul=hàm :
French,dans d,Laka,mÐ
French,dans d,Mbay,kàm :
French,dans d,Mango,mŸþ :
French,dans d,Nar,kàm
French,dans d,Ngambay,mŸ :
French,dans d,Sar,kèm
French,dans d,Ngam,kèm :
French,danser,Bebote,lÆ :
French,danser,Bediondo,lÆ :
French,danser,Daba,lò
French,danser,Gor,lÆ :
French,danser,Gulay,lÆ :
French,danser,Kaba_Na,njíkï :
French,danser,Kaba,lÆ
French,danser,Laka,nÆ :
French,danser,Mbay,lò :
French,danser,Mango,lÆ
French,danser,Nar,yä :
French,danser,Ngambay,lÆ
French,danser,Sar,yä
French,danser,Ngam,yº :
French,chirer,Bebote,tï© :
French,chirer,Bediondo,t¸•
French,chirer,Gor,tï• :
French,chirer,Gulay,tíl :
French,chirer,Kaba_Na,tähä
French,chirer,Kaba,tï© : Kul=ndïlï :
French,chirer,Laka,Žï•
French,chirer,Mbay,tï• :
French,chirer,Mango,tï• :
French,chirer,Nar,tï•
French,chirer,Ngambay,tï•
French,chirer,Sar,È¬yº
French,chirer,Ngam,"tï•,njàr :"
French,dans,Bebote,tït‡ :
French,dans,Bediondo,"t¸t‡,t¸t‡"
French,dans,Daba,tïtí :
French,dans,Gor,mŸ-t‡
French,dans,Gulay,tütú :
French,dans,Kaba,kÆt‡ :
French,dans,Laka,kÆné
French,dans,Mbay,tït‡ :
French,dans,Mango,tït‡
French,dans,Nar,tüt‡ :
French,dans,Ngambay,dàn-g‡ :
French,dans,Sar,tüt‡
French,dans,Ngam,tæ-t‡
French,hors,Bebote,tágá :
French,hors,Bediondo,ndágá
French,hors,Daba,tégë :
French,hors,Gor,tágá :
French,hors,Gulay,nàtá
French,hors,Kaba_Na,gàsï :
French,hors,Kaba,räká
French,hors,Laka,÷ágá :
French,hors,Mbay,t‡gá :
French,hors,Mango,ndát‡
French,hors,Nar,ndá :
French,hors,Ngambay,÷ágá :
French,hors,Sar,ndágá
French,hors,Ngam,nètèé
French,jà,Bebote,ngàä :
French,jà,Bediondo,ßá
French,jà,Gor,"wòy, ngàä :"
French,jà,Gulay,ßá
French,jà,Mbay,wòy :
French,jà,Mango,ngàä
French,jà,Nar,kûô :
French,jà,Ngambay,mbª :
French,jà,Sar,"ßá,"
French,main,Bebote,lò-tï :
French,main,Bediondo,lò-tï
French,main,Daba,lòtï :
French,main,Gor,lòtï :
French,main,Gulay,bàrè
French,main,Kaba_Na,yû-bìï :
French,main,Kaba,bàrá
French,main,Laka,bàrà
French,main,Mbay,lòo-tïi :
French,main,Mango,"bòrè,bèrè"
French,main,Nar,bíní :
French,main,Ngambay,bèrè :
French,main,Sar,bíÈí
French,main,Ngam,lòtïhï
French,mander l'argent emprunté,Bebote,ßäng¸ :
French,mander l'argent emprunté,Gor,ßäng¸
French,mander l'argent emprunté,Gulay,ßäng :
French,mander l'argent emprunté,Laka,ßäng¸
French,mander l'argent emprunté,Mbay,ßäng
French,"demander, poser (question)",Bebote,dÆjÕ :
French,"demander, poser (question)",Bediondo,dÆjÕ
French,"demander, poser (question)",Daba,njìjò :
French,"demander, poser (question)",Gor,dÆjÕ
French,"demander, poser (question)",Gulay,dÆjÕ :
French,"demander, poser (question)",Kaba_Na,jìrè
French,"demander, poser (question)",Kaba,ndùjù : Kul=jí÷yö
French,"demander, poser (question)",Laka,dÆjì :
French,"demander, poser (question)",Mbay,ndìjè :
French,"demander, poser (question)",Mango,dÆj
French,"demander, poser (question)",Nar,dèjè :
French,"demander, poser (question)",Ngambay,dÆjì :
French,"demander, poser (question)",Sar,dÕjè
French,"demander, poser (question)",Ngam,ndÕjè
French,démanger,Bebote,ndÅç :
French,démanger,Bediondo,ndÅç
French,démanger,Daba,ndÅç :
French,démanger,Gor,ndÅç
French,démanger,Kaba_Na,njù…ü :
French,démanger,Kaba,ndÅç
French,démanger,Laka,ndÅç :
French,démanger,Mbay,ndÅç :
French,démanger,Mango,ndÅç
French,démanger,Nar,ndÅç :
French,démanger,Ngambay,ndÅç
French,démanger,Sar,ndÅç
French,démener; arracher,Bebote,näg‡ :
French,démener; arracher,Bediondo,näg‡
French,démener; arracher,Laka,när :
French,démener; arracher,Mbay,när :
French,démener; arracher,Mango,nàr
French,démener; arracher,Ngambay,när
French,dents,Bebote,ngäng¸ :
French,dents,Bediondo,ngäng¸
French,dents,Daba,ngäng :
French,dents,Gor,ngäng¸
French,dents,Gulay,gîgÕ :
French,dents,Kaba_Na,ngängä
French,dents,Kaba,ngäng :
French,dents,Laka,ngäng¸
French,dents,Mbay,ngäng :
French,dents,Mango,ngäng
French,dents,Nar,ngäng :
French,dents,Ngambay,ngäng :
French,dents,Sar,ngäng
French,dents,Ngam,ngäng
French,dépasser,Bebote,tîÿ :
French,dépasser,Bediondo,Õtæ :
French,dépasser,Daba,tîÿ
French,dépasser,Gor,tîÿ :
French,dépasser,Gulay,dù« :
French,dépasser,Kaba_Na,sàÛ
French,dépasser,Kaba,ùtä :
French,dépasser,Laka,dù«
French,dépasser,Mbay,"dù«,tîÿ :"
French,dépasser,Mango,tîÿ
French,dépasser,Nar,"tîÿ,dù« :"
French,dépasser,Ngambay,tîÿ :
French,dépasser,Sar,tîÿ
French,dépasser,Ngam,tîÿ
French,"déplacer, se",Bebote,îtÕ :
French,"déplacer, se",Gor,îtÕ
French,"déplacer, se",Gulay,ndôt‡ :
French,"déplacer, se",Kaba_Na,yáÿ
French,"déplacer, se",Kaba,ngÉs¸ :
French,"déplacer, se",Laka,"îdÕ,ngés¸"
French,"déplacer, se",Mbay,ndôt¸ :
French,"déplacer, se",Mango,tó :
French,"déplacer, se",Nar,îtÕ
French,"déplacer, se",Ngambay,îdÕ
French,"déplacer, se",Sar,ndôt¸
French,"déplacer, se",Ngam,ndôt¸ :
French,déplumer,Bebote,tûr :
French,déplumer,Bediondo,tûr :
French,déplumer,Daba,tô®
French,déplumer,Gor,tôr :
French,déplumer,Gulay,tôr :
French,déplumer,Kaba,tûr
French,déplumer,Mbay,rètÕ :
French,déplumer,Mango,tôr :
French,déplumer,Nar,róy
French,déplumer,Ngambay,tûr
French,déplumer,Ngam,rét¸ :
French,déranger,Bebote,jûg¸ :
French,déranger,Bediondo,nj‡bæ
French,déranger,Daba,jéë :
French,déranger,Gor,tápá :
French,déranger,Gulay,ndîjÕ
French,déranger,Kaba,jûkü :
French,déranger,Laka,jûg¸
French,déranger,Mbay,"nj‡ßä,táp¸ :"
French,déranger,Mango,jûg¸
French,déranger,Nar,nj‡bæ :
French,déranger,Ngambay,táb¸ :
French,déranger,Sar,nj‡ßä
French,déranger,Ngam,nj‡ßä
French,derrière,Bebote,gìdÕ :
French,derrière,Bediondo,gÕdÕ
French,derrière,Daba,gìd :
French,derrière,Gor,gìdÕ :
French,derrière,Gulay,gìdÕ
French,derrière,Kaba_Na,gû :
French,derrière,Kaba,gìr :
French,derrière,Laka,gìr
French,derrière,Mbay,gìdÕ :
French,derrière,Mango,gìdÕ
French,derrière,Nar,gìdÕ :
French,derrière,Ngambay,gìr :
French,derrière,Sar,gìdÕ
French,descendre,Bebote,÷ùsÕ :
French,descendre,Bediondo,"rÕsÕ,rùsÕ"
French,descendre,Daba,÷ìs :
French,descendre,Gor,ùr :
French,descendre,Gulay,÷ìsÕ
French,descendre,Kaba_Na,rèjì :
French,descendre,Kaba,÷ìsì
French,descendre,Laka,÷ìsì :
French,descendre,Mbay,÷ìsÕ :
French,descendre,Mango,÷ìsÕ
French,descendre,Nar,÷ìsÕ :
French,descendre,Ngambay,÷ìsì :
French,descendre,Sar,rìsÕ
French,descendre,Ngam,÷ìsÕ
French,descendre; entrer,Bebote,ùr :
French,descendre; entrer,Bediondo,ùr :
French,descendre; entrer,Daba,ùd
French,descendre; entrer,Gor,"ùr, ùr :"
French,descendre; entrer,Kaba,ùrù :
French,descendre; entrer,Laka,ùr
French,descendre; entrer,Mbay,ùdÕ :
French,descendre; entrer,Mango,ùr :
French,descendre; entrer,Nar,ùdÕ
French,descendre; entrer,Ngambay,"ùr, ùr :"
French,descendre; entrer,Sar,"ùdÕ,"
French,"dessins, couleurs",Gulay,ßál :
French,"dessins, couleurs",Kaba,‡-ndäjí
French,"dessins, couleurs",Laka,ßál :
French,"dessins, couleurs",Mbay,ßál :
French,"dessins, couleurs",Mango,ßál
French,"dessins, couleurs",Nar,ßál
French,"détacher, délier",Bebote,tút¸ :
French,"détacher, délier",Bediondo,tút¸
French,"détacher, délier",Daba,njút :
French,"détacher, délier",Gor,tútü :
French,"détacher, délier",Gulay,tútú
French,"détacher, délier",Kaba_Na,tótì :
French,"détacher, délier",Kaba,tútü
French,"détacher, délier",Laka,túdü :
French,"détacher, délier",Mbay,tút‡ :
French,"détacher, délier",Mango,tút¸
French,"détacher, délier",Nar,tút¸ :
French,"détacher, délier",Ngambay,túdü
French,"détacher, délier",Sar,tút¸
French,détruire; abîmer,Bebote,túj¸ :
French,détruire; abîmer,Bediondo,nùjÕ
French,détruire; abîmer,Daba,túj :
French,détruire; abîmer,Gor,túj¸ :
French,détruire; abîmer,Gulay,tújú
French,détruire; abîmer,Kaba_Na,tújù :
French,détruire; abîmer,Kaba,tújü
French,détruire; abîmer,Laka,tújï :
French,détruire; abîmer,Mbay,"núj‡,túj‡"
French,détruire; abîmer,Mango,"bújúrü,tújü :"
French,détruire; abîmer,Nar,nùjÕ
French,détruire; abîmer,Ngambay,tújï :
French,détruire; abîmer,Sar,nùjÕ
French,dette,Bebote,ßäng¸ :
French,dette,Bediondo,k¸ræ
French,dette,Gor,ßäng¸ :
French,dette,Gulay,küræ
French,dette,Kaba_Na,kürä :
French,dette,Kaba,ßäng
French,dette,Laka,ßäng¸ :
French,dette,Mbay,g¸rä :
French,dette,Mango,küræ
French,dette,Nar,k¸ræ :
French,dette,Ngambay,ßäng :
French,dette,Sar,k¸rä d
French,dette,Ngam,k¸÷ä
French,deux,Bebote,jöó :
French,deux,Bediondo,jöó :
French,deux,Daba,jó÷
French,deux,Gor,jöó :
French,deux,Gulay,jöó :
French,deux,Kaba_Na,jöó
French,deux,Kaba,jöó : Kul=jëé :
French,deux,Laka,jöó d
French,deux,Mbay,jöó :
French,deux,Mango,jöó :
French,deux,Nar,jöó
French,deux,Ngambay,jöó :
French,deux,Sar,jöó
French,deux,Ngam,jïyó :
French,devant,Bebote,nÅ :
French,devant,Bediondo,nÅ :
French,devant,Daba,nÅ
French,devant,Gor,nÅ :
French,devant,Gulay,nÅ :
French,devant,Kaba,nÅ
French,devant,Laka,nÅ :
French,devant,Mbay,nÅ :
French,devant,Mango,nÅ d
French,devant,Nar,nÅ :
French,devant,Ngambay,nÅ :
French,devant,Sar,nÅ
French,devant,Bebote,tà :
French,devant,Bediondo,tà :
French,devant,Gor,tà
French,devant,Gulay,tà :
French,devant,Kaba,tà :
French,devant,Laka,tà
French,devant,Mbay,tà :
French,devant,Mango,tà :
French,devant,Nar,tÆ
French,devant,Ngambay,tà :
French,devant,Sar,tà d
French,devinette,Bebote,tÆr-tà
French,devinette,Bediondo,sú-kàd¸-n¼º-ßë
French,devinette,Gor,sú-kàdÕ-nà-ßë
French,devinette,Gulay,sú-tä-ßë :
French,devinette,Laka,güsü-tàr
French,devinette,Mbay,sùngóo d
French,devinette,Mango,sú-kàd¸-n¼º-ßë
French,devinette,Nar,sú-k‡-tït¸-b¸rð
French,devinette,Ngambay,sú-ßë :
French,devinette,Sar,sùngó
French,diarrhée : avoir,Bebote,ndÆng¸ :
French,diarrhée : avoir,Bediondo,ndÆng¸
French,diarrhée : avoir,Daba,ndèñg :
French,diarrhée : avoir,Gor,ndÆng¸ d
French,diarrhée : avoir,Gulay,ndèñg :
French,diarrhée : avoir,Kaba_Na,njômë
French,diarrhée : avoir,Laka,njèng¸ :
French,diarrhée : avoir,Mbay,ndèñg
French,diarrhée : avoir,Mango,ndÆñg :
French,diarrhée : avoir,Nar,ndèñg
French,diarrhée : avoir,Ngambay,ndèñg :
French,diarrhée : avoir,Sar,ndèñg
French,Dieu; Luwa (frère de Sou),Bebote,Lúwæ :
French,Dieu; Luwa (frère de Sou),Bediondo,Lúwæ
French,Dieu; Luwa (frère de Sou),Daba,Lúbä :
French,Dieu; Luwa (frère de Sou),Gulay,Núbæ :
French,Dieu; Luwa (frère de Sou),Kaba_Na,núßä
French,Dieu; Luwa (frère de Sou),Kaba,Lúbä :
French,Dieu; Luwa (frère de Sou),Laka,Lúßä d
French,Dieu; Luwa (frère de Sou),Mbay,Lúwä :
French,Dieu; Luwa (frère de Sou),Mango,Lúbæ
French,Dieu; Luwa (frère de Sou),Ngambay,Lúbä :
French,Dieu; Luwa (frère de Sou),Sar,N‡ßä
French,diffèrent; ailleurs,Bebote,k‡-÷àng
French,diffèrent; ailleurs,Gor,k‡-÷àngÕ :
French,diffèrent; ailleurs,Gulay,÷àng
French,diffèrent; ailleurs,Kaba_Na,kàkàlà :
French,diffèrent; ailleurs,Kaba,dáng
French,diffèrent; ailleurs,Laka,"÷àngÕ,ßÉd‡ :"
French,diffèrent; ailleurs,Mbay,÷àng
French,diffèrent; ailleurs,Mango,ràng :
French,diffèrent; ailleurs,Nar,÷àng
French,diffèrent; ailleurs,Ngambay,ßÉd‡
French,diffèrent; ailleurs,Sar,k‡-ràng
French,diffèrent; ailleurs,Ngam,k‡-÷àng :
French,re; marqueur de convers,Bebote,Æ :
French,re; marqueur de convers,Bediondo,Æ :
French,re; marqueur de convers,Gor,Æn
French,re; marqueur de convers,Kaba,tökú :
French,re; marqueur de convers,Mbay,àn :
French,re; marqueur de convers,Nar,nÆ
French,re; marqueur de convers,Ngambay,nà :
French,re; marqueur de convers,Sar,nà
French,re; marqueur de convers,Ngam,nà :
French,re; parler,Bebote,Æl :
French,re; parler,Bediondo,Æl :
French,re; parler,Daba,èl
French,re; parler,Gor,Æl :
French,re; parler,Gulay,ÆdÕ :
French,re; parler,Kaba_Na,njùßà
French,re; parler,Kaba,pà : Kul=ndälë :
French,re; parler,Laka,pà
French,re; parler,Mbay,èl :
French,re; parler,Mango,ìdÆ :
French,re; parler,Nar,ÕdÆ
French,re; parler,Ngambay,pà :
French,re; parler,Sar,ìdà
French,re; parler,Ngam,yèl :
French,"sputer, palabrer",Bebote,kûl :
French,"sputer, palabrer",Bediondo,kûl :
French,"sputer, palabrer",Daba,kûl
French,"sputer, palabrer",Gor,kûl :
French,"sputer, palabrer",Gulay,kûl :
French,"sputer, palabrer",Kaba_Na,kûlë
French,"sputer, palabrer",Kaba,kûl :
French,"sputer, palabrer",Laka,kûl :
French,"sputer, palabrer",Mbay,kûl
French,"sputer, palabrer",Mango,kûl :
French,"sputer, palabrer",Nar,kûl :
French,"sputer, palabrer",Ngambay,kûl :
French,"sputer, palabrer",Sar,kûl
French,"sputer, palabrer",Ngam,kûl
French,"sputer, quereller",Bediondo,nàj¸ :
French,"sputer, quereller",Daba,nàj
French,"sputer, quereller",Gor,nàj¸ :
French,"sputer, quereller",Gulay,nàj¸
French,"sputer, quereller",Kaba,nàjï :
French,"sputer, quereller",Mbay,nàj¸ :
French,"sputer, quereller",Mango,nàj¸
French,"sputer, quereller",Nar,nàj¸ :
French,"sputer, quereller",Ngambay,näjï :
French,"sputer, quereller",Sar,nàj¸
French,"sputer, quereller",Ngam,nàj¸
French,stribuer,Bebote,læw :
French,stribuer,Bediondo,læb¸
French,stribuer,Gor,löwæ :
French,stribuer,Gulay,nöbö
French,stribuer,Kaba_Na,nüßö :
French,stribuer,Laka,læbæ
French,stribuer,Mbay,lüwö :
French,stribuer,Mango,læb¸
French,stribuer,Sar,këng
French,x,Bebote,dîgÕ :
French,x,Bediondo,"dîgÕ,kùtÕ"
French,x,Daba,dîû :
French,x,Gor,dîg :
French,x,Gulay,dîgÕ
French,x,Kaba_Na,dîgî :
French,x,Kaba,dîkÕ
French,x,Laka,dîgÕ
French,x,Mbay,kÕlá :
French,x,Mango,dîgÕ
French,x,Nar,kùtÕ :
French,x,Ngambay,dîgÕ :
French,x,Sar,kùtÕ
French,x,Ngam,kùtÕ
French,igt,Bebote,ngön-jï :
French,igt,Bediondo,ngön-jï
French,igt,Gor,ngön-jï :
French,igt,Gulay,ngön-jï
French,igt,Kaba,ngön-jï :
French,igt,Laka,ngön-jï
French,igt,Mbay,k‡-ngön-jï :
French,igt,Mango,ngön-jï
French,igt,Nar,ngön-jï
French,igt,Ngambay,ngön-jï :
French,igt,Sar,ngön-jï
French,igt,Ngam,k‡-ngön-jï
French,donner,Bebote,àd¸ :
French,donner,Bediondo,àd¸ :
French,donner,Daba,àd
French,donner,Gor,àd¸ :
French,donner,Gulay,àd¸ :
French,donner,Kaba_Na,ì…ä
French,donner,Kaba,à® : Kul=ìtö :
French,donner,Laka,à®
French,donner,Mbay,àd¸ :
French,donner,Mango,àd¸ :
French,donner,Nar,àd¸
French,donner,Ngambay,à® :
French,donner,Sar,àd¸
French,donner,Ngam,àd¸ :
French,dormir; sommeil,Bebote,ßï :
French,dormir; sommeil,Bediondo,ßï :
French,dormir; sommeil,Daba,ndùlë
French,dormir; sommeil,Gor,ßï :
French,dormir; sommeil,Gulay,ßï :
French,dormir; sommeil,Kaba_Na,ßï
French,dormir; sommeil,Kaba,ßï :
French,dormir; sommeil,Laka,ßï :
French,dormir; sommeil,Mbay,ßïi
French,dormir; sommeil,Mango,ßï :
French,dormir; sommeil,Nar,ßï :
French,dormir; sommeil,Ngambay,ßï :
French,dormir; sommeil,Sar,ßï
French,dormir; sommeil,Ngam,ßï
French,dos,Bebote,gìdÕ :
French,dos,Bediondo,gÕdÕ
French,dos,Daba,gìd :
French,dos,Gor,gìdÕ :
French,dos,Gulay,gìdÕ
French,dos,Kaba_Na,ngìdì :
French,dos,Kaba,gìr
French,dos,Laka,bà-gìr
French,dos,Mbay,gìdÕ :
French,dos,Mango,gìdÕ
French,dos,Nar,gìdÕ :
French,dos,Ngambay,gìr :
French,dos,Sar,gìdÕ
French,dos,Ngam,gìdÕ
French,doucement,Bebote,kékèkè :
French,doucement,Bediondo,jèkè
French,doucement,Gor,màjä :
French,doucement,Gulay,jèkè :
French,doucement,Kaba_Na,hî
French,doucement,Kaba,rékéké :
French,doucement,Laka,÷égégé
French,doucement,Mbay,jén :
French,doucement,Mango,ján-ján
French,doucement,Nar,lòmmm :
French,doucement,Ngambay,÷ègègè :
French,doucement,Sar,jÕkè
French,doucement,Ngam,jìkè
French,douleurs prenatales,Bebote,‡-ndö :
French,douleurs prenatales,Bediondo,‡-ndö
French,douleurs prenatales,Daba,ndö :
French,douleurs prenatales,Gor,‡-ndö :
French,douleurs prenatales,Gulay,ndö
French,douleurs prenatales,Kaba,ndö :
French,douleurs prenatales,Laka,ndö :
French,douleurs prenatales,Mbay,ndöo
French,douleurs prenatales,Mango,ndö :
French,douleurs prenatales,Nar,ndö :
French,douleurs prenatales,Ngambay,ndö :
French,douleurs prenatales,Sar,ndö
French,douleurs prenatales,Ngam,ndö
French,douter,Bebote,mänj¸ :
French,douter,Bediondo,mäj¸
French,douter,Gor,mänj¸ :
French,douter,Gulay,näj¸
French,douter,Mbay,mäj¸ :
French,douter,Mango,täd¸
French,douter,Ngambay,mºy :
French,douter,Sar,ßáj¸
French,droit,Bediondo,d‡¥ :
French,droit,Gor,njÉrÉng
French,droit,Laka,ndÉjï :
French,droit,Mbay,÷íng¸
French,droit,Nar,súmü :
French,droit,Ngambay,sùr
French,"droit, tout",Gulay,ndìsæ :
French,"droit, tout",Kaba,ngìsæ
French,"droit, tout",Mbay,sám :
French,"droit, tout",Ngambay,ngìsä
French,droite,Bebote,kîl :
French,droite,Bediondo,kÅ :
French,droite,Daba,kîl
French,droite,Gor,kîl :
French,droite,Gulay,kÅ :
French,droite,Kaba,kîl
French,droite,Laka,kîl :
French,droite,Mbay,kÅ¢ :
French,droite,Mango,kîl
French,droite,Ngambay,kîl :
French,droite,Sar,kÅ
French,droite,Ngam,kÅ :
French,"dur, difficile : être",Bebote,ng¼º :
French,"dur, difficile : être",Bediondo,ng¼º
French,"dur, difficile : être",Daba,ngàñg :
French,"dur, difficile : être",Gor,ng¼º
French,"dur, difficile : être",Gulay,"möng, Å :"
French,"dur, difficile : être",Kaba_Na,ngàngàrà
French,"dur, difficile : être",Kaba,ngÆñg :
French,"dur, difficile : être",Laka,ngàng¸
French,"dur, difficile : être",Mbay,ngàñg :
French,"dur, difficile : être",Mango,ngàñg
French,"dur, difficile : être",Nar,ngàñg :
French,"dur, difficile : être",Ngambay,ngàñg :
French,"dur, difficile : être",Sar,ngàñg
French,"dur, difficile : être",Ngam,ngàñg
French,durer longtemps,Bebote,ì :
French,durer longtemps,Bediondo,ìi :
French,durer longtemps,Daba,túdä
French,durer longtemps,Gor,ì :
French,durer longtemps,Gulay,ì :
French,durer longtemps,Kaba_Na,àhä
French,durer longtemps,Laka,ìï :
French,durer longtemps,Mbay,ìi :
French,durer longtemps,Mango,ì
French,durer longtemps,Nar,ìi :
French,durer longtemps,Sar,ìi
French,"eau, de l'eau",Bebote,màñ :
French,"eau, de l'eau",Bediondo,màñ :
French,"eau, de l'eau",Daba,màñ
French,"eau, de l'eau",Gor,màñ :
French,"eau, de l'eau",Gulay,màñ :
French,"eau, de l'eau",Kaba_Na,mànï
French,"eau, de l'eau",Kaba,màñ : Kul=mànï :
French,"eau, de l'eau",Laka,màn
French,"eau, de l'eau",Mbay,màñ :
French,"eau, de l'eau",Mango,màñ :
French,"eau, de l'eau",Nar,màñ
French,"eau, de l'eau",Ngambay,màñ :
French,"eau, de l'eau",Sar,màñ
French,"eau, de l'eau",Ngam,màñ :
French,éclabousser; sautiller,Bediondo,tál :
French,éclabousser; sautiller,Gulay,tál :
French,éclabousser; sautiller,Laka,tál
French,éclabousser; sautiller,Mbay,tá£ :
French,éclabousser; sautiller,Mango,tál
French,éclater; vacarme,Bebote,ndüwæ :
French,éclater; vacarme,Bediondo,ndü
French,éclater; vacarme,Gor,sänä :
French,éclater; vacarme,Gulay,ndübü
French,éclater; vacarme,Kaba,ndübü :
French,éclater; vacarme,Laka,ndübü
French,éclater; vacarme,Mbay,ndüu :
French,éclater; vacarme,Mango,ndübæ
French,éclater; vacarme,Nar,ndùb¸ :
French,éclater; vacarme,Ngambay,ndübü
French,éclater; vacarme,Sar,ndüb¸
French,écorce,Bebote,ngôy :
French,écorce,Bediondo,ngôy
French,écorce,Gor,ngôy :
French,écorce,Gulay,ngô :
French,écorce,Laka,ngôy
French,écorce,Mbay,ngôy :
French,écorce,Nar,ngô
French,écorce,Ngambay,ngôy
French,écorce,Ngam,ngô :
French,écorce sec,Bebote,màmä :
French,écorce sec,Bediondo,màmä
French,écorce sec,Daba,kô-mà« :
French,écorce sec,Gor,màmä
French,écorce sec,Gulay,màmä :
French,écorce sec,Kaba,ngôy
French,écorce sec,Laka,‡-màmä :
French,écorce sec,Mbay,mò« :
French,écorce sec,Mango,màmä
French,écorce sec,Nar,mbàmbä :
French,écorce sec,Ngambay,màmä
French,écorce sec,Sar,kàdÕ
French,écraser,Bebote,tÉt¸ :
French,écraser,Bediondo,rúnd¸
French,écraser,Daba,dúd :
French,écraser,Gor,búd¸ :
French,écraser,Gulay,tét‡ é
French,écraser,Kaba,gúrü :
French,écraser,Laka,Žéd¸
French,écraser,Mbay,dúd¸ :
French,écraser,Nar,tút¸
French,écraser,Ngambay,ræd¸
French,écraser,Sar,dùd¸
French,écraser,Ngam,dúd¸ :
French,écraser (le foudre),Bebote,tÆ£ :
French,écraser (le foudre),Gor,tÆ£ e
French,écraser (le foudre),Gulay,tè£ :
French,écraser (le foudre),Laka,tÆ£ :
French,écraser (le foudre),Mbay,tè£
French,écraser (le foudre),Mango,tÆ£ :
French,écraser (le foudre),Nar,tè£ :
French,écraser (le foudre),Ngambay,tè£
French,écraser (le foudre),Sar,tè£
French,écrire,Daba,ìjà :
French,écrire,Gor,ndàngÕ
French,écrire,Kaba_Na,ßálà :
French,écrire,Kaba,tüjä e
French,écrire,Laka,ùnjà :
French,écrire,Mbay,ndàng
French,écrire,Mango,ndàng :
French,écrire,Nar,Õndæ
French,écrire,Ngambay,ndàng :
French,écrire,Sar,ndàng
French,écureuil : esp. de e,Bebote,ndàm :
French,écureuil : esp. de e,Bediondo,ndàm
French,écureuil : esp. de e,Daba,ndàm :
French,écureuil : esp. de e,Gor,ndàm :
French,écureuil : esp. de e,Gulay,ndàm
French,écureuil : esp. de e,Kaba_Na,njîmè :
French,écureuil : esp. de e,Kaba,ndàm
French,écureuil : esp. de e,Laka,ndàm :
French,écureuil : esp. de e,Mbay,ndàm :
French,écureuil : esp. de e,Mango,ndàm
French,écureuil : esp. de e,Nar,ndàm :
French,écureuil : esp. de e,Ngambay,ndàm
French,écureuil : esp. de e,Sar,ndàm e
French,écureuil de Gambie,Bebote,ßûn :
French,écureuil de Gambie,Bediondo,ßûn
French,écureuil de Gambie,Gor,ßûn :
French,écureuil de Gambie,Gulay,ßûn :
French,écureuil de Gambie,Kaba_Na,ßûnë
French,écureuil de Gambie,Kaba,ßûn :
French,écureuil de Gambie,Laka,ßûn :
French,écureuil de Gambie,Mbay,ßûn
French,écureuil de Gambie,Mango,ßûn :
French,écureuil de Gambie,Nar,ßûn :
French,écureuil de Gambie,Ngambay,ßûn :
French,écureuil de Gambie,Sar,ßûn
French,écureuil de Gambie,Ngam,mûy
French,échanger [qc] e,Bebote,mbÉl :
French,échanger [qc] e,Bediondo,mbÉl
French,échanger [qc] e,Gor,mbÉl :
French,échanger [qc] e,Gulay,mbÉl
French,échanger [qc] e,Kaba_Na,mbálï :
French,échanger [qc] e,Kaba,mbÉl
French,échanger [qc] e,Laka,mbÉl :
French,échanger [qc] e,Mbay,mbé£
French,échanger [qc] e,Nar,mbél :
French,échanger [qc] e,Ngambay,mbél
French,échanger [qc] e,Sar,mbé£ e
French,"echapper, se",Gor,ìgÕ :
French,"echapper, se",Laka,ìgì
French,"echapper, se",Mbay,ìgÕ
French,éléphant,Bebote,kÆd¸ :
French,éléphant,Bediondo,kÆd¸
French,éléphant,Daba,kèd :
French,éléphant,Gor,kÆd¸ :
French,éléphant,Gulay,kÆd¸ e
French,éléphant,Kaba_Na,kàjï :
French,éléphant,Kaba,kÆ®
French,éléphant,Laka,kÆræ
French,éléphant,Mbay,kèd¸ :
French,éléphant,Mango,kÆd¸
French,éléphant,Nar,kèd¸ :
French,éléphant,Ngambay,kÆ® :
French,éléphant,Sar,kèd¸
French,éléphant,Ngam,kèd¸
French,ever; nourrir,Bebote,ù£ :
French,ever; nourrir,Bediondo,ù£ :
French,ever; nourrir,Daba,ßàt
French,ever; nourrir,Gor,ù£ :
French,ever; nourrir,Gulay,ù£ :
French,ever; nourrir,Kaba_Na,ùlü
French,ever; nourrir,Laka,ùl :
French,ever; nourrir,Mbay,ù£ :
French,ever; nourrir,Mango,ù£
French,ever; nourrir,Nar,ù£ :
French,ever; nourrir,Ngambay,"ù£, ngæm"
French,ever; nourrir,Sar,"ù£, ù£"
French,pêcher; refuser,Bebote,îg¸ :
French,pêcher; refuser,Bediondo,bä :
French,pêcher; refuser,Daba,îg
French,pêcher; refuser,Gor,îg¸ :
French,pêcher; refuser,Gulay,îg¸ :
French,pêcher; refuser,Kaba_Na,ògì
French,pêcher; refuser,Kaba,îkü :
French,pêcher; refuser,Laka,îg¸ :
French,pêcher; refuser,Mbay,îg¸
French,pêcher; refuser,Mango,îg¸ :
French,pêcher; refuser,Nar,îg¸ :
French,pêcher; refuser,Ngambay,îg¸ :
French,pêcher; refuser,Sar,îg¸
French,pêcher; refuser,Ngam,wîg¸
French,poisonner,Bebote,yÆ£ :
French,poisonner,Bediondo,yÆ£
French,poisonner,Gor,yÆ£ :
French,poisonner,Gulay,yèl :
French,poisonner,Laka,yè£
French,poisonner,Mbay,òm :
French,poisonner,Mango,yÆl :
French,poisonner,Ngambay,yël
French,prunter; prêter,Bebote,nd¸mð :
French,prunter; prêter,Bediondo,nd¸mæ
French,prunter; prêter,Daba,ndïmä :
French,prunter; prêter,Gulay,nd¬mð
French,prunter; prêter,Laka,njïmä :
French,prunter; prêter,Mbay,nd¸mä
French,prunter; prêter,Mango,ndïmæ :
French,prunter; prêter,Nar,nd¸mð
French,prunter; prêter,Ngambay,ndïmä
French,prunter; prêter,Ngam,nd¸mä :
French,arrière,Bebote,gòg‡ :
French,arrière,Bediondo,gòg‡
French,arrière,Daba,gòóg :
French,arrière,Gor,gòg‡ :
French,arrière,Gulay,gùgú
French,arrière,Kaba,gùkú :
French,arrière,Laka,gùgú
French,arrière,Mbay,gòg‡ :
French,arrière,Mango,gòg‡
French,arrière,Nar,gòg‡ :
French,arrière,Ngambay,gòg‡ :
French,arrière,Sar,gòg‡
French,arrière,Ngam,gòg‡
French,vain,Bebote,pí :
French,vain,Bediondo,sÉt‡ :
French,vain,Gor,pí
French,vain,Gulay,pí :
French,vain,Kaba_Na,ké :
French,vain,Kaba,pƒ
French,vain,Laka,pƒ :
French,vain,Mbay,sét‡ :
French,vain,Mango,pí
French,vain,Nar,sét¸ :
French,vain,Ngambay,tás‡rá :
French,vain,Sar,sét‡
French,vain,Ngam,sét‡
French,"core, plus",Bebote,ßÉy :
French,"core, plus",Bediondo,ßÉy
French,"core, plus",Gor,wáy :
French,"core, plus",Gulay,ßáy :
French,"core, plus",Kaba,ßÉy
French,"core, plus",Laka,ßí :
French,"core, plus",Mbay,tîû :
French,"core, plus",Mango,ßÉy
French,"core, plus",Nar,ßáy :
French,"core, plus",Ngambay,"ßÉy,"
French,"core, plus",Sar,ßáy
French,"core, plus",Ngam,tÅ :
French,"droit, lieu; temps",Bebote,lò :
French,"droit, lieu; temps",Bediondo,lò :
French,"droit, lieu; temps",Daba,lò
French,"droit, lieu; temps",Gor,lò :
French,"droit, lieu; temps",Gulay,lò :
French,"droit, lieu; temps",Kaba_Na,lòö
French,"droit, lieu; temps",Kaba,lò :
French,"droit, lieu; temps",Laka,lò :
French,"droit, lieu; temps",Mbay,lòo
French,Français,Mango,lò :
French,Français,Nar,lò :
French,Français,Ngambay,lò
French,Français,Sar,lò
French,"enduire d'huile, oindre",Bebote,ndÆm :
French,"enduire d'huile, oindre",Bediondo,ndÆm
French,"enduire d'huile, oindre",Gulay,ndùm :
French,"enduire d'huile, oindre",Laka,ndÆm :
French,"enduire d'huile, oindre",Mbay,ndòm
French,"enduire d'huile, oindre",Mango,ndÆm :
French,"enduire d'huile, oindre",Ngambay,ndèm
French,enfant,Bebote,ngön :
French,enfant,Bediondo,ngön
French,enfant,Daba,ngön :
French,enfant,Gor,ngön :
French,enfant,Gulay,ngö
French,enfant,Kaba_Na,mönö :
French,enfant,Kaba,ngön
French,enfant,Laka,ngön
French,enfant,Mbay,ngön :
French,enfant,Mango,ngün
French,enfant,Nar,ngön :
French,enfant,Ngambay,ngön :
French,enfant,Sar,ngön
French,enfant,Ngam,ngön
French,"enfanter, accoucher",Bebote,òjÕ :
French,"enfanter, accoucher",Bediondo,òjÕ :
French,"enfanter, accoucher",Daba,òj
French,"enfanter, accoucher",Gor,òjÕ :
French,"enfanter, accoucher",Gulay,òjÕ :
French,"enfanter, accoucher",Kaba_Na,òyò
French,"enfanter, accoucher",Kaba,ùjù :
French,"enfanter, accoucher",Laka,ùjì :
French,"enfanter, accoucher",Mbay,òjÕ
French,"enfanter, accoucher",Mango,òjÕ :
French,"enfanter, accoucher",Nar,òjÕ :
French,"enfanter, accoucher",Ngambay,òjì :
French,"enfanter, accoucher",Sar,òjÕ
French,"enfanter, accoucher",Ngam,wòjÕ
French,enfiler,Bebote,sü :
French,enfiler,Bediondo,sü :
French,enfiler,Gulay,sür
French,enfiler,Kaba_Na,sï :
French,enfiler,Laka,nìm :
French,enfiler,Mbay,sür
French,enfiler,Mango,sü :
French,enfiler,Ngambay,nì« :
French,enfiler,Sar,süÈ
French,"enfler, s'enfler, gonfler",Bebote,tí :
French,"enfler, s'enfler, gonfler",Bediondo,tí :
French,"enfler, s'enfler, gonfler",Daba,tíï
French,"enfler, s'enfler, gonfler",Gor,tí :
French,"enfler, s'enfler, gonfler",Gulay,tí :
French,"enfler, s'enfler, gonfler",Kaba,tí
French,"enfler, s'enfler, gonfler",Laka,Ží :
French,"enfler, s'enfler, gonfler",Mbay,tíï :
French,"enfler, s'enfler, gonfler",Mango,tí
French,"enfler, s'enfler, gonfler",Nar,sír :
French,"enfler, s'enfler, gonfler",Ngambay,tí
French,"enfler, s'enfler, gonfler",Sar,tág¸
French,"enfler, s'enfler, gonfler",Ngam,tág¸ :
French,enfumer [qc],Bebote,sü :
French,enfumer [qc],Bediondo,sü :
French,enfumer [qc],Daba,sü
French,enfumer [qc],Gor,sü :
French,enfumer [qc],Gulay,sü :
French,enfumer [qc],Kaba,tü
French,enfumer [qc],Laka,tü :
French,enfumer [qc],Mbay,süu :
French,enfumer [qc],Mango,sü
French,enfumer [qc],Nar,sü :
French,enfumer [qc],Ngambay,"sü,tü"
French,enfumer [qc],Sar,sü
French,enfumer [qc],Ngam,tü :
French,engoulevent,Bebote,légé
French,engoulevent,Bediondo,bÉt¸-bÉré-à• :
French,engoulevent,Gor,lég
French,engoulevent,Gulay,bÉbæy :
French,engoulevent,Kaba_Na,ní-këjé
French,engoulevent,Kaba,‡-lækÉ-bélë
French,engoulevent,Laka,‡-níngä-bÉlë :
French,engoulevent,Mbay,léw
French,engoulevent,Mango,nìngÆ-bær
French,engoulevent,Ngambay,níngá-bÉlæ
French,engoulevent,Sar,bád‡-bôØ
French,enlever avec les mains,Mbay,tëg‡ :
French,enlever avec les mains,Mango,tæg‡
French,enlever avec les mains,Sar,tëg‡
French,"enlever, retirer",Bebote,î® :
French,"enlever, retirer",Bediondo,î® :
French,"enlever, retirer",Daba,î®
French,"enlever, retirer",Gor,î® :
French,"enlever, retirer",Gulay,î® :
French,"enlever, retirer",Kaba,îrü
French,"enlever, retirer",Laka,î® :
French,"enlever, retirer",Mbay,î®
French,"enlever, retirer",Mango,î® :
French,"enlever, retirer",Nar,î® :
French,"enlever, retirer",Ngambay,î® :
French,"enlever, retirer",Sar,î®
French,"enlever, retirer",Ngam,wî®
French,ennemi,Bebote,njè-b¼º :
French,ennemi,Daba,ngè-b¼º
French,ennemi,Gor,njÆ-b¼º :
French,ennemi,Gulay,njè-b¼º
French,ennemi,Kaba_Na,ní-bängä
French,ennemi,Kaba,njè-kÆm-b¼º :
French,ennemi,Laka,njè-b¼º :
French,ennemi,Mbay,màd¸-b¼º
French,ennemi,Mango,njè-b¼º :
French,ennemi,Nar,màd¸-b¼º
French,ennemi,Ngambay,njè-b¼º
French,ennemi,Sar,"màd¸-kûl,màd¸-b¼º"
French,ennemi,Ngam,màd¸-b¼º :
French,enrouler,Bebote,kÉ :
French,enrouler,Bediondo,kÉ :
French,enrouler,Daba,ßì®
French,enrouler,Gor,ßÕ® :
French,enrouler,Gulay,ßír :
French,enrouler,Kaba_Na,njò«
French,enrouler,Kaba,kÉ :
French,enrouler,Laka,njèm :
French,enrouler,Mbay,ßì®
French,enrouler,Mango,ßír :
French,enrouler,Nar,ßì® :
French,enrouler,Ngambay,kÉ :
French,enrouler,Sar,ßíÊ
French,enrouler,Ngam,ßì®
French,enrouler,Bediondo,kùú :
French,enrouler,Gor,kó
French,enrouler,Gulay,ßínd¸ :
French,enrouler,Kaba_Na,ßílï
French,enrouler,Laka,ßìndï :
French,enrouler,Mbay,ßìnd¸
French,enrouler,Mango,ßïnd¸ :
French,enrouler,Nar,ßìnd¸
French,enrouler,Ngambay,ßìrï
French,ensemble,Bebote,n¼º-t‡ :
French,ensemble,Bediondo,n¼º-t‡
French,ensemble,Daba,n¼º-tí :
French,ensemble,Gor,n¼º-t‡
French,ensemble,Gulay,n¼º-t‡ :
French,ensemble,Kaba,n¼º-t‡
French,ensemble,Laka,n¼º-g‡ :
French,ensemble,Mbay,n¼º-t‡
French,ensemble,Mango,nà-t‡ :
French,ensemble,Nar,n¼º
French,ensemble,Ngambay,n¼º-d‡ :
French,ensemble,Sar,n¼º-t‡
French,ensemble : réciprocité,Bebote,n¼º :
French,ensemble : réciprocité,Bediondo,n¼º
French,ensemble : réciprocité,Gor,n¼º :
French,ensemble : réciprocité,Gulay,n¼º :
French,ensemble : réciprocité,Kaba,n¼º
French,ensemble : réciprocité,Laka,n¼º :
French,ensemble : réciprocité,Mbay,nàä :
French,ensemble : réciprocité,Mango,n¼º
French,ensemble : réciprocité,Ngambay,n¼º :
French,ensemble : réciprocité,Sar,n¼º
French,ensemble : réciprocité,Ngam,n¼º :
French,entasser,Bebote,ndú® :
French,entasser,Bediondo,ndü©
French,entasser,Gulay,ndúr :
French,entasser,Laka,ndúr :
French,entasser,Mbay,ndú£
French,entasser,Mango,ndú® :
French,entasser,Nar,t‡ndæ
French,entasser,Ngambay,ndúrü :
French,entasser,Sar,ndúÊ
French,"entendre, écouter e",Bebote,òö :
French,"entendre, écouter e",Bediondo,òö :
French,"entendre, écouter e",Daba,òö
French,"entendre, écouter e",Gor,òö :
French,"entendre, écouter e",Gulay,òö :
French,"entendre, écouter e",Kaba_Na,òö
French,"entendre, écouter e",Kaba,òö :
French,"entendre, écouter e",Mbay,òö :
French,"entendre, écouter e",Mango,òö
French,"entendre, écouter e",Nar,òö :
French,"entendre, écouter e",Ngambay,òö :
French,"entendre, écouter e",Sar,òö
French,"entendre, écouter e",Ngam,"òö, wòö e"
French,"enterrer, semer",Bebote,dìÛ :
French,"enterrer, semer",Bediondo,dÕb¸
French,"enterrer, semer",Daba,dùb :
French,"enterrer, semer",Gor,dùü :
French,"enterrer, semer",Gulay,dùbü
French,"enterrer, semer",Kaba_Na,jùbü :
French,"enterrer, semer",Kaba,dùbü
French,"enterrer, semer",Laka,dùbü :
French,"enterrer, semer",Mbay,dùb¸ :
French,"enterrer, semer",Mango,dùbü é
French,"enterrer, semer",Nar,dùb¸ :
French,"enterrer, semer",Ngambay,dùbü :
French,"enterrer, semer",Sar,dùb¸
French,"enterrer, semer",Ngam,dùb¸
French,entourer,Bediondo,gæ :
French,entourer,Daba,güg :
French,entourer,Gulay,gügü
French,entourer,Kaba,gükü :
French,entourer,Laka,gügü
French,entourer,Mbay,güg¸ :
French,entourer,Nar,güg¸
French,"entre, parmi é",Bebote,p‡nð :
French,"entre, parmi é",Bediondo,mbÕnæ
French,"entre, parmi é",Gor,mbùnð :
French,"entre, parmi é",Gulay,dàdän
French,"entre, parmi é",Kaba,hör :
French,"entre, parmi é",Laka,hörö é
French,"entre, parmi é",Mbay,mbÕnä :
French,"entre, parmi é",Mango,mbùnð
French,"entre, parmi é",Nar,mbÅbÇ :
French,"entre, parmi é",Ngambay,mbùnä :
French,"entre, parmi é",Sar,mbÕnä
French,"entre, parmi é",Ngam,mbÕnä
French,entrejambe é,Bediondo,bût¸ :
French,entrejambe é,Laka,hörö-gîl
French,entrejambe é,Mbay,gÕlä :
French,entrejambe é,Mango,"bál, gál"
French,entrejambe é,Nar,b‡læ :
French,entrejambe é,Ngambay,gál :
French,entrejambe é,Sar,gÕlà
French,entrejambe,Bebote,gál :
French,entrejambe,Gor,bît¸
French,entrejambe,Gulay,gál :
French,entrejambe,Kaba,mbä :
French,entrejambe,Laka,búlä
French,entrejambe,Mbay,bár :
French,entrejambe,Mango,gál :
French,entrejambe,Nar,b‡læ
French,entrejambe,Ngambay,mŸ-mbä :
French,entrejambe,Sar,nÅ-mbä é
French,entrejambe,Ngam,"nò-bár,nòm-bár,bár"
French,entrer,Bebote,ànd¸ :
French,entrer,Bediondo,ànd¸
French,entrer,Gor,ànd¸ :
French,entrer,Kaba_Na,ànjä
French,entrer,Kaba,ànd¸ : Kul=häyé
French,entrer,Laka,ànd¸ :
French,entrer,Mbay,ànd¸ :
French,entrer,Mango,ànd¸
French,entrer,Ngambay,ànd¸ :
French,entrer,Sar,ùdÕ
French,"envelopper, emballer é",Bebote,dölë :
French,"envelopper, emballer é",Bediondo,dölë
French,"envelopper, emballer é",Daba,ßì® :
French,"envelopper, emballer é",Gor,dölë :
French,"envelopper, emballer é",Mbay,dülö
French,"envelopper, emballer é",Nar,dÅç :
French,"envelopper, emballer é",Ngambay,tô
French,"envelopper, emballer é",Ngam,ndèm :
French,vie de,Bediondo,mä• :
French,vie de,Daba,mä•
French,vie de,Kaba_Na,mälá :
French,vie de,Laka,mä• :
French,vie de,Mbay,mä•
French,vie de,Ngambay,mä•
French,voyer,Bebote,ÕlÆ :
French,voyer,Bediondo,ÕlÆ :
French,voyer,Daba,ùlà
French,voyer,Gor,ùlÆ :
French,voyer,Gulay,ùlÆ :
French,voyer,Kaba_Na,ìlà
French,voyer,Kaba,ùlà :
French,voyer,Laka,ùlà :
French,voyer,Mbay,là
French,voyer,Mango,ùlÆ :
French,voyer,Nar,ÕlÆ :
French,voyer,Ngambay,ùlà :
French,voyer,Sar,ìlà
French,voyer,Ngam,Õlà
French,ais : être,Bebote,ndÆæ :
French,ais : être,Bediondo,ndÆæ
French,ais : être,Daba,ndè® :
French,ais : être,Gor,ndÆ® :
French,ais : être,Gulay,ndÆ®
French,ais : être,Kaba,ndè® :
French,ais : être,Laka,ndÆ®
French,ais : être,Mbay,ndè® :
French,ais : être,Mango,ndÆæ
French,ais : être,Nar,ndè® :
French,ais : être,Ngambay,ndÆ®
French,ais : être,Sar,ndèÊ
French,ais (liquide) : être,Kaba_Na,ßîßè :
French,ais (liquide) : être,Laka,tîgÕ
French,ais (liquide) : être,Mbay,ßîw :
French,ais (liquide) : être,Sar,ßîw
French,ais (liquide) : être,Ngam,ßîw :
French,"arpiller, écarter",Bediondo,t¬ :
French,"arpiller, écarter",Gor,sänä
French,"arpiller, écarter",Kaba_Na,sálà :
French,"arpiller, écarter",Laka,Žƒ :
French,"arpiller, écarter",Mbay,t¬¿
French,"arpiller, écarter",Nar,hìnd¸ :
French,"arpiller, écarter",Ngambay,jänë :
French,"arpiller, écarter",Sar,t¬
French,aule,Bebote,däm :
French,aule,Bediondo,bäg¸
French,aule,Daba,dî-bäg :
French,aule,Gor,däm
French,aule,Gulay,bäg¸ :
French,aule,Kaba_Na,dägï
French,aule,Kaba,bäk¸ : Kul=bägü
French,aule,Laka,dî-bäg¸ :
French,aule,Mbay,bûg¸
French,aule,Mango,bäg¸ :
French,aule,Nar,bäg¸
French,aule,Ngambay,bäg¸
French,aule,Sar,bûg¸
French,aule,Ngam,bûg¸ :
French,ervier,Bebote,‡-yælíyæ
French,ervier,Gor,‡-ndögÉrö :
French,ervier,Gulay,kÉylÉ
French,ervier,Kaba_Na,yàngàlì
French,ervier,Laka,‡-mbàylá-pëlë
French,ervier,Mbay,k‡-sòlï :
French,ervier,Mango,nìngÆ
French,ervier,Nar,nÕngÆ :
French,ervier,Sar,nÕngà
French,ilepsie,Gulay,kÇnÇ :
French,ilepsie,Laka,pìpì
French,ilepsie,Mbay,kí£ :
French,ilepsie,Mango,kÇnÇ
French,ilepsie,Nar,kÇnÇ :
French,ilepsie,Sar,kÇnç
French,"ine, épines",Bebote,kûn :
French,"ine, épines",Bediondo,kûn :
French,"ine, épines",Daba,kûn
French,"ine, épines",Gor,kûn :
French,"ine, épines",Gulay,kûn :
French,"ine, épines",Kaba_Na,könö
French,Français,Kaba,kün : Kul=hönö :
French,Français,Laka,kün
French,Français,Mbay,kûn :
French,Français,Mango,kün :
French,Français,Nar,kûn
French,Français,Ngambay,kün :
French,Français,Sar,kûn
French,Français,Ngam,kûn :
French,"épuiser. finir, achever",Bebote,t¸gæ :
French,"épuiser. finir, achever",Bediondo,tÕgæ
French,"épuiser. finir, achever",Daba,tïgä :
French,"épuiser. finir, achever",Gor,t¸gÉ
French,"épuiser. finir, achever",Gulay,tìngæ :
French,"épuiser. finir, achever",Kaba_Na,nìngä
French,"épuiser. finir, achever",Kaba,tùngä :
French,"épuiser. finir, achever",Laka,tùngä
French,"épuiser. finir, achever",Mbay,t¸gä :
French,"épuiser. finir, achever",Mango,tìgæ
French,"épuiser. finir, achever",Nar,tÕgæ :
French,"épuiser. finir, achever",Ngambay,rùngä :
French,"épuiser. finir, achever",Sar,tÕgä
French,"épuiser. finir, achever",Ngam,t¸gä
French,escargot,Bebote,‡-lápàpà :
French,escargot,Bediondo,",làbÕ"
French,escargot,Gor,lápàpà
French,escargot,Gulay,ká-làbàbà :
French,escargot,Kaba_Na,…àßà
French,escargot,Kaba,kîjî :
French,escargot,Laka,‡-làbà
French,escargot,Mbay,làpÕ :
French,escargot,Mango,‡-làbàbà
French,escargot,Ngambay,làbà :
French,escargot,Sar,söÈö
French,esclave,Bebote,ßÆ® :
French,esclave,Bediondo,"ßòlè,ßÆæ"
French,esclave,Daba,ßè® :
French,esclave,Gor,ßÆ® :
French,esclave,Gulay,ßÆ®
French,esclave,Kaba_Na,ßàÿ :
French,esclave,Kaba,ßÆ® :
French,esclave,Laka,ßÆræ
French,esclave,Mbay,ßè® :
French,esclave,Mango,ßÆæ :
French,esclave,Nar,ßùlò
French,esclave,Ngambay,ßÆ® :
French,esclave,Sar,ßùl
French,esclave,Ngam,ßÕlò :
French,esp. d'antilope,Bebote,dùl :
French,esp. d'antilope,Bediondo,dùl :
French,esp. d'antilope,Daba,dùl
French,esp. d'antilope,Gulay,dùl :
French,esp. d'antilope,Kaba_Na,jùlù :
French,esp. d'antilope,Kaba,dùl
French,esp. d'antilope,Laka,dùl :
French,esp. d'antilope,Mbay,dùl :
French,esp. d'antilope,Mango,dùl
French,esp. d'antilope,Nar,dùl :
French,esp. d'antilope,Ngambay,dùl
French,esp. d'antilope,Sar,dùl
French,esp. d'antilope,Ngam,dùl :
French,espace entre [qc],Gulay,mbÅrþ :
French,espace entre [qc],Mbay,bürö
French,espace entre [qc],Nar,körö
French,"esquiver, s'esquiver",Bebote,r¸ngæ :
French,"esquiver, s'esquiver",Bediondo,r¸ngæ
French,"esquiver, s'esquiver",Mbay,rüngö
French,"essorer, tordre",Bebote,mbær :
French,"essorer, tordre",Bediondo,mb¸©
French,"essorer, tordre",Kaba,türü :
French,"essorer, tordre",Laka,sòrè :
French,"essorer, tordre",Mbay,tü©
French,"essorer, tordre",Mango,ndàng
French,essuyer,Bebote,bî® :
French,essuyer,Bediondo,bî® :
French,essuyer,Daba,bî®
French,essuyer,Gor,bî® :
French,essuyer,Gulay,bî® :
French,essuyer,Kaba_Na,ùsù
French,essuyer,Kaba,bî® :
French,essuyer,Laka,b¬ :
French,essuyer,Mbay,bî®
French,essuyer,Mango,bî® :
French,essuyer,Nar,ùsÕ :
French,essuyer,Ngambay,bî®
French,essuyer,Sar,î£
French,"et, aussi",Bebote,tî :
French,"et, aussi",Daba,ö :
French,"et, aussi",Gor,nç
French,"et, aussi",Gulay,ä :
French,"et, aussi",Laka,nÉm :
French,"et, aussi",Mbay,hö
French,"et, aussi",Mango,rÉm :
French,"et, aussi",Nar,ö :
French,"et, aussi",Ngambay,lÉm :
French,"et, aussi",Sar,ö
French,"et, aussi",Ngam,hö
French,"et, mais",Bebote,É :
French,"et, mais",Bediondo,ngà :
French,"et, mais",Daba,mè
French,"et, mais",Gor,"É,ªy‡ :"
French,"et, mais",Gulay,nè :
French,"et, mais",Kaba_Na,àbï
French,"et, mais",Kaba,ngà : Kul=vï :
French,"et, mais",Laka,nè
French,"et, mais",Mbay,nà :
French,"et, mais",Mango,É :
French,"et, mais",Nar,bÆ
French,"et, mais",Ngambay,nè :
French,"et, mais",Sar,bà
French,"et, mais",Ngam,bæ :
French,"étaler, étendre (au soleil)",Bebote,nàjÕ :
French,"étaler, étendre (au soleil)",Bediondo,nàjÕ
French,"étaler, étendre (au soleil)",Daba,làj :
French,"étaler, étendre (au soleil)",Gor,nàjÕ :
French,"étaler, étendre (au soleil)",Gulay,nàjÕ
French,"étaler, étendre (au soleil)",Kaba_Na,îbë :
French,"étaler, étendre (au soleil)",Kaba,nàjì
French,"étaler, étendre (au soleil)",Laka,"nàjì,nÆjì"
French,"étaler, étendre (au soleil)",Mbay,nàjÕ :
French,"étaler, étendre (au soleil)",Mango,nàjÕ
French,"étaler, étendre (au soleil)",Nar,nàjÕ :
French,"étaler, étendre (au soleil)",Ngambay,nàjì :
French,"étaler, étendre (au soleil)",Sar,nàjÕ
French,"étaler, étendre (au soleil)",Ngam,nàjÕ
French,éternuement,Bebote,átÕsÉ :
French,éternuement,Bediondo,‡-tÕsÉ
French,éternuement,Daba,kí-dìsó :
French,éternuement,Gor,d‡sæ
French,éternuement,Gulay,á-tìsÉ :
French,éternuement,Laka,‡-Žìsó
French,éternuement,Mbay,k‡-dìsé :
French,éternuement,Mango,át‡sæ
French,éternuement,Ngambay,áytìsó :
French,éternuement,Sar,átÕsö
French,étinceler,Gulay,ndôb‡ :
French,étinceler,Mbay,ndûû
French,étinceler,Mango,ndûb¸ :
French,étinceler,Sar,ndôb¸
French,étoile,Bebote,‡-mþ :
French,étoile,Bediondo,‡-mþÏ
French,étoile,Daba,kø-mþ :
French,étoile,Gor,‡-mþy
French,étoile,Gulay,kçyç :
French,étoile,Kaba_Na,kí-yòyóndü
French,étoile,Kaba,‡-ndètérèndÏ
French,étoile,Laka,‡-ndŸd‡rŸdÏ :
French,étoile,Mbay,k‡-mþõ
French,étoile,Mango,kÉrwþy :
French,étoile,Nar,kúrmþ
French,étoile,Ngambay,kÏ±wÏ
French,étoile,Sar,"tƒyç,kÇyç"
French,étoile,Ngam,k‡-mþmÏþ :
French,être,Bebote,¡ :
French,être,Bediondo,è :
French,être,Daba,ì
French,être,Gor,¡ :
French,être,Gulay,è :
French,être,Kaba,tö
French,être,Laka,tö :
French,être,Mbay,ì :
French,être,Mango,tö :
French,être,Nar,ì
French,être,Ngambay,tö :
French,être,Sar,ì
French,être,Ngam,ì :
French,être debout,Bebote,à :
French,être debout,Bediondo,à :
French,être debout,Daba,÷à
French,être debout,Gor,÷à :
French,être debout,Gulay,ndà :
French,être debout,Kaba,àr
French,être debout,Laka,àr :
French,être debout,Mbay,÷à :
French,être debout,Mango,¼
French,être debout,Nar,÷à :
French,être debout,Ngambay,àr
French,être debout,Sar,rà
French,être debout,Ngam,÷à :
French,étudier; aprendre f,Bebote,ndó :
French,étudier; aprendre f,Bediondo,ndó
French,étudier; aprendre f,Daba,ndóö :
French,étudier; aprendre f,Gor,ndó :
French,étudier; aprendre f,Gulay,ndó
French,étudier; aprendre f,Kaba_Na,ndóò :
French,étudier; aprendre f,Kaba,ndó :
French,étudier; aprendre f,Laka,ndó
French,étudier; aprendre f,Mbay,ndóö :
French,étudier; aprendre f,Mango,ndó :
French,étudier; aprendre f,Nar,ndó
French,étudier; aprendre f,Ngambay,ndó :
French,étudier; aprendre f,Sar,ndóö
French,étudier; aprendre f,Ngam,ndóö :
French,éviter f,Mbay,göng :
French,éviter f,Nar,göng
French,éviter f,Sar,göng
French,excrément f,Bebote,s¡ :
French,excrément f,Bediondo,s¡ :
French,excrément f,Daba,k¡
French,excrément f,Gor,s¡ :
French,excrément f,Gulay,yÆd¸ :
French,excrément f,Kaba_Na,kèÿ
French,excrément f,Kaba,s¡ :
French,excrément f,Laka,s¡ :
French,excrément f,Mbay,k¡¿
French,excrément f,Mango,s¡ :
French,excrément f,Nar,yèd¸ :
French,excrément f,Ngambay,s¡ :
French,excrément f,Sar,yèd¸
French,excrément f,Ngam,yèd¸
French,expert cultivateur f,Bebote,bÕrÆ-kîsÕ
French,expert cultivateur f,Bediondo,bÕrÆ-kîsÕ :
French,expert cultivateur f,Daba,bùrà-kîs
French,expert cultivateur f,Gor,bÕrÆ-kîsÕ f
French,expert cultivateur f,Gulay,bùrÆ-kîsÕ
French,expert cultivateur f,Kaba,bÕrà-kîsÕ :
French,expert cultivateur f,Laka,báw-ndîû
French,expert cultivateur f,Mbay,bÕrà-kîsÕ :
French,expert cultivateur f,Mango,bùrÆ-kîsÕ
French,expert cultivateur f,Nar,bÕrÆ-kîsÕ
French,expert cultivateur f,Ngambay,báw-ndîû :
French,expert cultivateur f,Sar,bÕÈà-kîsÕ
French,fabriquer en tournant,Gulay,sòrè :
French,fabriquer en tournant,Mbay,sùrò
French,fabriquer en tournant,Sar,sÕrè f
French,fagot,Bebote,sï :
French,fagot,Bediondo,sï :
French,fagot,Daba,kïr
French,fagot,Gor,tà-sï :
French,fagot,Gulay,kïr :
French,fagot,Kaba_Na,këy
French,fagot,Kaba,tà-kïr : Kul=këy
French,fagot,Laka,tà-kïr :
French,fagot,Mbay,kïr :
French,fagot,Mango,sï
French,fagot,Nar,kïr :
French,fagot,Ngambay,kïr :
French,fagot,Sar,kïÈ
French,fagot,Ngam,kÕndè f
French,faim,Bebote,ßö :
French,faim,Bediondo,ßö :
French,faim,Daba,ßö
French,faim,Gor,ßö :
French,faim,Gulay,ßö :
French,faim,Kaba_Na,ßö
French,faim,Kaba,ßö :
French,faim,Laka,ßö :
French,faim,Mbay,ßöo
French,faim,Mango,ßö :
French,faim,Nar,ßö :
French,faim,Ngambay,ßö :
French,faim,Sar,ßö
French,faim,Ngam,ßö f
French,faire,Bebote,÷ä :
French,faire,Bediondo,rä :
French,faire,Daba,÷ä
French,faire,Gor,÷ä :
French,faire,Gulay,÷ä :
French,faire,Kaba_Na,tá¯
French,faire,Kaba,÷ä : Kul=tá¯ :
French,faire,Laka,÷ä
French,faire,Mbay,÷äa :
French,faire,Mango,÷ä :
French,faire,Nar,÷ä
French,faire,Ngambay,÷ä :
French,faire,Sar,rä
French,faire,Ngam,÷ähä :
French,ire griller à sec,Bebote,ndàÛ :
French,ire griller à sec,Bediondo,ndàÛ
French,ire griller à sec,Gor,ndàÛ :
French,ire griller à sec,Gulay,ndàÛ :
French,ire griller à sec,Laka,ndàw
French,ire griller à sec,Mbay,ndàÛ :
French,ire griller à sec,Mango,ndîÛ
French,ire griller à sec,Nar,ndàä :
French,ire griller à sec,Ngambay,ndàÛ
French,ire griller à sec,Sar,ndàÛ
French,ire le pique-assiette,Laka,mä• :
French,ire le pique-assiette,Mbay,géÛ
French,ire le pique-assiette,Nar,"bélë,nélé"
French,"ire mal, faire souffrir",Bebote,tö :
French,"ire mal, faire souffrir",Bediondo,tö :
French,"ire mal, faire souffrir",Daba,tö
French,"ire mal, faire souffrir",Gor,tö :
French,"ire mal, faire souffrir",Gulay,tür :
French,"ire mal, faire souffrir",Kaba,tö
French,"ire mal, faire souffrir",Laka,tö :
French,"ire mal, faire souffrir",Mbay,töo
French,"ire mal, faire souffrir",Mango,tö :
French,"ire mal, faire souffrir",Nar,tör :
French,"ire mal, faire souffrir",Ngambay,tö :
French,"ire mal, faire souffrir",Sar,tör
French,"ire mal, faire souffrir",Ngam,tör
French,ire rites,Mbay,hïlë :
French,ire rites,Mango,pölë
French,ire rites,Sar,güg¸
French,rine,Bebote,ndùj¸ :
French,rine,Bediondo,ndùj¸
French,rine,Daba,ndùj :
French,rine,Gor,ndùj¸
French,rine,Gulay,ndùjü :
French,rine,Kaba_Na,ndùjú
French,rine,Kaba,ndùjü :
French,rine,Laka,ndùjï
French,rine,Mbay,ndùj¸ :
French,rine,Mango,ndùj¸
French,rine,Nar,ndùj¸ :
French,rine,Ngambay,ndùjï :
French,rine,Sar,ndùj¸
French,rine,Ngam,ndùj¸
French,tigue,Bebote,kî :
French,tigue,Bediondo,kî :
French,tigue,Gor,kîr
French,tigue,Gulay,kîr :
French,tigue,Kaba_Na,kî
French,tigue,Kaba,rû-kùtä :
French,tigue,Laka,kîr
French,tigue,Mbay,kîr :
French,tigue,Mango,kî :
French,tigue,Nar,kîr
French,tigue,Ngambay,kîr
French,tigue,Ngam,kîÈ :
French,tigué : être,Bebote,î :
French,tigué : être,Bediondo,î :
French,tigué : être,Daba,îr
French,tigué : être,Gor,îr :
French,tigué : être,Gulay,îr :
French,tigué : être,Kaba_Na,î
French,tigué : être,Kaba,îr :
French,tigué : être,Mbay,îr :
French,tigué : être,Mango,î
French,tigué : être,Nar,îr :
French,tigué : être,Ngambay,dàw
French,tigué : être,Sar,îÈ
French,tigué : être,Ngam,îÈ :
French,ucille,Bebote,ngîrîng :
French,ucille,Bediondo,ngòròngÕ
French,ucille,Gor,ngòrò :
French,ucille,Gulay,ngîrîng
French,ucille,Laka,‡-már‡m :
French,ucille,Mbay,ngòròng
French,ucille,Mango,ngîrîng :
French,ucille,Nar,ngòròng
French,ucille,Ngambay,már¸m :
French,ucille,Sar,ngîrîng
French,femme,Bebote,dèné :
French,femme,Bediondo,dÆné
French,femme,Daba,dŸÏ :
French,femme,Gor,dèné :
French,femme,Gulay,d¡yÜ
French,femme,Kaba_Na,màndé :
French,femme,Kaba,dèné
French,femme,Laka,jèné
French,femme,Mbay,dèë-k‡-dŸÏ :
French,femme,Mango,dèné
French,femme,Nar,d¡yÜ :
French,femme,Ngambay,dèné :
French,femme,Sar,d¡yª
French,femme,Ngam,d¡yÏ
French,"femme, épouse",Bebote,nþÏ :
French,"femme, épouse",Bediondo,nþÏ
French,"femme, épouse",Daba,n¬yª :
French,"femme, épouse",Gor,nþÏ :
French,"femme, épouse",Gulay,nþÏ
French,"femme, épouse",Kaba,dèné :
French,"femme, épouse",Mbay,nþÏ :
French,"femme, épouse",Mango,nþ
French,"femme, épouse",Nar,n¬yÜ :
French,"femme, épouse",Ngambay,dèné :
French,"femme, épouse",Sar,n¬yª
French,"femme, épouse",Ngam,n¬yÏ
French,fendre,Bebote,"kÕsÕ, rüwæ :"
French,fendre,Bediondo,gäj¸
French,fendre,Gor,"rüwæ, kºy :"
French,fendre,Gulay,gºyº
French,fendre,Kaba_Na,wùyà :
French,fendre,Laka,"gäjï, rïbä"
French,fendre,Mbay,gäj¸ :
French,fendre,Mango,gºyº
French,fendre,Nar,gäj¸ :
French,fendre,Ngambay,gäjï
French,fendre,Sar,gäj¸
French,"fendre, couper",Bebote,tº :
French,"fendre, couper",Bediondo,tº :
French,"fendre, couper",Gor,tº
French,"fendre, couper",Gulay,"njàrè, gºyº :"
French,"fendre, couper",Laka,rïyä
French,"fendre, couper",Mbay,njàr :
French,"fendre, couper",Nar,njàr
French,"fendre, couper",Ngambay,njàrè :
French,"fendre, couper",Sar,njàÈ
French,fendre; déchirer,Bebote,rüwæ :
French,fendre; déchirer,Bediondo,r¸yæ
French,fendre; déchirer,Gor,rïyæ :
French,fendre; déchirer,Gulay,rïbæ
French,fendre; déchirer,Kaba,rïbä :
French,fendre; déchirer,Laka,rïbä
French,fendre; déchirer,Mbay,rïyä :
French,fendre; déchirer,Mango,tª :
French,fendre; déchirer,Nar,rïyæ
French,fendre; déchirer,Ngambay,"rïyä, rïbä :"
French,fendre; déchirer,Sar,njáÊ
French,fendre; diviser; partager,Bebote,kºy :
French,fendre; diviser; partager,Bediondo,kºy :
French,fendre; diviser; partager,Daba,käy
French,fendre; diviser; partager,Gor,tº :
French,fendre; diviser; partager,Gulay,käy :
French,fendre; diviser; partager,Kaba_Na,yäy
French,fendre; diviser; partager,Laka,käy :
French,fendre; diviser; partager,Mbay,käy :
French,fendre; diviser; partager,Mango,tº
French,fendre; diviser; partager,Nar,kþy :
French,fendre; diviser; partager,Ngambay,käy :
French,fendre; diviser; partager,Sar,këng
French,fer,Bebote,gìnd¸ :
French,fer,Bediondo,gÕnd¸
French,fer,Daba,"wþy,gìnd :"
French,fer,Gor,gìnd¸
French,fer,Gulay,gìnd¸ :
French,fer,Laka,ngàw-lar
French,fer,Mbay,gìnd¸ :
French,fer,Mango,gìnd¸
French,fer,Nar,gìnd¸ :
French,fer,Sar,gìnd¸
French,fer,Ngam,gïnd¸
French,fermer,Bebote,ùt¸ :
French,fermer,Bediondo,ùt¸ :
French,fermer,Daba,ùt
French,fermer,Gor,ùt¸ :
French,fermer,Gulay,ùtü :
French,fermer,Kaba_Na,òtï
French,Langues Sara,Kaba,ùtü :
French,Langues Sara,Laka,ù÷ü :
French,Langues Sara,Mbay,ùt¸
French,Langues Sara,Mango,ùt¸ :
French,Langues Sara,Nar,ùt¸ :
French,Langues Sara,Ngambay,ùdü :
French,Langues Sara,Sar,ùt¸
French,Langues Sara,Ngam,wùt¸
French,fesses,Bebote,kùtÕ :
French,fesses,Bediondo,g‡n
French,fesses,Daba,gáy :
French,fesses,Gor,kùtÕ :
French,fesses,Gulay,mbù®
French,fesses,Kaba_Na,mèy :
French,fesses,Kaba,kùtù
French,fesses,Laka,kùdù :
French,fesses,Mbay,gír
French,fesses,Mango,kùt¸ :
French,fesses,Nar,gír :
French,fesses,Ngambay,kùdù :
French,fesses,Sar,mbùÊ
French,fesses,Ngam,gír
French,feu,Bebote,pòr :
French,feu,Bediondo,pòr :
French,feu,Daba,wò÷
French,feu,Gor,pòr :
French,feu,Gulay,pòr :
French,feu,Kaba_Na,hàrù
French,feu,Kaba,pùrù : Kul=fàrù :
French,feu,Laka,pÆr
French,feu,Mbay,hòr :
French,feu,Mango,pÆr :
French,feu,Nar,hòr
French,feu,Ngambay,pÆr :
French,feu,Sar,hòr
French,feu,Ngam,hòr :
French,filet,Bebote,b¸ræ :
French,filet,Bediondo,bánd¸
French,filet,Daba,bán :
French,filet,Gor,bánd¸ :
French,filet,Gulay,büræ
French,filet,Kaba_Na,bándà :
French,filet,Kaba,bùrà
French,filet,Laka,bánd¸ :
French,filet,Mbay,bánd‡
French,filet,Mango,büræ :
French,filet,Nar,÷éng
French,filet,Ngambay,bürä
French,filet,Sar,bándÕ
French,filet,Ngam,÷éng‡ :
French,"fils, fille",Bebote,ngön :
French,"fils, fille",Bediondo,ngön
French,"fils, fille",Gor,ngön :
French,"fils, fille",Gulay,ngön
French,"fils, fille",Kaba,ngön :
French,"fils, fille",Laka,ngön
French,"fils, fille",Mbay,ngön :
French,"fils, fille",Mango,ngön
French,"fils, fille",Nar,ngön :
French,"fils, fille",Ngambay,ngön :
French,"fils, fille",Sar,ngön
French,"fils, fille",Ngam,ngön
French,filtrer,Bebote,ndèë :
French,filtrer,Bediondo,ndèë
French,filtrer,Daba,ndèë :
French,filtrer,Gor,ndèë :
French,filtrer,Gulay,ndŸþ
French,filtrer,Kaba,ndèë :
French,filtrer,Laka,ndÆÿ
French,filtrer,Mbay,ndèë :
French,filtrer,Mango,ndÆÿ
French,filtrer,Nar,ndèë :
French,filtrer,Ngambay,ndÆÿ
French,filtrer,Sar,ndŸþ
French,fille initiée,Bebote,b¼y¼ :
French,fille initiée,Bediondo,b¼y¼
French,fille initiée,Daba,b¼y¼ :
French,fille initiée,Gor,b¼y¼
French,fille initiée,Gulay,ndò-d¡yÜ :
French,fille initiée,Kaba,màk¸
French,fille initiée,Laka,màg¸ :
French,fille initiée,Mbay,b¼y :
French,fille initiée,Mango,b¼y¼
French,fille initiée,Nar,b¼y¼ :
French,fille initiée,Ngambay,màg¸
French,fille initiée,Sar,b¼y¼
French,flétrir : se f,Bediondo,ndòlë :
French,flétrir : se f,Daba,ndùlë
French,flétrir : se f,Gulay,ndòlë :
French,flétrir : se f,Laka,ndòlë
French,flétrir : se f,Mbay,ndùlö :
French,flétrir : se f,Mango,ndòlë
French,flétrir : se f,Ngambay,ndòlë :
French,flétrir : se f,Sar,ndÕlë
French,fleur; fleurir,Bebote,pút¸ :
French,fleur; fleurir,Bediondo,pút¸
French,fleur; fleurir,Daba,wút :
French,fleur; fleurir,Gor,pút¸ :
French,fleur; fleurir,Gulay,pútü
French,fleur; fleurir,Kaba_Na,húrè :
French,fleur; fleurir,Kaba,pútü f
French,fleur; fleurir,Laka,púdü :
French,fleur; fleurir,Mbay,hút¸ :
French,fleur; fleurir,Mango,pútü
French,fleur; fleurir,Nar,hút¸ :
French,fleur; fleurir,Ngambay,púdü
French,fleur; fleurir,Sar,hút¸
French,fleuve f,Bebote,bä :
French,fleuve f,Bediondo,bä :
French,fleuve f,Daba,bä
French,fleuve f,Gor,bä :
French,fleuve f,Gulay,bä :
French,fleuve f,Kaba_Na,bä
French,fleuve f,Kaba,bä : Kul=vä :
French,fleuve f,Laka,bä
French,fleuve f,Mbay,bäa :
French,fleuve f,Mango,bä :
French,fleuve f,Nar,bä
French,fleuve f,Ngambay,bä :
French,fleuve f,Sar,bä f
French,fleuve f,Ngam,bä :
French,"flotter, couler",Bebote,læl :
French,"flotter, couler",Gor,læl
French,"flotter, couler",Gulay,ùlÆ :
French,"flotter, couler",Kaba_Na,lülü :
French,"flotter, couler",Laka,ùlà
French,"flotter, couler",Mbay,n¦¾ :
French,"flotter, couler",Mango,lö :
French,"flotter, couler",Nar,ÕlÆ
French,"flotter, couler",Ngambay,n¦ :
French,"flotter, couler",Sar,nç
French,"flotter, couler",Ngam,nühü :
French,flûte,Bediondo,nàl :
French,flûte,Gor,gª :
French,flûte,Kaba,làl
French,flûte,Mbay,nàl :
French,flûte,Nar,nàl f
French,foie,Bediondo,ùr :
French,foie,Gor,ùr :
French,foie,Gulay,wùr
French,foie,Kaba_Na,wù :
French,foie,Laka,ùr :
French,foie,Mbay,wùr
French,foie,Mango,ùr :
French,foie,Nar,ùr :
French,foie,Ngambay,ùr
French,foin (pour les animaux),Bebote,mônë :
French,foin (pour les animaux),Bediondo,mónë f
French,foin (pour les animaux),Daba,míró :
French,foin (pour les animaux),Gulay,mórë :
French,foin (pour les animaux),Laka,mórö
French,foin (pour les animaux),Mbay,m‡ró :
French,foin (pour les animaux),Mango,mónë
French,foin (pour les animaux),Ngambay,mórö :
French,foin (pour les animaux),Sar,móÈò
French,fois f,Bebote,njà :
French,fois f,Bediondo,njà :
French,fois f,Daba,njà
French,fois f,Gor,njà :
French,fois f,Gulay,njà :
French,fois f,Kaba,gîl
French,fois f,Mbay,njà :
French,fois f,Mango,njà :
French,fois f,Nar,njà f
French,fois f,Ngambay,gîl :
French,fois f,Sar,njà
French,fois f,Ngam,njà :
French,fondre,Bebote,lŸþ :
French,fondre,Bediondo,lŸþ
French,fondre,Gor,yçnç :
French,fondre,Gulay,lŸþ
French,fondre,Kaba_Na,ndàtè :
French,fondre,Kaba,yïl :
French,fondre,Laka,lŸþ f
French,fondre,Mbay,yŸþ :
French,fondre,Mango,lŸþ :
French,fondre,Nar,yŸþ
French,fondre,Ngambay,lŸþ :
French,fondre,Sar,yŸþ
French,fondre,Ngam,yŸhþ :
French,rce,Bebote,tôg¸ :
French,rce,Bediondo,tôg¸
French,rce,Daba,tôg :
French,rce,Gor,tôg¸ :
French,rce,Gulay,tôg‡
French,rce,Kaba_Na,kàngä :
French,rce,Kaba,tôk¸
French,rce,Laka,"tôg¸, kïngä"
French,rce,Mbay,tôg‡ :
French,rce,Mango,tôg¸
French,rce,Nar,tôg¸ :
French,rce,Ngambay,tôg¸ :
French,rce,Sar,tôgÕ
French,rce,Ngam,tôg‡
French,rêt,Bediondo,kù :
French,rêt,Daba,kù :
French,rêt,Gulay,kù
French,rêt,Kaba_Na,gàlà :
French,rêt,Kaba,kù :
French,rêt,Laka,kúdü
French,rêt,Mbay,kùu :
French,rêt,Nar,kù :
French,rêt,Ngambay,kù
French,rger,Bebote,ò :
French,rger,Bediondo,ò :
French,rger,Gor,òw
French,rger,Gulay,ùwÆ :
French,rger,Mbay,òo :
French,rger,Mango,ò
French,rger,Nar,ò :
French,rger,Ngambay,òö
French,rger,Sar,ùwà
French,rger,Ngam,wòhò :
French,rgeron,Bebote,kîd¸ :
French,rgeron,Bediondo,kîd¸
French,rgeron,Gor,"njÆ-kòw-yª,kîd¸"
French,rgeron,Gulay,kîd¸ :
French,rgeron,Kaba_Na,kîdë-kòkù
French,rgeron,Kaba,kîrü :
French,rgeron,Laka,njè-kî®
French,rgeron,Mbay,kîd¸ :
French,rgeron,Mango,kîd¸
French,rgeron,Nar,kîd¸ :
French,rgeron,Ngambay,njè-kî® :
French,rgeron,Sar,kîd¸
French,rgeron,Ngam,kîd¸
French,"rt : être (boisson, magie)",Bebote,òlè :
French,"rt : être (boisson, magie)",Bediondo,òlè :
French,"rt : être (boisson, magie)",Daba,òng
French,"rt : être (boisson, magie)",Gor,ÆngÕ :
French,"rt : être (boisson, magie)",Gulay,"Æng, àt¸"
French,"rt : être (boisson, magie)",Kaba,m¡¬ :
French,"rt : être (boisson, magie)",Laka,m¡¬ :
French,"rt : être (boisson, magie)",Mbay,òng
French,"rt : être (boisson, magie)",Mango,ÆngÕ :
French,"rt : être (boisson, magie)",Nar,ngàñg
French,"rt : être (boisson, magie)",Ngambay,òlè :
French,"rt : être (boisson, magie)",Sar,òng
French,"rt : être (boisson, magie)",Ngam,wòng :
French,uiller,Bediondo,mbát¸ :
French,uiller,Laka,njïngïlïng
French,uiller,Mbay,ndïyö :
French,uiller,Nar,ndèlè
French,uiller,Ngambay,jág¸lä
French,uiller,Gulay,ndòlè :
French,uiller,Mbay,nd¸yë
French,uiller,Mango,ndòlè :
French,uiller,Sar,ndÕlè
French,urche d'arbre,Gulay,gàjÕ :
French,urche d'arbre,Kaba_Na,bàrä
French,urche d'arbre,Laka,bàj¼ :
French,urche d'arbre,Mbay,bàjÕ :
French,urche d'arbre,Mango,gàjÕ
French,urche d'arbre,Nar,gàjÕ
French,urche d'arbre,Ngambay,"mbº-käg¸, b¼"
French,urchu : être,Bebote,gàjÕ :
French,urchu : être,Bediondo,gàjÕ
French,urchu : être,Daba,gàj :
French,urchu : être,Gor,"bàjï,gàjÕ"
French,urchu : être,Gulay,gàjÕ :
French,urchu : être,Kaba,b¼ :
French,urchu : être,Laka,"gàjì,"
French,Français,Mbay,gàjÕ :
French,Français,Mango,gàjÕ
French,Français,Nar,gàjÕ :
French,Français,Ngambay,b
French,Français,Sar,gàjÕ
French,Français,Ngam,gàjÕ :
French,"fourmi, grande : esp.",Gulay,bém :
French,"fourmi, grande : esp.",Mbay,t‡pá
French,"fourmi, grande : esp.",Mango,bémë :
French,"fourmi, grande : esp.",Sar,bé¯
French,"fourmi, petite noire : esp.",Bebote,tú :
French,"fourmi, petite noire : esp.",Bediondo,‡-tú :
French,"fourmi, petite noire : esp.",Gulay,túr
French,"fourmi, petite noire : esp.",Kaba,túr :
French,"fourmi, petite noire : esp.",Laka,‡-túr :
French,"fourmi, petite noire : esp.",Mbay,tú®
French,"fourmi, petite noire : esp.",Mango,tú :
French,"fourmi, petite noire : esp.",Ngambay,túr :
French,"fourmi, petite noire : esp.",Sar,túÊ
French,"fourmi, petite noire : esp.",Gulay,tòtè :
French,"fourmi, petite noire : esp.",Laka,tò÷è
French,"fourmi, petite noire : esp.",Mbay,k‡-tìtè
French,fourmi rouge : esp. de,Bebote,tƒyð :
French,fourmi rouge : esp. de,Bediondo,t‡yð
French,fourmi rouge : esp. de,Gor,tíyð :
French,fourmi rouge : esp. de,Gulay,tƒyð
French,fourmi rouge : esp. de,Kaba_Na,tí…ä :
French,fourmi rouge : esp. de,Kaba,tƒyº
French,fourmi rouge : esp. de,Laka,‡-Žƒyº :
French,fourmi rouge : esp. de,Mbay,tƒyº
French,fourmi rouge : esp. de,Mango,tƒyð :
French,fourmi rouge : esp. de,Nar,tƒyð
French,fourmi rouge : esp. de,Ngambay,tƒyº :
French,fourmi rouge : esp. de,Sar,tƒyç
French,"fourmi, rouge : esp.",Bediondo,tòÿ :
French,"fourmi, rouge : esp.",Gulay,tòÿ :
French,"fourmi, rouge : esp.",Laka,tòÿ
French,"fourmi, rouge : esp.",Mbay,tòÿ :
French,"fourmi, rouge : esp.",Mango,tòÿ :
French,"fourmi, rouge : esp.",Ngambay,tòÿ
French,"fourmi, rouge : esp.",Sar,tòÿ
French,fourmilier,Bebote,bärä :
French,fourmilier,Bediondo,bärä
French,fourmilier,Gor,bärä :
French,fourmilier,Kaba,njàrè
French,fourmilier,Laka,njèrè :
French,fourmilier,Mbay,bär :
French,fourmilier,Mango,bärä
French,fourmilier,Nar,ßë-tètè :
French,fourmilier,Ngambay,tàlbás¸
French,fourmilier,Sar,mbär
French,fourreau,Kaba_Na,hôkû :
French,fourreau,Laka,ßôl
French,fourreau,Mbay,häw :
French,fourreau,Mango,ngÆæ
French,fourreau,Nar,hûpû :
French,fourreau,Ngambay,sûl :
French,fourreau,Sar,hûp
French,fourreau,Gulay,ngÆæ :
French,fourreau,Laka,ßám
French,fourreau,Mbay,ngèë :
French,fourreau,Mango,ngôy
French,foyer,Bebote,pïl :
French,foyer,Bediondo,p¸l
French,foyer,Daba,bût-yïl :
French,foyer,Gor,pïl
French,foyer,Gulay,pïl :
French,foyer,Kaba_Na,sïlï :
French,foyer,Kaba,pïl
French,foyer,Laka,pïl :
French,foyer,Mbay,hïl
French,foyer,Mango,pïl :
French,foyer,Nar,hïl :
French,foyer,Ngambay,pïl :
French,foyer,Sar,sïl
French,foyer,Ngam,sïl
French,frais : être,Bebote,sî£ :
French,frais : être,Bediondo,sî£ :
French,frais : être,Daba,sî£
French,frais : être,Gor,sî£ :
French,frais : être,Gulay,sî£ :
French,frais : être,Kaba_Na,káÿ
French,Langues Sara,Kaba,wù£ :
French,Langues Sara,Laka,"sî£, kül"
French,Langues Sara,Mbay,sî£ :
French,Langues Sara,Mango,sî£ :
French,Langues Sara,Nar,sî£
French,Langues Sara,Ngambay,kül :
French,Langues Sara,Sar,sî£
French,Langues Sara,Ngam,sî£ :
French,frais; mouillé : être,Bediondo,mbæl :
French,frais; mouillé : être,Daba,mböl
French,frais; mouillé : être,Gulay,mbæl :
French,frais; mouillé : être,Mbay,mböl :
French,frais; mouillé : être,Mango,mbæl
French,fréquement,Laka,tà©-tà© :
French,fréquement,Mbay,sŸõ
French,fréquement,Nar,ngándáng
French,"frère, soeur",Bebote,ngö-kÇ :
French,"frère, soeur",Bediondo,ngö-kÇ
French,"frère, soeur",Daba,nònd :
French,"frère, soeur",Gor,ngö-kÇ
French,"frère, soeur",Gulay,ngö-kÇ :
French,"frère, soeur",Kaba,ngö-kÇ
French,"frère, soeur",Laka,ngö-kÇ :
French,"frère, soeur",Mbay,ngön-kÇ¢
French,"frère, soeur",Mango,ngö-kÇ :
French,"frère, soeur",Nar,ngæ-kÇ
French,"frère, soeur",Ngambay,ngö-kÇ
French,"frère, soeur",Sar,ngö-kÇ
French,"frère, soeur",Ngam,ngö-kÇ :
French,froid,Bebote,kül :
French,froid,Bediondo,kül :
French,froid,Daba,kül
French,froid,Gor,kül :
French,froid,Gulay,kül :
French,froid,Kaba_Na,külï
French,froid,Kaba,kül :
French,froid,Laka,kül :
French,froid,Mbay,kül
French,froid,Mango,kül :
French,froid,Nar,kül :
French,froid,Ngambay,kül :
French,froid,Sar,kül
French,froid,Ngam,kül
French,front,Bebote,nÅ :
French,front,Bediondo,nàtÕ-nò
French,front,Daba,nÅ :
French,front,Gor,nÅ :
French,front,Gulay,kär-nÅ
French,front,Kaba_Na,dà»-nîû :
French,front,Kaba,nÅ
French,front,Laka,ßè-dà-nÅ
French,front,Mbay,nÅ :
French,front,Mango,nÅ :
French,front,Nar,nÅ
French,front,Ngambay,nÅ :
French,front,Sar,nÅ
French,front,Ngam,nò :
French,frotter,Bebote,ùsÕ :
French,frotter,Bediondo,ùsÕ
French,frotter,Gor,ùsÕ :
French,frotter,Gulay,ùsù :
French,frotter,Kaba,ùsù
French,frotter,Laka,ùsù :
French,frotter,Mbay,ùsÕ :
French,frotter,Mango,ùsù
French,frotter,Nar,ùsÕ :
French,frotter,Ngambay,rìï
French,frotter,Sar,ùsÕ
French,frotter,Ngam,ùsÕ :
French,fructifier,Bebote,ànd¸ :
French,fructifier,Bediondo,ànd¸
French,fructifier,Daba,ànd :
French,fructifier,Gor,ànd¸ :
French,fructifier,Gulay,àñ
French,fructifier,Kaba_Na,ànä :
French,fructifier,Kaba,ànd¸ :
French,fructifier,Laka,ànd¸
French,fructifier,Mbay,ànd¸ :
French,fructifier,Mango,ànd¸
French,fructifier,Nar,"àñ, ùdÕ :"
French,fructifier,Ngambay,ànd¸
French,fructifier,Sar,àñ
French,fruit,Bebote,kànd¸ :
French,fruit,Bediondo,kànd¸
French,fruit,Daba,kànd :
French,fruit,Gor,kànd¸ :
French,fruit,Gulay,kàñ
French,fruit,Kaba_Na,kànä :
French,fruit,Kaba,kànd¸
French,fruit,Laka,kànd¸
French,fruit,Mbay,kànd¸ :
French,fruit,Mango,kànd¸
French,fruit,Nar,kàñ :
French,fruit,Ngambay,kánd¸ :
French,fruit,Sar,kàñ g
French,fruit,Ngam,kàñ
French,fruit de karité,Mbay,yòÛ :
French,fruit de karité,Mango,yæb‡
French,fruit de karité,Sar,yò€
French,fruit de karité,Ngam,yòb‡ :
French,fruit pas mur,Daba,ngór :
French,fruit pas mur,Gulay,ßæ€
French,fruit pas mur,Laka,mÉsærÉ :
French,fruit pas mur,Mbay,ngór g
French,fruit pas mur,Sar,ngórò
French,"fuir, s'enfuir",Bebote,¼ÿ :
French,"fuir, s'enfuir",Bediondo,¼ÿ :
French,"fuir, s'enfuir",Daba,¼ÿ
French,"fuir, s'enfuir",Gor,¼ÿ :
French,"fuir, s'enfuir",Gulay,¼ÿ :
French,"fuir, s'enfuir",Kaba_Na,à…ä
French,"fuir, s'enfuir",Kaba,¼ÿ :
French,"fuir, s'enfuir",Laka,¼y :
French,"fuir, s'enfuir",Mbay,¼ÿ
French,"fuir, s'enfuir",Mango,¼ÿ :
French,"fuir, s'enfuir",Nar,¼ÿ :
French,"fuir, s'enfuir",Ngambay,¼ÿ :
French,"fuir, s'enfuir",Sar,¼º g
French,"fuir, s'enfuir",Ngam,¼ÿ
French,fumée,Bebote,sà :
French,fumée,Bediondo,sà :
French,fumée,Daba,sà
French,fumée,Gor,sà :
French,fumée,Gulay,sà :
French,fumée,Kaba_Na,tühü
French,fumée,Kaba,sà :
French,fumée,Laka,sà :
French,fumée,Mbay,sàa
French,fumée,Mango,sà :
French,fumée,Nar,sà :
French,fumée,Ngambay,sà :
French,fumée,Sar,sà g
French,fumée,Ngam,sàhà
French,"furoncle, bouton au visage",Bediondo,ngàw :
French,"furoncle, bouton au visage",Gulay,ngàw
French,"furoncle, bouton au visage",Laka,ngàw :
French,"furoncle, bouton au visage",Mbay,ngàw :
French,"furoncle, bouton au visage",Ngambay,ngàw
French,future vie; au-delà,Bediondo,köó :
French,future vie; au-delà,Gulay,köó g
French,future vie; au-delà,Kaba_Na,hä…ä :
French,future vie; au-delà,Laka,jàbà€
French,future vie; au-delà,Mbay,köó :
French,future vie; au-delà,Mango,köó :
French,future vie; au-delà,Nar,ngóy
French,galago : esp. de,Bediondo,bàtàng¸ :
French,galago : esp. de,Kaba_Na,kí-mä…ä
French,galago : esp. de,Kaba,bùtäng¸ :
French,galago : esp. de,Laka,bìtàng¸ g
French,galago : esp. de,Mbay,bÕràng :
French,galago : esp. de,Ngambay,bàtäng
French,"gale, la",Gulay,bàtÕ-wäl :
French,"gale, la",Mbay,ngôk¸
French,"gale, la",Mango,ngª¼-ngünð :
French,"gale, la",Sar,kîrí g
French,garder [troupeau],Bebote,ngæm :
French,garder [troupeau],Bediondo,ngæm
French,garder [troupeau],Daba,ßàt :
French,garder [troupeau],Gor,ngöm :
French,garder [troupeau],Gulay,ngöm
French,garder [troupeau],Kaba,ngæm :
French,garder [troupeau],Laka,ngæm
French,garder [troupeau],Mbay,ngöm :
French,garder [troupeau],Mango,ngæm
French,garder [troupeau],Nar,ngöm :
French,garder [troupeau],Ngambay,ngæm g
French,garder [troupeau],Sar,ngöm
French,gauche,Bebote,gÆl :
French,gauche,Bediondo,gÆl :
French,gauche,Daba,gèl
French,gauche,Gor,gÆl :
French,gauche,Gulay,gÆl :
French,gauche,Kaba_Na,gálì
French,gauche,Kaba,gÆl :
French,gauche,Laka,gÆl :
French,gauche,Mbay,gèl
French,gauche,Mango,gÆl :
French,gauche,Nar,gèl :
French,gauche,Ngambay,gèl :
French,gauche,Sar,gèl
French,gauche,Ngam,gèl
French,mir,Bebote,tÕmð :
French,mir,Bediondo,tÕmæ
French,mir,Daba,"dáÿ,tÅç :"
French,mir,Gor,tùmð
French,mir,Gulay,tÅç :
French,mir,Kaba_Na,téhë :
French,mir,Kaba,tçwº
French,mir,Laka,t“wº :
French,mir,Mbay,tÅç :
French,mir,Mango,t“mð
French,mir,Nar,tÅç :
French,mir,Ngambay,Æ£ :
French,mir,Sar,tÅç
French,ncives,Bebote,yÕdæ :
French,ncives,Bediondo,yÕdÕ
French,ncives,Daba,ßüd-ngäng :
French,ncives,Gor,yìdÕ
French,ncives,Gulay,bìr-gîgÕ
French,ncives,Laka,dà-kàsÕ-ngäng
French,ncives,Mbay,dà-yìdè :
French,ncives,Mango,yìd¸
French,ncives,Nar,bórö :
French,ncives,Ngambay,yì® :
French,ncives,Sar,b‡rà
French,nette,Bebote,täg¸ :
French,nette,Bediondo,täg¸
French,nette,Gulay,täk¸ :
French,nette,Kaba_Na,tägö
French,nette,Kaba,täk¸ :
French,nette,Laka,täg¸
French,nette,Mbay,täg¸ :
French,nette,Mango,täg¸
French,nette,Ngambay,täg¸
French,nou,Gulay,mÆr-kÆjÕ :
French,nou,Kaba_Na,jè
French,nou,Mbay,gòjÕ :
French,nou,Mango,ßúgúlú-njà
French,nou,Nar,kèsÕ :
French,nou,Ngambay,-sí
French,nou,Sar,kèjÕ
French,nou,Ngam,-jÕ :
French,rafe,Bebote,käl :
French,rafe,Bediondo,kòl
French,rafe,Gulay,kÆrlòw :
French,rafe,Kaba_Na,kòlò
French,rafe,Mbay,kòl :
French,rafe,Mango,kòl
French,rafe,Nar,kòl :
French,rafe,Sar,kòl
French,aner,Bediondo,ßù :
French,aner,Kaba_Na,ngáÞ
French,aner,Laka,ßùrù :
French,aner,Mbay,bé£ :
French,aner,Mango,ßù
French,aner,Nar,ßù® :
French,aner,Ngambay,ßùr
French,mbo,Bebote,y‡mð :
French,mbo,Bediondo,y‡mð
French,mbo,Daba,nímá :
French,mbo,Gor,nøwð :
French,mbo,Gulay,yƒmÜ
French,mbo,Kaba_Na,…ámà :
French,mbo,Kaba,yƒmº :
French,mbo,Laka,ímä
French,mbo,Mbay,n‡má :
French,mbo,Mango,yímð
French,mbo,Nar,gòm :
French,mbo,Ngambay,ímä :
French,mbo,Sar,n‡mà
French,ndoler : se,Gulay,ùmð :
French,ndoler : se,Mbay,sünjür
French,ndoler : se,Ngambay,ndü©
French,"gourde, esp. de",Bebote,gà£ :
French,"gourde, esp. de",Bediondo,gà£
French,"gourde, esp. de",Gor,gà£ :
French,"gourde, esp. de",Gulay,gè£ :
French,"gourde, esp. de",Kaba_Na,gálà
French,"gourde, esp. de",Kaba,gà£ :
French,"gourde, esp. de",Laka,kü-ngäw
French,"gourde, esp. de",Mbay,gà£ :
French,"gourde, esp. de",Mango,gà£ :
French,"gourde, esp. de",Nar,kál
French,"gourde, esp. de",Ngambay,gólë :
French,"gourde, esp. de",Sar,gà£
French,"gourde, esp. de",Ngam,gà£ :
French,gourdin,Bebote,gîl :
French,gourdin,Bediondo,gîl :
French,gourdin,Daba,gîl
French,gourdin,Gor,gîl :
French,gourdin,Gulay,gîl :
French,gourdin,Kaba_Na,gîlè
French,gourdin,Kaba,gùrù :
French,gourdin,Laka,gùrù :
French,gourdin,Mbay,gîl
French,gourdin,Mango,gîl :
French,gourdin,Nar,gîl :
French,gourdin,Ngambay,gîl :
French,gourdin,Sar,gîl
French,gourdin,Ngam,÷¸ng
French,goût,Gulay,mbÇrÇ :
French,goût,Mbay,m‡rª
French,goût,Sar,mb‡Èà
French,goûter,Bebote,nº :
French,goûter,Bediondo,nº :
French,goûter,Daba,nº
French,goûter,Gor,nº :
French,goûter,Gulay,nº :
French,goûter,Kaba_Na,ndö
French,goûter,Kaba,nº :
French,goûter,Laka,nº :
French,goûter,Mbay,nº½
French,goûter,Mango,nº :
French,goûter,Nar,nº :
French,goûter,Ngambay,nº :
French,goûter,Sar,nº
French,goûter,Ngam,nº
French,grâce à,Bebote,tà-kül :
French,grâce à,Bediondo,tà-kül
French,grâce à,Gor,kÕtà-kül :
French,grâce à,Gulay,tà-kül
French,grâce à,Kaba,mbä-tàr :
French,grâce à,Laka,mbôr-dî
French,grâce à,Mbay,kÕtä-tûû :
French,grâce à,Mango,"mbæl-dî,"
French,grâce à,Nar,tÆ-kül
French,grâce à,Ngambay,mbôl-d
French,grâce à,Sar,tà-kül
French,grâce à,Ngam,kÕtä-kül :
French,"graillon, flegme",Laka,hàgÕ :
French,"graillon, flegme",Mbay,gÅ¢
French,"graillon, flegme",Mango,ndîl :
French,"graillon, flegme",Nar,k¼º :
French,"graillon, flegme",Sar,k¼r¼
French,"grain, germes",Bebote,kö :
French,"grain, germes",Bediondo,kö :
French,"grain, germes",Daba,kö
French,"grain, germes",Gor,kö :
French,"grain, germes",Gulay,kö :
French,"grain, germes",Kaba_Na,köhö
French,"grain, germes",Kaba,kö :
French,"grain, germes",Laka,kö :
French,"grain, germes",Mbay,köo
French,"grain, germes",Mango,kö-né :
French,"grain, germes",Nar,kö :
French,"grain, germes",Ngambay,kö
French,"grain, germes",Sar,kö
French,graisseux : être,Bebote,ÆmÕ :
French,graisseux : être,Bediondo,ÆmÆ :
French,graisseux : être,Daba,èm
French,graisseux : être,Gor,èmè :
French,graisseux : être,Gulay,ÆmÆ :
French,graisseux : être,Kaba,èmè
French,graisseux : être,Laka,ÐmÐ :
French,graisseux : être,Mbay,yàm :
French,graisseux : être,Mango,ngùr
French,graisseux : être,Nar,yèmbÕ :
French,graisseux : être,Ngambay,ÆmÕ
French,graisseux : être,Sar,yàmbÕ
French,grand : être,Bebote,bòý :
French,grand : être,Daba,bò
French,grand : être,Gor,möng¸ :
French,grand : être,Gulay,bò :
French,grand : être,Kaba_Na,wòö
French,Langues Sara,Kaba,"ndæw, bò : Kul=kókò"
French,Langues Sara,Laka,bò :
French,Langues Sara,Mbay,bòo :
French,Langues Sara,Mango,bòý
French,Langues Sara,Nar,bò :
French,Langues Sara,Ngambay,bòý :
French,Langues Sara,Sar,bò
French,grand-frère,Laka,bùbä :
French,grand-frère,Mbay,ngà-tôg‡
French,grand-frère,Mango,pápá :
French,grand-frère,Nar,pápä
French,grandir,Bebote,tîgÕ :
French,grandir,Bediondo,tîgÕ
French,grandir,Daba,tîg :
French,grandir,Gor,tîgÕ :
French,grandir,Gulay,tîgÕ
French,grandir,Kaba_Na,tîgî :
French,grandir,Kaba,tîkÕ
French,grandir,Laka,tîgÕ :
French,grandir,Mbay,tîgÕ :
French,grandir,Mango,tîgÕ
French,grandir,Nar,tîgÕ :
French,grandir,Ngambay,tîgÕ
French,grandir,Sar,tîgÕ
French,grandparent,Bebote,kàw :
French,grandparent,Bediondo,kà :
French,grandparent,Daba,kà
French,grandparent,Gor,kàw :
French,grandparent,Gulay,kà :
French,grandparent,Kaba_Na,kàká
French,grandparent,Kaba,kà : Kul=hàhä :
French,grandparent,Laka,kà
French,grandparent,Mbay,kàa :
French,grandparent,Mango,kà :
French,grandparent,Nar,kà
French,grandparent,Ngambay,kà :
French,grandparent,Sar,kà
French,grandparent,Ngam,kàhà :
French,gratter,Bebote,ÕngÉ :
French,gratter,Bediondo,ùy :
French,gratter,Gor,ùy
French,gratter,Gulay,ndÅç :
French,gratter,Kaba_Na,èkè :
French,gratter,Kaba,Õngæ
French,gratter,Laka,ngÉ :
French,gratter,Mbay,ùy :
French,gratter,Mango,ìngÉ
French,gratter,Ngambay,ngÉ :
French,gratter,Sar,ndÅç
French,gratter,Ngam,ùgÕ :
French,grêle,Bebote,kûs¸ :
French,grêle,Bediondo,kûs¸
French,grêle,Gor,kûs¸ :
French,grêle,Gulay,kûŽ¸
French,grêle,Kaba_Na,mbóö :
French,grêle,Kaba,kûjï
French,grêle,Laka,kûjï :
French,grêle,Mbay,kûs¸ :
French,grêle,Mango,kûs¸
French,grêle,Nar,kûs¸ :
French,grêle,Ngambay,kûjï
French,grêle,Sar,kûs¸
French,grenier,Bebote,dàm :
French,grenier,Bediondo,dàm :
French,grenier,Daba,dàm
French,grenier,Gor,dàm :
French,grenier,Gulay,dàm :
French,grenier,Kaba_Na,wä
French,grenier,Kaba,dàm :
French,grenier,Laka,dàm :
French,grenier,Mbay,dàm
French,grenier,Mango,dàm :
French,grenier,Nar,mûy :
French,grenier,Ngambay,dàm
French,grenier,Sar,mçy
French,grenouille : esp. de,Gulay,bª¼ :
French,grenouille : esp. de,Laka,"gŸ,jŸ"
French,grenouille : esp. de,Mbay,gÕmbà :
French,grenouille : esp. de,Nar,gÕmbÆ
French,griffes,Gor,gíd‡ :
French,griffes,Gulay,yäl-jï
French,griffes,Kaba_Na,rélì-njàä
French,griffes,Mbay,k‡-m¦r-jï :
French,griffes,Mango,gín-njà
French,griffes,Ngambay,gír-gîl :
French,griffes,Sar,hþlþ
French,gronder h,Bebote,ndàngÕ :
French,gronder h,Bediondo,ndàngÕ
French,gronder h,Daba,ndàng :
French,gronder h,Gulay,ndàng
French,gronder h,Kaba_Na,njàmà :
French,gronder h,Kaba,ndàng
French,gronder h,Laka,ndàngÕ :
French,gronder h,Mbay,ndàng
French,gronder h,Ngambay,ndàng
French,gronder h,Ngam,ndàng :
French,gros : être,Bebote,bòý :
French,gros : être,Bediondo,bò :
French,gros : être,Gor,bò
French,gros : être,Gulay,bòý :
French,gros : être,Kaba,bò :
French,gros : être,Laka,bòý h
French,gros : être,Mbay,bòo :
French,gros : être,Mango,bòý :
French,gros : être,Nar,bò
French,gros : être,Ngambay,"bò, bòý :"
French,gros : être,Sar,bò
French,gros : être,Ngam,bò :
French,grue couronnée,Bediondo,"dángá,däng¸"
French,grue couronnée,Kaba_Na,kí-däw :
French,grue couronnée,Mbay,däng
French,grue couronnée,Ngambay,däng h
French,guêpe jaune : esp. de,Daba,yët :
French,guêpe jaune : esp. de,Gor,"yèt¸,räs¸"
French,guêpe jaune : esp. de,Gulay,kù®-wás‡ :
French,guêpe jaune : esp. de,Kaba_Na,…ëtë
French,guêpe jaune : esp. de,Mbay,yët¸ :
French,guêpe jaune : esp. de,Nar,yþt¸
French,guêpe jaune : esp. de,Ngam,yþt¸
French,guêpe maçonne,Bebote,gÕmð :
French,guêpe maçonne,Bediondo,gùmæ
French,guêpe maçonne,Gor,g“mð :
French,guêpe maçonne,Gulay,gùmbæ h
French,guêpe maçonne,Kaba_Na,gùmbä-dîgî :
French,guêpe maçonne,Kaba,gùmä
French,guêpe maçonne,Laka,gùmä :
French,guêpe maçonne,Mbay,gÕmbä :
French,guêpe maçonne,Mango,gùmð
French,guêpe maçonne,Nar,gÕmbæ-gír-kèrë
French,guêpe maçonne,Ngambay,gùmä
French,guêpe maçonne,Sar,gÕmbä
French,guêpe maçonne,Ngam,gÕmbä :
French,guêpe noire : esp. de,Daba,bïrb¡ :
French,guêpe noire : esp. de,Gor,mbÉrb¡
French,guêpe noire : esp. de,Laka,‡-mbƒrƒmb¡ :
French,guêpe noire : esp. de,Mbay,bìrb¡
French,guêpe noire : esp. de,Mango,mbÕ®-mb¡¬ h
French,guêpe noire : esp. de,Nar,gÕmbæ-ndùl
French,guêpe noire : esp. de,Ngambay,mbƒr-mb¡
French,guérir; sauver,Bebote,àjÕ :
French,guérir; sauver,Bediondo,àjÕ :
French,guérir; sauver,Daba,àj
French,guérir; sauver,Gor,àjÕ :
French,guérir; sauver,Gulay,àjÕ :
French,guérir; sauver,Kaba_Na,àyà
French,guérir; sauver,Kaba,àjì :
French,guérir; sauver,Laka,àjì :
French,guérir; sauver,Mbay,àjÕ h
French,guérir; sauver,Mango,àjÕ :
French,guérir; sauver,Nar,àjÕ :
French,guérir; sauver,Ngambay,àjì :
French,guérir; sauver,Sar,àjÕ
French,guérir; sauver,Ngam,àjÕ
French,"guetter, traquer h",Mbay,tôy :
French,"guetter, traquer h",Mango,ngÐy :
French,"guetter, traquer h",Sar,tôØ
French,"gui, plante parasite",Bebote,tÉm :
French,"gui, plante parasite",Bediondo,tÉm :
French,"gui, plante parasite",Gulay,tém
French,"gui, plante parasite",Kaba_Na,tó¯ :
French,"gui, plante parasite",Laka,Žém :
French,"gui, plante parasite",Mbay,tóm
French,"gui, plante parasite",Mango,tÉm :
French,"gui, plante parasite",Ngambay,tém :
French,"gui, plante parasite",Sar,té¯
French,che,Bebote,k¸ngæ :
French,che,Bediondo,k¸ngæ
French,che,Daba,küngä :
French,che,Gor,k¸ngæ
French,che,Gulay,küngæ :
French,che,Kaba_Na,küngä
French,che,Kaba,tínä :
French,che,Laka,Žínä
French,che,Mbay,k¸ngä :
French,che,Mango,küngæ
French,che,Nar,k¸ngæ :
French,che,Ngambay,tínä :
French,che,Sar,k¸ngä
French,che,Ngam,k¸ngû
French,meçon,Bebote,kùÿ :
French,meçon,Bediondo,kùÿ :
French,meçon,Daba,kùÿ
French,meçon,Gor,kùÿ :
French,meçon,Gulay,kùÿ :
French,meçon,Kaba_Na,kùÿ
French,meçon,Kaba,kìÿ :
French,meçon,Laka,kùÿ :
French,meçon,Mbay,kùÿ
French,meçon,Mango,kùÿ :
French,meçon,Nar,kùÿ :
French,meçon,Ngambay,kìï
French,meçon,Sar,kùÿ
French,"ngar (pour l'ombre, etc.)",Bebote,pálä :
French,"ngar (pour l'ombre, etc.)",Bediondo,jàngÕlà
French,"ngar (pour l'ombre, etc.)",Daba,dàb :
French,"ngar (pour l'ombre, etc.)",Gor,pà£ :
French,"ngar (pour l'ombre, etc.)",Gulay,dàbÕ
French,"ngar (pour l'ombre, etc.)",Kaba_Na,dàbà :
French,"ngar (pour l'ombre, etc.)",Kaba,pál
French,"ngar (pour l'ombre, etc.)",Laka,dî-pál
French,"ngar (pour l'ombre, etc.)",Mbay,dàw :
French,"ngar (pour l'ombre, etc.)",Mango,dàbÕ
French,"ngar (pour l'ombre, etc.)",Nar,dàbÕ :
French,"ngar (pour l'ombre, etc.)",Ngambay,bárò
French,"ngar (pour l'ombre, etc.)",Sar,dàbÕ
French,ricot,Bebote,mùnjÕ :
French,ricot,Bediondo,mÕnjÕ
French,ricot,Daba,mònj :
French,ricot,Gor,mùnjÕ
French,ricot,Gulay,mùnjù :
French,ricot,Kaba_Na,mìnjò
French,ricot,Kaba,mùnjù : Kul=mònjò
French,ricot,Laka,mÕnjì :
French,ricot,Mbay,mùnjò
French,ricot,Mango,mùnjù :
French,ricot,Nar,mònjò
French,ricot,Ngambay,mìnjì
French,ricot,Sar,mùnjò
French,ricot,Ngam,mÕnjò :
French,"ut, en haut",Bebote,tàá :
French,"ut, en haut",Bediondo,tàá :
French,"ut, en haut",Daba,dÅÇ
French,"ut, en haut",Gor,tàá :
French,"ut, en haut",Gulay,dîô :
French,"ut, en haut",Kaba,tà©
French,"ut, en haut",Laka,tà© :
French,"ut, en haut",Mbay,dÅÇ :
French,"ut, en haut",Mango,"ngªmª,"
French,"ut, en haut",Nar,dîô :
French,"ut, en haut",Ngambay,tà© :
French,"ut, en haut",Sar,dîô
French,"ut, en haut",Ngam,dÅÇ
French,rbe : esp de,Laka,häyä :
French,rbe : esp de,Mbay,häyä
French,rbe : esp de,Mango,käy :
French,rbe : esp de,Sar,häyä
French,rbe : esp. de,Kaba_Na,tèmbè :
French,rbe : esp. de,Laka,Žèmè
French,rbe : esp. de,Mbay,tàm :
French,rbe : esp. de,Mango,tèmè
French,rbe : esp. de,Ngambay,tèmè :
French,rbe : esp. de,Sar,tèmbÕ
French,herbe mauvaise : esp. de,Bediondo,tönë :
French,herbe mauvaise : esp. de,Daba,tïrö
French,herbe mauvaise : esp. de,Gor,tçnç :
French,herbe mauvaise : esp. de,Kaba_Na,tïyö
French,herbe mauvaise : esp. de,Kaba,tïrö : Kul=tíyö
French,herbe mauvaise : esp. de,Laka,kïrö :
French,herbe mauvaise : esp. de,Mbay,"t¸rö,türö"
French,herbe mauvaise : esp. de,Nar,törö
French,"herbe, paille; brousse",Bebote,m“ :
French,"herbe, paille; brousse",Bediondo,m“ :
French,"herbe, paille; brousse",Daba,m“
French,"herbe, paille; brousse",Gor,m“ :
French,"herbe, paille; brousse",Gulay,m“ :
French,"herbe, paille; brousse",Kaba_Na,ngàlï
French,"herbe, paille; brousse",Kaba,m“ : Kul=ùmù :
French,"herbe, paille; brousse",Laka,m“
French,"herbe, paille; brousse",Mbay,m“¾ :
French,"herbe, paille; brousse",Mango,wàlè
French,"herbe, paille; brousse",Nar,bèmbëé :
French,"herbe, paille; brousse",Ngambay,m
French,"herbe, paille; brousse",Sar,m“
French,"herbe, paille; brousse",Ngam,m“ :
French,hérisson,Bebote,ndú® :
French,hérisson,Bediondo,ndúr
French,hérisson,Daba,ndú÷ :
French,hérisson,Gor,‡-ndúr
French,hérisson,Gulay,ndúr :
French,hérisson,Kaba_Na,njúrù
French,hérisson,Kaba,ndúrü :
French,hérisson,Laka,ndúrü
French,hérisson,Mbay,ndúr :
French,hérisson,Mango,ndú®
French,hérisson,Nar,ndúr :
French,hérisson,Ngambay,ndú®
French,hérisson,Sar,ndú±
French,héritage,Gulay,ndùbæ :
French,héritage,Kaba_Na,körí
French,héritage,Laka,ndùbä :
French,héritage,Mbay,ndÕbä
French,héritage,Sar,ndÕbä
French,hernie,Bebote,ngônj‡ :
French,hernie,Bediondo,ngónj‡
French,hernie,Gulay,ngónj‡ :
French,hernie,Laka,ngônjí
French,hernie,Mbay,ngónj‡ :
French,hernie,Mango,ngónj‡
French,hernie,Nar,ngônj¸ :
French,hernie,Ngambay,ngónjí
French,hernie,Sar,ngînjÕ
French,héron garde-boeufs,Bebote,kæ€ :
French,héron garde-boeufs,Bediondo,‡-kæ€
French,héron garde-boeufs,Gor,kÉÛ :
French,héron garde-boeufs,Gulay,kæ€ :
French,héron garde-boeufs,Kaba_Na,kûwŠ
French,héron garde-boeufs,Kaba,‡-kæw :
French,héron garde-boeufs,Laka,‡-kæ€
French,héron garde-boeufs,Mbay,köó :
French,héron garde-boeufs,Mango,kæ€ :
French,héron garde-boeufs,Nar,köó
French,héron garde-boeufs,Ngambay,kÉw :
French,héron garde-boeufs,Sar,köó
French,hibou,Bebote,kîÿ :
French,hibou,Bediondo,kîÿ :
French,hibou,Daba,kîÿ
French,hibou,Gor,kîÿ :
French,hibou,Gulay,kîÿ
French,hibou,Kaba_Na,díìdíì :
French,hibou,Kaba,kîÿ
French,hibou,Laka,kîwë :
French,hibou,Mbay,kîÿ :
French,hibou,Mango,kîÿ
French,hibou,Nar,kîÿ :
French,hibou,Ngambay,kîÿ
French,hibou,Sar,kîÿ
French,hibou,Ngam,kîÿ :
French,hier,Bebote,tàg‡-nè :
French,hier,Bediondo,tàg‡-nè
French,hier,Daba,tàg‡-nèë :
French,hier,Gor,tàg‡-nè
French,Langues Sara,Gulay,tàg‡-làä :
French,Langues Sara,Kaba_Na,njínjôî
French,Langues Sara,Kaba,tàk‡-nè : Kul=njô
French,Langues Sara,Laka,tàg‡-nè :
French,Langues Sara,Mbay,tàg‡-bè
French,Langues Sara,Mango,tàg‡-nè :
French,Langues Sara,Nar,tàg‡-ßèë
French,Langues Sara,Ngambay,tàg‡-nè
French,Langues Sara,Sar,tàg‡-ßèë
French,Langues Sara,Ngam,tàg‡-bèé :
French,hippopotame,Bebote,àbÕ :
French,hippopotame,Bediondo,yàbÕ
French,hippopotame,Daba,hàb :
French,hippopotame,Gor,àbÕ :
French,hippopotame,Gulay,àbÕ
French,hippopotame,Kaba_Na,jä-àbà :
French,hippopotame,Kaba,hàbÕ
French,hippopotame,Laka,àbÕ :
French,hippopotame,Mbay,yàbÕ :
French,hippopotame,Mango,àbÕ
French,hippopotame,Nar,yàbÕ :
French,hippopotame,Ngambay,àbÕ :
French,hippopotame,Sar,yàbÕ
French,houe,Bebote,kîsÕ :
French,houe,Bediondo,kîsÕ
French,houe,Daba,kîs :
French,houe,Gor,kîsÕ :
French,houe,Gulay,kîsÕ
French,houe,Kaba_Na,kîkè-njàkä :
French,houe,Kaba,kîsÕ
French,houe,Laka,kîsÕ :
French,houe,Mbay,kîsÕ :
French,houe,Mango,kîsÕ
French,houe,Nar,kîsÕ :
French,houe,Ngambay,kîsÕ :
French,houe,Sar,kîsÕ
French,houe,Ngam,kîsÕ
French,huile,Bebote,Õb¸ :
French,huile,Bediondo,Õb¸ :
French,huile,Daba,yùb
French,huile,Gor,ùÛ :
French,huile,Gulay,ùbü
French,huile,Kaba_Na,béÿ-yä-yä :
French,huile,Kaba,ùbü
French,huile,Laka,ùbü :
French,huile,Mbay,yùb¸ :
French,huile,Mango,ùb¸
French,huile,Nar,yìb¸ :
French,huile,Ngambay,ùbü :
French,huile,Sar,yìb¸
French,huile,Ngam,yùb¸
French,huit,Bebote,jï-jöó :
French,huit,Bediondo,jï-jöó
French,huit,Daba,÷ô-dì-sô :
French,huit,Gor,jï-jöó
French,huit,Gulay,sô-sô :
French,huit,Kaba_Na,sàlïnjä
French,huit,Kaba,jï-jöó : Kul=sàlënjä
French,huit,Laka,gènè-jöó :
French,huit,Mbay,jï-jöó
French,huit,Mango,jï-này-jöó :
French,huit,Nar,sô-sô
French,huit,Ngambay,jï-này-jöó
French,huit,Sar,sô-sô
French,huit,Ngam,sôsô :
French,hyène,Bebote,‡-gòngÕ :
French,hyène,Bediondo,r‡gÕ»
French,hyène,Daba,køy¦m :
French,hyène,Gor,‡-gòngÕ
French,hyène,Gulay,kù®kùmí :
French,hyène,Kaba_Na,…èý
French,hyène,Kaba,‡-rígÕm :
French,hyène,Laka,‡-ßàg‡là
French,hyène,Mbay,ßòñg :
French,hyène,Mango,ßágÕrà
French,hyène,Nar,ßòñg :
French,hyène,Ngambay,rígÕm :
French,hyène,Sar,ßòñg
French,hyène,Ngam,ßòng¸
French,ici,Bebote,nŸ :
French,ici,Bediondo,nŸ :
French,ici,Daba,nèë
French,ici,Gor,nè :
French,ici,Gulay,nè :
French,ici,Kaba_Na,jó
French,ici,Kaba,nèÑ :
French,ici,Laka,nè :
French,ici,Mbay,làä i
French,ici,Mango,nè :
French,ici,Nar,làä :
French,ici,Ngambay,nè :
French,ici,Sar,làä i
French,ici,Ngam,làä
French,idiot,Bebote,mbÉ :
French,idiot,Daba,ßòd
French,idiot,Gor,mbó :
French,idiot,Gulay,mbÉ i
French,idiot,Kaba_Na,kàbànà :
French,idiot,Kaba,mbÉ
French,idiot,Laka,mbÉ :
French,idiot,Mbay,ßòdÕ :
French,idiot,Mango,mbÉ
French,idiot,Nar,mbó :
French,idiot,Ngambay,gÆbÕ :
French,idiot,Sar,mbóò
French,idiot,Ngam,ßòdÕ
French,igname,Bebote,ngúl :
French,igname,Bediondo,‡-ngúl i
French,igname,Daba,ngú£ :
French,igname,Gor,ngúl :
French,igname,Gulay,ngúl
French,igname,Kaba,‡-ngúl :
French,igname,Laka,‡-ngúl
French,igname,Mbay,ngú£ :
French,igname,Mango,ngúl
French,igname,Nar,ngúl :
French,igname,Ngambay,ngúl :
French,igname,Sar,ngú£
French,igname,Ngam,ngú£ i
French,iguane,Bebote,ngàrÕm :
French,iguane,Bediondo,ngàrÕm
French,iguane,Daba,ngàrw¼y :
French,iguane,Gor,ngàrwày
French,iguane,Gulay,ngàrw¼y :
French,iguane,Kaba,ngàrò
French,iguane,Laka,ngàrò :
French,iguane,Mbay,ngàrwày
French,iguane,Mango,ngàrÕm :
French,iguane,Nar,ngàrw¼y i
French,iguane,Ngambay,ngàrù :
French,iguane,Sar,ngàÈw¼y
French,"il, elle",Bebote,µ- :
French,"il, elle",Bediondo,µ- :
French,"il, elle",Gor,µ-
French,"il, elle",Gulay,µ- :
French,"il, elle",Kaba,µ- : Kul=nì
French,"il, elle",Laka,µ- :
French,"il, elle",Mbay,µ- :
French,"il, elle",Mango,µ-
French,"il, elle",Nar,µ- :
French,"il, elle",Ngambay,µ-
French,"il, elle",Ngam,µ- :
French,"ils, elles i",Bediondo,d- :
French,"ils, elles i",Gulay,dé :
French,"ils, elles i",Kaba,d-
French,"ils, elles i",Laka,‡- :
French,"ils, elles i",Mango,d‡- :
French,"ils, elles i",Ngambay,Ñ-
French,imiter j,Bebote,ndáj¸ :
French,imiter j,Bediondo,ndáj¸
French,imiter j,Daba,ndáj :
French,imiter j,Gor,nd‡ngæ
French,imiter j,Gulay,ndáj‡ :
French,imiter j,Kaba_Na,ndájö
French,imiter j,Kaba,ndájï :
French,imiter j,Laka,ndÉjï
French,imiter j,Mbay,ndáj¸ :
French,imiter j,Mango,ndáj¸
French,imiter j,Nar,ndájæ :
French,imiter j,Ngambay,ndájï :
French,imiter j,Sar,ndáj¸
French,imiter j,Ngam,ndáj¸ j
French,j,Bediondo,sülæ :
French,j,Gulay,sülæ
French,j,Laka,"tülä,sülä :"
French,j,Mbay,s¸lä
French,j,Mango,sülæ :
French,j,Ngambay,"sülä,tülä"
French,cliner (pour verser),Mbay,÷Õlè :
French,cliner (pour verser),Mango,ùy :
French,cliner (pour verser),Sar,÷èl
French,quiété : être,Bebote,söl :
French,quiété : être,Bediondo,söl
French,quiété : être,Gulay,ndîû :
French,quiété : être,Mbay,söl :
French,quiété : être,Mango,söl
French,secte,Bebote,kùü :
French,secte,Bediondo,kùü :
French,secte,Daba,kù®
French,secte,Gor,kù® :
French,secte,Gulay,kù® :
French,secte,Kaba,kùrü
French,secte,Laka,kùrü :
French,secte,Mbay,kù® :
French,secte,Mango,kùü
French,secte,Nar,kù® :
French,secte,Ngambay,kù®
French,secte,Sar,kùÊ
French,secte,Ngam,kùÊ :
French,secte : cantharide,Bediondo,nj‡bæ
French,secte : cantharide,Kaba_Na,kí-málá-gògórò
French,secte : cantharide,Mbay,ngôlû :
French,secte : cantharide,Ngambay,njúbä
French,sulter,Bebote,táj¸ :
French,sulter,Bediondo,táj¸
French,sulter,Daba,táj :
French,sulter,Gor,táj¸ :
French,sulter,Gulay,táj¸
French,sulter,Kaba,tájï :
French,sulter,Laka,tÉjï
French,sulter,Mbay,táj¸ :
French,sulter,Mango,táj¸
French,sulter,Nar,táj¸ :
French,sulter,Ngambay,tájï
French,sulter,Sar,táj¸
French,testins,Bebote,kùlæ-s¡ :
French,testins,Bediondo,tìï
French,testins,Daba,t¡¬ :
French,testins,Gor,tìï :
French,testins,Gulay,t¡¬
French,testins,Kaba_Na,tìhï :
French,testins,Kaba,jÆ
French,testins,Laka,sÕmbàdÕ :
French,testins,Mbay,tìï :
French,testins,Mango,t¡¬
French,testins,Nar,t¡¬ :
French,testins,Ngambay,ngán-sì :
French,testins,Sar,tìï
French,testins,Ngam,tìhï
French,viter,Gulay,ßär :
French,viter,Laka,ßär :
French,viter,Mbay,kúñ
French,viter,Mango,ßä :
French,viter,Ngambay,ßär :
French,viter,Sar,ßëÈ
French,lousie entre femmes;,Bebote,n¡ :
French,lousie entre femmes;,Bediondo,n¡ :
French,lousie entre femmes;,Daba,n¡
French,lousie entre femmes;,Gor,n¡ :
French,lousie entre femmes;,Gulay,n¡ :
French,lousie entre femmes;,Kaba_Na,néØ
French,lousie entre femmes;,Kaba,n¡ :
French,lousie entre femmes;,Laka,n¡ :
French,lousie entre femmes;,Mbay,n¡¿
French,lousie entre femmes;,Mango,n¡ :
French,lousie entre femmes;,Nar,n¡ :
French,lousie entre femmes;,Ngambay,n¡
French,lousie entre femmes;,Sar,n¡
French,loux de : être,Gulay,ì« :
French,loux de : être,Mbay,ndör :
French,loux de : être,Mango,ì«
French,loux de : être,Sar,y¡«
French,mais,Gulay,nd¼-lé :
French,mais,Laka,sár
French,mais,Mbay,bát‡ :
French,mais,Mango,nd¼-à•
French,mais,Nar,ßáy :
French,mais,Ngambay,sár
French,mais,Sar,bát‡
French,mais,Ngam,bát‡ :
French,"jarre, canari",Bebote,‡-ngòö :
French,"jarre, canari",Bediondo,‡-ngòó
French,"jarre, canari",Daba,kí-ngò® :
French,"jarre, canari",Gor,‡-ngòö
French,"jarre, canari",Gulay,jó :
French,"jarre, canari",Kaba_Na,gírò :
French,"jarre, canari",Kaba,jó
French,"jarre, canari",Laka,jó :
French,"jarre, canari",Mbay,jóo
French,"jarre, canari",Mango,jó :
French,"jarre, canari",Nar,jó :
French,"jarre, canari",Ngambay,jó :
French,"jarre, canari",Sar,jóò
French,"jarre, canari",Ngam,jíyó
French,je,Bebote,«- :
French,je,Bediondo,«- :
French,je,Daba,«-
French,je,Gor,"m-,«- :"
French,je,Gulay,m- :
French,je,Kaba_Na,mí
French,je,Kaba,«- : Kul=m- :
French,je,Laka,«-
French,je,Mbay,«- :
French,je,Mango,m- :
French,je,Nar,m-
French,je,Ngambay,«- :
French,je,Sar,«-
French,je,Ngam,»- :
French,"joie, félicité",Bebote,rû-nÆ£ :
French,"joie, félicité",Daba,rö-kè
French,"joie, félicité",Gor,rû-nÆ£ :
French,"joie, félicité",Kaba,rû-nè£
French,"joie, félicité",Laka,rû-lÆ£ :
French,"joie, félicité",Mbay,rö-nè£
French,"joie, félicité",Nar,rû-nè£ :
French,"joie, félicité",Ngambay,rû-lè£ :
French,"joie, félicité",Sar,Èû-nè£
French,"joie, félicité",Ngam,Èö-nè£
French,joue,Bebote,mbô :
French,joue,Bediondo,mbô :
French,joue,Daba,kìl
French,joue,Gor,mbô :
French,joue,Gulay,kìl :
French,joue,Kaba_Na,mbôî
French,joue,Kaba,ßôl :
French,joue,Laka,ßôl :
French,joue,Mbay,mbóo
French,joue,Mango,sül :
French,joue,Nar,mbôr :
French,joue,Ngambay,ßôl
French,joue,Sar,mbèÊ
French,jouer,Bebote,kóg¸ :
French,jouer,Bediondo,kóg¸
French,jouer,Daba,nòng :
French,jouer,Gor,"kóg¸, ndäm"
French,jouer,Gulay,àgÕ :
French,jouer,Kaba_Na,njíkï
French,jouer,Kaba,ndäm :
French,jouer,Laka,ndäm
French,jouer,Mbay,÷òng :
French,jouer,Mango,ndäm
French,jouer,Nar,kóg¸ :
French,jouer,Ngambay,ndäm
French,jouer,Sar,kóg¸
French,"jour, journée",Bebote,ndû :
French,"jour, journée",Bediondo,ndû :
French,"jour, journée",Daba,ndû
French,"jour, journée",Gor,ndû :
French,"jour, journée",Gulay,ndû :
French,"jour, journée",Kaba_Na,kàjà
French,"jour, journée",Kaba,ndû :
French,"jour, journée",Laka,ndû :
French,"jour, journée",Mbay,ndûû
French,"jour, journée",Mango,ndû :
French,"jour, journée",Nar,ndû :
French,"jour, journée",Ngambay,ndû :
French,"jour, journée",Sar,ndû
French,"jour, journée",Ngam,ndû
French,"jumeaux, jumelles",Bebote,ndÕngÆ :
French,"jumeaux, jumelles",Bediondo,ndÕngÆ
French,"jumeaux, jumelles",Daba,ndùngà :
French,"jumeaux, jumelles",Gor,ndùngÆ
French,"jumeaux, jumelles",Gulay,ndùngÆ :
French,"jumeaux, jumelles",Kaba_Na,njùngà
French,"jumeaux, jumelles",Kaba,ndùngà :
French,"jumeaux, jumelles",Laka,ndùngà
French,"jumeaux, jumelles",Mbay,ndìngä :
French,"jumeaux, jumelles",Mango,ndùngÆ
French,"jumeaux, jumelles",Nar,ndÕngæ :
French,"jumeaux, jumelles",Ngambay,ndùngà :
French,"jumeaux, jumelles",Sar,ndÕngä
French,"jumeaux, jumelles",Ngam,ndÕngä
French,jusque,Bebote,b‡t‡ :
French,jusque,Bediondo,b‡t‡
French,jusque,Gor,rátá :
French,jusque,Gulay,sár
French,jusque,Kaba,ndÉr‡ng :
French,jusque,Laka,sár
French,jusque,Mbay,mbª½ :
French,jusque,Mango,sár
French,jusque,Nar,mbóng :
French,jusque,Ngambay,sár
French,jusque,Sar,mbóng
French,kyste,Mbay,g‡lá :
French,kyste,Mango,kà
French,kyste,Nar,g‡læ :
French,kyste,Sar,g‡là
French,"la grippe, la rhume",Gulay,nÉl :
French,"la grippe, la rhume",Kaba,»-mbîkÕ
French,"la grippe, la rhume",Laka,‡-mbÅ
French,"la grippe, la rhume",Mbay,ngàmö :
French,"la grippe, la rhume",Nar,ngòmö
French,"la grippe, la rhume",Ngambay,küngä-ßënjï
French,là-bas,Bebote,nÅÇ-bè :
French,là-bas,Bediondo,nÅÇ
French,là-bas,Gor,nÅÇ :
French,là-bas,Gulay,nç :
French,là-bas,Kaba_Na,jún
French,là-bas,Kaba,yó-bÆñ :
French,là-bas,Laka,kÆÑ
French,là-bas,Mbay,nòó :
French,là-bas,Mango,yó :
French,là-bas,Nar,nÅÇ
French,là-bas,Ngambay,nÅÇ :
French,là-bas,Sar,nÅÇ
French,là-bas,Ngam,nòó :
French,là-bas (loin),Bebote,nø :
French,là-bas (loin),Bediondo,nø :
French,là-bas (loin),Daba,nø
French,là-bas (loin),Gor,nø :
French,là-bas (loin),Gulay,nø :
French,là-bas (loin),Kaba,nøñ
French,là-bas (loin),Laka,nø :
French,là-bas (loin),Mbay,nø¾ :
French,là-bas (loin),Mango,nø
French,là-bas (loin),Nar,nø :
French,là-bas (loin),Ngambay,nø
French,là-bas (loin),Sar,nø
French,là-bas (loin),Ngam,nú :
French,laisser,Bebote,¡yÐ :
French,laisser,Bediondo,ÕyÐ :
French,laisser,Daba,¡y¼
French,laisser,Gor,¡yÐ :
French,laisser,Gulay,¡yÐ :
French,laisser,Kaba_Na,ì…ä
French,laisser,Kaba,¡y¼ : Kul=ì…à :
French,laisser,Laka,¡y¼
French,laisser,Mbay,y¼ :
French,laisser,Mango,¡yÐ :
French,laisser,Nar,¡yÐ
French,laisser,Ngambay,¡y¼ :
French,laisser,Sar,¡y¼
French,laisser,Ngam,¡y¼ :
French,lait,Bebote,"mbÉl, mbà :"
French,lait,Bediondo,mbà
French,lait,Daba,mbà :
French,lait,Gor,mbà :
French,lait,Gulay,mbà
French,lait,Kaba_Na,mbàä : Kul=mvà :
French,lait,Laka,mbà
French,lait,Mbay,mbàa :
French,lait,Mango,mbà :
French,lait,Nar,mbà
French,lait,Ngambay,mbà :
French,lait,Sar,mbà
French,lait,Ngam,mbà :
French,lamantin; esprit de l'eau,Bebote,‡-nÕngæ-màñ
French,lamantin; esprit de l'eau,Kaba_Na,ná-mànë :
French,lamantin; esprit de l'eau,Laka,àngÕ
French,lamantin; esprit de l'eau,Mbay,hàng :
French,lamantin; esprit de l'eau,Mango,dä-màñ
French,lamantin; esprit de l'eau,Ngambay,àng
French,lancer un projectile sur,Bebote,ùr :
French,lancer un projectile sur,Bediondo,ùr :
French,lancer un projectile sur,Daba,ù÷
French,lancer un projectile sur,Gor,ùr :
French,lancer un projectile sur,Gulay,ùr :
French,lancer un projectile sur,Kaba,ùr
French,lancer un projectile sur,Laka,ùrù :
French,lancer un projectile sur,Mbay,ùr :
French,lancer un projectile sur,Mango,ùr
French,lancer un projectile sur,Ngambay,ùr
French,lancer un projectile sur,Ngam,wùr :
French,"lancer, jeter l",Bebote,Õlæ :
French,"lancer, jeter l",Bediondo,Õlæ :
French,"lancer, jeter l",Daba,ìlä
French,"lancer, jeter l",Gor,Õlæ :
French,"lancer, jeter l",Gulay,ìlæ :
French,"lancer, jeter l",Kaba,ìlä
French,"lancer, jeter l",Laka,ìlà :
French,"lancer, jeter l",Mbay,lä :
French,"lancer, jeter l",Mango,ìlæ
French,"lancer, jeter l",Nar,Õnæ :
French,"lancer, jeter l",Ngambay,ìlä
French,"lancer, jeter l",Sar,ìnä
French,"lancer, jeter l",Ngam,Õnä :
French,langue l,Bebote,ndòn :
French,langue l,Bediondo,ndîn
French,langue l,Daba,ndÅ :
French,langue l,Gor,ndòn :
French,langue l,Gulay,ndÅ
French,langue l,Kaba_Na,ndîlî :
French,langue l,Kaba,ndÅ :
French,langue l,Laka,ndÅ
French,langue l,Mbay,ndÅ¢ :
French,langue l,Mango,ndÅ :
French,langue l,Nar,ndÅ
French,langue l,Ngambay,ndÅ :
French,langue l,Sar,ndÅ
French,langue l,Ngam,ndÅ :
French,"langue, langage",Bebote,tà :
French,"langue, langage",Bediondo,tà :
French,"langue, langage",Daba,tà
French,"langue, langage",Gor,tà :
French,"langue, langage",Gulay,tà :
French,"langue, langage",Kaba_Na,tà l
French,"langue, langage",Kaba,tàr :
French,"langue, langage",Laka,tàr :
French,"langue, langage",Mbay,tàa
French,"langue, langage",Mango,tà :
French,"langue, langage",Nar,tà :
French,"langue, langage",Ngambay,tàr :
French,"langue, langage",Sar,tà
French,"langue, langage",Ngam,tà
French,large : être,Bebote,tát¸ :
French,large : être,Bediondo,tát¸
French,large : être,Daba,"là,tát :"
French,large : être,Gor,tát¸ :
French,large : être,Gulay,là
French,large : être,Kaba_Na,àßà :
French,large : être,Kaba,tát¸ :
French,large : être,Laka,tád¸
French,large : être,Mbay,tát‡ :
French,large : être,Mango,tát¸ :
French,large : être,Nar,là l
French,large : être,Ngambay,tád¸ :
French,large : être,Sar,là
French,large : être,Ngam,là :
French,large : être,Bebote,lày :
French,large : être,Gor,tát¸
French,large : être,Gulay,là :
French,large : être,Kaba,tát¸ :
French,large : être,Mbay,làa
French,large : être,Mango,tát¸ :
French,large : être,Nar,là :
French,large : être,Ngambay,tád¸
French,large : être,Sar,là l
French,large : être (chemin),Laka,bùdu-bùdù :
French,large : être (chemin),Mbay,möm
French,large : être (chemin),Nar,möng l
French,laver,Bebote,tóg¸ :
French,laver,Bediondo,tóg¸
French,laver,Daba,tígó :
French,laver,Gor,tóg¸ :
French,laver,Gulay,tógö l
French,laver,Kaba_Na,tôî :
French,laver,Kaba,tókö : Kul=tôî
French,laver,Laka,tógö :
French,laver,Mbay,t‡gó :
French,laver,Mango,tóg¸
French,laver,Nar,tógö :
French,laver,Ngambay,tógö :
French,laver,Sar,tógò l
French,laver,Ngam,t‡gö
French,"le, la, lui (obj. de verbe)",Bebote,-É :
French,"le, la, lui (obj. de verbe)",Bediondo,-é :
French,"le, la, lui (obj. de verbe)",Daba,-á
French,"le, la, lui (obj. de verbe)",Gor,-É :
French,"le, la, lui (obj. de verbe)",Gulay,-é :
French,"le, la, lui (obj. de verbe)",Kaba,-é l
French,"le, la, lui (obj. de verbe)",Laka,-é :
French,"le, la, lui (obj. de verbe)",Mbay,-á
French,"le, la, lui (obj. de verbe)",Mango,-é :
French,"le, la, lui (obj. de verbe)",Nar,-µ :
French,"le, la, lui (obj. de verbe)",Ngambay,-é :
French,"le, la, lui (obj. de verbe)",Sar,-µ
French,"le, la, lui (obj. de verbe)",Ngam,-á
French,cher,Bebote,tûÑ :
French,cher,Bediondo,tûÑ :
French,cher,Daba,töÑ
French,cher,Gor,töÑ :
French,cher,Gulay,ìl :
French,cher,Kaba_Na,tûnë
French,cher,Kaba,töÑ :
French,cher,Laka,töÑ :
French,cher,Mbay,töÑ
French,cher,Mango,töÑ :
French,cher,Nar,töÑ :
French,cher,Ngambay,tûÑ :
French,cher,Sar,töÑ
French,cher,Ngam,töÑ
French,pre,Bebote,bänj¸ :
French,pre,Bediondo,bänj¸
French,pre,Daba,bänj :
French,pre,Gor,bänj¸
French,pre,Gulay,bänj¸ :
French,pre,Kaba_Na,kínjï
French,pre,Kaba,bänjï :
French,pre,Laka,bänjï
French,pre,Mbay,bänj¸ :
French,pre,Mango,bänj¸
French,pre,Nar,bänj¸ :
French,pre,Ngambay,bänjï
French,pre,Sar,bänj¸
French,quel,Bebote,k‡-rá :
French,quel,Bediondo,k‡-rá
French,quel,Daba,ngàá-÷á :
French,quel,Gor,k‡-rá
French,quel,Gulay,k‡-÷á :
French,quel,Kaba,k‡-÷á
French,quel,Laka,g‡-÷á :
French,quel,Mbay,k‡-÷á
French,quel,Mango,k‡-rá :
French,quel,Nar,k‡-÷á
French,quel,Ngambay,g‡-÷á
French,quel,Sar,k‡-rá
French,quel,Ngam,k‡-÷á :
French,"s, leur",Bebote,-dé :
French,"s, leur",Bediondo,-dé :
French,"s, leur",Daba,-dé
French,"s, leur",Gor,-dé :
French,"s, leur",Gulay,-d‡ :
French,"s, leur",Kaba,-dé
French,"s, leur",Laka,-jé :
French,"s, leur",Mbay,-dé
French,"s, leur",Mango,-dé :
French,"s, leur",Nar,-d‡ :
French,"s, leur",Ngambay,-dé :
French,"s, leur",Sar,-d‡
French,"s, leur",Ngam,-d‡
French,vre,Gulay,ndä©-tà :
French,vre,Laka,ndä©-tà
French,vre,Mbay,ndä©-tà :
French,vre,Nar,ndä©-tà
French,ane,Bebote,kùsÕ :
French,ane,Laka,j¡
French,ane,Mbay,d¡¿ :
French,ane,Ngam,d¡
French,ane : esp. de,Gor,kùm-kÆdÕ :
French,ane : esp. de,Gulay,yºrª
French,ane : esp. de,Laka,y¼r¸ :
French,ane : esp. de,Mbay,yº© :
French,ane : esp. de,Mango,yºª
French,ane : esp. de,Ngambay,n¼® :
French,ane : esp. de,Sar,yº©
French,ane : esp. de,Laka,kíyä :
French,ane : esp. de,Mbay,kíyä
French,ane : esp. de,Ngambay,kíyä
French,bellule,Bebote,‡-bÕndí :
French,bellule,Bediondo,b‡ndìí
French,bellule,Gor,‡-bÕndï :
French,bellule,Gulay,bínd¸
French,bellule,Kaba_Na,gímbï :
French,bellule,Laka,gí-gïndï
French,Français,Mbay,"dúndö,bíndï"
French,Français,Nar,díì-ndï
French,Français,Ngambay,bìr-bíndï
French,lièvre,Bebote,dî-tîg¸m :
French,lièvre,Bediondo,dîtÕgù«
French,lièvre,Daba,höm :
French,lièvre,Gor,dîdîgüm
French,lièvre,Gulay,dÆg¸m :
French,lièvre,Kaba_Na,wömö :
French,lièvre,Kaba,ü
French,lièvre,Laka,öm
French,lièvre,Mbay,dîgÕ-dîg¸m :
French,lièvre,Mango,dîg¸m
French,lièvre,Nar,dîg¸m :
French,lièvre,Ngambay,dîdî-æm :
French,lièvre,Sar,dîgÕ«
French,lièvre,Ngam,dîg¸mb¸
French,lion,Bebote,ßîl :
French,lion,Bediondo,ßîl
French,lion,Daba,tìbò :
French,lion,Gor,ßîl :
French,lion,Gulay,tòbò
French,lion,Kaba_Na,ngèsè :
French,lion,Kaba,‡-nä»
French,lion,Laka,"tòb¡,ßîl :"
French,lion,Mbay,tùbò
French,lion,Mango,ßîl :
French,lion,Nar,ßîl :
French,lion,Ngambay,tòbÐ
French,lion,Sar,ßîl
French,liquide de la bouillie,Mbay,sèr :
French,liquide de la bouillie,Mango,sÆ :
French,liquide de la bouillie,Sar,sòl
French,"lit, lit de boit",Bebote,t‡rÉ :
French,"lit, lit de boit",Gor,t¸rÉ
French,"lit, lit de boit",Gulay,tïrÉ :
French,"lit, lit de boit",Kaba_Na,ßìdä
French,"lit, lit de boit",Kaba,tïrä :
French,"lit, lit de boit",Laka,Žïrä
French,"lit, lit de boit",Mbay,t¸rá :
French,"lit, lit de boit",Mango,tírÉ
French,"lit, lit de boit",Nar,t¸rÉ :
French,"lit, lit de boit",Ngambay,tïrä
French,"lit, lit de boit",Sar,t¸Èá
French,loin,Bebote,sªy :
French,loin,Bediondo,"s¼y,sªy"
French,loin,Daba,ù÷à :
French,loin,Gor,sªy :
French,loin,Gulay,"sár,"
French,loin,Kaba,æw :
French,loin,Laka,ÆÛ
French,loin,Mbay,sªy :
French,loin,Mango,s¼y :
French,loin,Nar,sŸy
French,loin,Ngambay,Æw :
French,loin,Sar,s¼y
French,loin,Ngam,s¼y :
French,"lombric, ver de terre",Bediondo,ngá-s¡-sÆlèlè
French,"lombric, ver de terre",Gulay,kèlèl :
French,"lombric, ver de terre",Laka,‡-kèlélë
French,"lombric, ver de terre",Mbay,k‡-ngä-s¡¿-sèlì
French,"lombric, ver de terre",Nar,kèlèlë
French,long : être,Bebote,ngäl :
French,long : être,Bediondo,ngäl
French,long : être,Daba,ngäl :
French,long : être,Gor,ngäl :
French,long : être,Gulay,ngä
French,long : être,Kaba,ngäl : Kul=àwù :
French,long : être,Laka,ngä
French,long : être,Mbay,ngäl :
French,long : être,Mango,ngäl :
French,long : être,Nar,sá
French,long : être,Ngambay,ngäl :
French,long : être,Sar,ngäl
French,louer; féliciter,Bebote,p‡t¸ :
French,louer; féliciter,Bediondo,p‡t¸
French,louer; féliciter,Daba,yít :
French,louer; féliciter,Gor,pít‡ :
French,louer; féliciter,Gulay,pít¸
French,Langues Sara,Kaba_Na,hítï :
French,Langues Sara,Kaba,wál
French,Langues Sara,Mbay,hít¸ :
French,Langues Sara,Mango,pít¸
French,Langues Sara,Ngambay,pídï :
French,Langues Sara,Sar,hít¸
French,lourd : être,Bebote,îÿ :
French,lourd : être,Bediondo,îÿ :
French,lourd : être,Daba,îÿ
French,lourd : être,Gor,îÿ :
French,lourd : être,Gulay,îÿ :
French,lourd : être,Kaba,îÿ
French,lourd : être,Laka,îÿ :
French,lourd : être,Mbay,îÿ :
French,lourd : être,Mango,îÿ
French,lourd : être,Nar,îÿ :
French,lourd : être,Ngambay,îÿ
French,lourd : être,Sar,îÿ
French,lourd : être,Ngam,îÿ :
French,luciole,Bebote,‡-ndçy-dé
French,luciole,Bediondo,‡-ndçy-dé
French,luciole,Gor,‡-ndçy-dé
French,luciole,Gulay,ngà-ndÉl-wðy
French,luciole,Laka,kæ»-ngàÛ
French,luciole,Mbay,k‡-ndûû-mbél
French,luciole,Mango,‡-ndçy-dé
French,luciole,Nar,k‡-ndögö-mbélë
French,luciole,Ngambay,bùsú:
French,luciole,Sar,ndç-bélé
French,luciole,Ngam,k‡-ndû-mbélé
French,luire; briller,Bebote,ndçy :
French,luire; briller,Bediondo,ndólë
French,luire; briller,Daba,njílö :
French,luire; briller,Gor,ndólö
French,luire; briller,Gulay,ndçy :
French,luire; briller,Laka,ndögó
French,luire; briller,Mbay,ndúlö :
French,luire; briller,Mango,ndçy
French,luire; briller,Nar,ndélë :
French,luire; briller,Ngambay,ndólë
French,luire; briller,Sar,nd‡lë
French,lune,Bebote,nºy :
French,lune,Bediondo,nºy :
French,lune,Daba,nº
French,lune,Gor,nºy :
French,lune,Gulay,nº :
French,lune,Kaba_Na,nûhŠ
French,lune,Kaba,nðy : Kul=näfŠ :
French,lune,Laka,nºy
French,lune,Mbay,nº½ :
French,lune,Mango,nºy :
French,lune,Nar,nº
French,lune,Ngambay,nºy :
French,lune,Sar,nº
French,lune,Ngam,nºhº :
French,lutte,Bebote,mÕlÆ :
French,lutte,Bediondo,mÕlÆ
French,lutte,Gulay,mùlÆ :
French,lutte,Kaba_Na,mbìlè
French,lutte,Laka,mùlà :
French,lutte,Mbay,mÕlà :
French,lutte,Mango,mùlÆ
French,lutte,Ngambay,mùlà
French,"lutter, se battre; guerre",Bebote,÷û :
French,"lutter, se battre; guerre",Bediondo,rû :
French,"lutter, se battre; guerre",Daba,÷û
French,"lutter, se battre; guerre",Gor,÷û :
French,"lutter, se battre; guerre",Gulay,÷û :
French,"lutter, se battre; guerre",Kaba_Na,rû
French,"lutter, se battre; guerre",Kaba,÷û :
French,"lutter, se battre; guerre",Mbay,÷ûû :
French,"lutter, se battre; guerre",Mango,÷û
French,"lutter, se battre; guerre",Nar,÷û :
French,"lutter, se battre; guerre",Ngambay,÷û
French,"lutter, se battre; guerre",Sar,rû
French,"lutter, se battre; guerre",Ngam,÷û :
French,machette,Mbay,bàrkà :
French,machette,Mango,kúpkùp
French,machette,Sar,bàrkà
French,magouste à queue blanche m,Bediondo,njº :
French,magouste à queue blanche m,Laka,njä
French,magouste à queue blanche m,Mbay,njº½ :
French,magouste à queue blanche m,Mango,njº :
French,magouste à queue blanche m,Ngambay,njä
French,maigre : être,Bebote,Æng¸ :
French,maigre : être,Bediondo,Æng¸
French,maigre : être,Daba,yþm :
French,maigre : être,Gor,Æng¸ :
French,maigre : être,Gulay,æng
French,maigre : être,Kaba_Na,ndôkû :
French,maigre : être,Kaba,Æng¸
French,maigre : être,Mbay,yäm :
French,maigre : être,Mango,Æng¸ :
French,maigre : être,Nar,rën m
French,maigre : être,Ngambay,yðm :
French,maigre : être,Sar,òñg
French,maigre : être,Ngam,möng¸ :
French,main,Bebote,jï :
French,main,Bediondo,jï :
French,main,Daba,jï
French,main,Gor,jï :
French,main,Gulay,jï :
French,main,Kaba_Na,jïlï m
French,main,Kaba,jï : Kul=jïnï :
French,main,Laka,jï
French,main,Mbay,jï :
French,main,Mango,jï :
French,main,Nar,jï
French,main,Ngambay,jï :
French,main,Sar,jï
French,main,Ngam,jï :
French,maintenant,Bebote,ngàä :
French,maintenant,Bediondo,ßàs‡nè
French,maintenant,Gor,ngàä :
French,maintenant,Gulay,tä :
French,maintenant,Kaba_Na,ásà
French,maintenant,Kaba,ngàä :
French,maintenant,Laka,ßìsí-nè
French,maintenant,Mbay,tä :
French,maintenant,Mango,ngàä m
French,maintenant,Nar,k‡-ndö-t‡ :
French,maintenant,Ngambay,ßàsí-nè :
French,maintenant,Sar,tä
French,maintenant,Ngam,tä
French,maïs,Bebote,njá-kÆd¸
French,maïs,Bediondo,‡-ßôl‡mt‡ :
French,maïs,Daba,njö m
French,maïs,Gor,másàr :
French,maïs,Gulay,dî
French,maïs,Kaba_Na,bày-màngà
French,maïs,Kaba,‡-ndá-kìrí :
French,maïs,Laka,njá-
French,kÆrí,Mbay,k‡-mbéré :
French,kÆrí,Mango,másàr
French,kÆrí,Nar,gîjÕ-dùwÆ :
French,kÆrí,Ngambay,másàr :
French,kÆrí,Sar,gîy-dî
French,kÆrí,Ngam,gîjÕ-dî m
French,maison,Bebote,kÉy :
French,maison,Bediondo,kÉy :
French,maison,Daba,kúj
French,maison,Gor,kÉy :
French,maison,Gulay,kÉy :
French,maison,Kaba_Na,káØ
French,maison,Kaba,kÉy : Kul=háØ :
French,maison,Laka,kÉy m
French,maison,Mbay,kúj‡ :
French,maison,Mango,kÉy
French,maison,Nar,kúj¸ :
French,maison,Ngambay,kÉy :
French,maison,Sar,kújÕ
French,maison,Ngam,kúj‡
French,maladie,Bebote,mÅy :
French,maladie,Bediondo,mÅy :
French,maladie,Daba,mÅy m
French,maladie,Gor,mÅy :
French,maladie,Gulay,mÅy :
French,maladie,Kaba,rû-tö
French,maladie,Laka,rû-tö :
French,maladie,Mbay,mÅy :
French,maladie,Mango,mÅy
French,maladie,Nar,mÅy :
French,maladie,Ngambay,mÐy
French,maladie,Sar,mÅy
French,maladie,Ngam,mÅy :
French,ladie; infirmité,Bebote,mÆtÕ :
French,ladie; infirmité,Bediondo,mÆtÕ
French,ladie; infirmité,Daba,mòt :
French,ladie; infirmité,Gor,mòtè :
French,ladie; infirmité,Gulay,mÆtÕ
French,ladie; infirmité,Kaba_Na,mòtù :
French,ladie; infirmité,Kaba,mÆtÕ
French,ladie; infirmité,Laka,mÆndÆ :
French,ladie; infirmité,Mbay,mòtÕ :
French,ladie; infirmité,Mango,mÆtÕ
French,ladie; infirmité,Nar,líg¸rï :
French,ladie; infirmité,Ngambay,mÆdÕ :
French,ladie; infirmité,Sar,mòtÕ
French,ladie; infirmité,Ngam,mòtÕ
French,laxer (boue pour briques),Bebote,mb¸sæ :
French,laxer (boue pour briques),Kaba_Na,jújü
French,laxer (boue pour briques),Mbay,lôÿ :
French,laxer (boue pour briques),Mango,mbçy :
French,laxer (boue pour briques),Nar,lôy
French,laxer (boue pour briques),Ngambay,mbçy
French,le,Bebote,dÕngÆm :
French,le,Bediondo,dÕngÆm
French,le,Daba,jìngà :
French,le,Gor,dÕngÆm
French,le,Gulay,dìngÆm :
French,le,Kaba,jìngàw
French,le,Laka,jìngàw
French,le,Mbay,dìngá :
French,le,Mango,dìngÆm
French,le,Nar,dÕngàm :
French,le,Ngambay,dìngàm :
French,le,Sar,dÕngàm
French,le,Ngam,dÕngà
French,nche,Bebote,kül :
French,nche,Bediondo,kül
French,nche,Gor,kül :
French,nche,Gulay,kül :
French,nche,Kaba_Na,kölï
French,nche,Laka,kül :
French,nche,Mbay,kül :
French,nche,Mango,kül
French,nche,Nar,kül :
French,nche,Ngambay,kül :
French,nche,Sar,kül
French,nger,Bebote,sî :
French,nger,Bediondo,ùsò :
French,nger,Daba,ùsà
French,nger,Gor,sî :
French,nger,Gulay,ùsÆ :
French,nger,Kaba_Na,ìsà
French,nger,Kaba,ùsà : Kul=ùsà :
French,nger,Laka,ùsà
French,nger,Mbay,sà :
French,nger,Mango,ùsò :
French,nger,Nar,ÕsÆ
French,nger,Ngambay,ùsà :
French,nger,Sar,ìsà
French,nger,Ngam,Õsà :
French,nger (qc farineux),Gulay,m¦© :
French,nger (qc farineux),Kaba_Na,mbírì
French,nger (qc farineux),Laka,m¦rø :
French,nger (qc farineux),Mbay,m¦© :
French,nger (qc farineux),Mango,m¦ø
French,nger (qc farineux),Nar,mü© :
French,nger (qc farineux),Ngambay,"m¦rø,müÑ"
French,nger (qc farineux),Sar,mü©
French,nger (qc mou),Bebote,Å :
French,nger (qc mou),Bediondo,Å :
French,nger (qc mou),Gor,Å
French,nger (qc mou),Gulay,Å :
French,nger (qc mou),Kaba,Å : Kul=î…î
French,nger (qc mou),Laka,Å :
French,nger (qc mou),Mbay,Å¢ :
French,nger (qc mou),Mango,Å :
French,nger (qc mou),Nar,Å
French,nger (qc mou),Ngambay,Å :
French,nger (qc mou),Sar,“
French,nger (qc mou),Ngam,wÅ :
French,nioc,Bebote,ngàlì :
French,nioc,Bediondo,ngàlì
French,nioc,Daba,gîjî :
French,nioc,Gor,ngàlì
French,nioc,Gulay,ngàlì :
French,nioc,Kaba_Na,ngàlè
French,nioc,Kaba,ngàlì : Kul=ngàlè
French,nioc,Laka,gîy-ngìrà :
French,nioc,Mbay,ngàrì
French,nioc,Mango,ngàlì :
French,nioc,Nar,ngàlìyà
French,Français,Ngambay,ngàlì
French,Français,Sar,ngàlì
French,Français,Ngam,ngàÈìyà :
French,mante religieuse,Bebote,‡-gæng :
French,mante religieuse,Bediondo,‡-gæng¸
French,mante religieuse,Gor,‡-göng¸ :
French,mante religieuse,Gulay,gæng
French,mante religieuse,Laka,‡-gæng :
French,mante religieuse,Mbay,kÉ-göng
French,mante religieuse,Mango,‡-gæng
French,mante religieuse,Nar,k‡-ngîr-bädä
French,mante religieuse,Ngambay,gÉñg :
French,mante religieuse,Sar,kám-dî-Èº
French,marché,Bebote,súk¸ :
French,marché,Bediondo,súk¸
French,marché,Daba,súk :
French,marché,Gor,súk¸ :
French,marché,Gulay,súkü
French,marché,Kaba_Na,súkù :
French,marché,Kaba,lò-làb¸-né
French,marché,Laka,nàdÕ-né-ndö
French,marché,Mbay,súk¸ :
French,marché,Mango,súkÕ
French,marché,Nar,súk¸ :
French,marché,Ngambay,súgÕ :
French,marché,Sar,súk¸
French,marché,Ngam,súk‡
French,"marcher, se promener",Bebote,njïyæ :
French,"marcher, se promener",Bediondo,nj¸yæ
French,"marcher, se promener",Daba,tïgä :
French,"marcher, se promener",Gor,njïyæ
French,"marcher, se promener",Gulay,njïyæ :
French,"marcher, se promener",Kaba_Na,kàßë
French,"marcher, se promener",Kaba,njä :
French,"marcher, se promener",Laka,njä :
French,"marcher, se promener",Mbay,ndïyä
French,"marcher, se promener",Mango,njïyæ :
French,"marcher, se promener",Nar,njïyæ
French,"marcher, se promener",Ngambay,njä
French,"marcher, se promener",Sar,nj¸rä
French,"marcher, se promener",Ngam,njïyä :
French,"marécage, étang",Laka,bûy :
French,"marécage, étang",Mbay,kàar
French,"marécage, étang",Nar,k¼r¼
French,margouillat,Bebote,‡-bîô :
French,margouillat,Bediondo,báylà
French,margouillat,Daba,kí£ :
French,margouillat,Gor,‡-bîô
French,margouillat,Gulay,k‡-ngäl-bÆnï :
French,margouillat,Kaba_Na,kél
French,margouillat,Kaba,‡-bàylà : Kul=kílï
French,margouillat,Laka,‡-bàýlà :
French,margouillat,Mbay,k‡-bîô
French,margouillat,Mango,báylà :
French,margouillat,Nar,kíl
French,margouillat,Ngambay,báylà :
French,margouillat,Sar,kí£
French,mari,Bebote,ngàw :
French,mari,Bediondo,ngàw
French,mari,Daba,ngàw :
French,mari,Gor,ngàw :
French,mari,Gulay,ngà
French,mari,Kaba_Na,ngàßà :
French,mari,Kaba,ngàw
French,mari,Laka,ngàw :
French,mari,Mbay,ngàw :
French,mari,Mango,ngîw
French,mari,Nar,ngà :
French,mari,Ngambay,ngàw :
French,mari,Sar,ngà
French,mari,Ngam,ngàßÕ
French,"marmite, petit",Bebote,mbä-tà :
French,"marmite, petit",Bediondo,bày
French,"marmite, petit",Gulay,bày :
French,"marmite, petit",Kaba_Na,hàyà :
French,"marmite, petit",Kaba,bày
French,Langues Sara,Laka,bày :
French,Langues Sara,Mbay,bày :
French,Langues Sara,Nar,bày
French,Langues Sara,Ngambay,bày
French,marqueur d'interrogation,Bebote,wà :
French,marqueur d'interrogation,Bediondo,à :
French,marqueur d'interrogation,Gor,wà
French,marqueur d'interrogation,Gulay,wà :
French,marqueur d'interrogation,Kaba_Na,wà :
French,marqueur d'interrogation,Kaba,wà
French,marqueur d'interrogation,Laka,wà :
French,marqueur d'interrogation,Mbay,wà
French,marqueur d'interrogation,Mango,wà :
French,marqueur d'interrogation,Nar,à :
French,marqueur d'interrogation,Ngambay,à :
French,marqueur d'interrogation,Sar,à
French,marqueur d'interrogation,Ngam,à
French,marqueur de débarrassement,Bebote,kûô :
French,marqueur de débarrassement,Bediondo,kûô
French,marqueur de débarrassement,Daba,kènèng :
French,marqueur de débarrassement,Gor,kûô
French,marqueur de débarrassement,Gulay,kûk‡ :
French,marqueur de débarrassement,Kaba,ràng :
French,marqueur de débarrassement,Laka,kûrô
French,marqueur de débarrassement,Mbay,kûô :
French,marqueur de débarrassement,Mango,kûô :
French,marqueur de débarrassement,Nar,kûô
French,marqueur de débarrassement,Ngambay,kûô :
French,marqueur de débarrassement,Sar,kûô
French,marqueur de débarrassement,Ngam,kûô :
French,marqueur du futur,Bebote,à :
French,marqueur du futur,Bediondo,à :
French,marqueur du futur,Gor,à
French,marqueur du futur,Gulay,à :
French,marqueur du futur,Kaba_Na,nj- :
French,marqueur du futur,Kaba,à
French,marqueur du futur,Laka,à :
French,marqueur du futur,Mbay,à :
French,marqueur du futur,Mango,à :
French,marqueur du futur,Nar,à
French,marqueur du futur,Ngambay,à :
French,marqueur du futur,Sar,à
French,marqueur du futur,Ngam,ä :
French,marqueur du pluriel : nom,Bebote,jë :
French,marqueur du pluriel : nom,Bediondo,jë :
French,marqueur du pluriel : nom,Daba,gë
French,marqueur du pluriel : nom,Gor,g¸ :
French,marqueur du pluriel : nom,Gulay,g¸ :
French,marqueur du pluriel : nom,Kaba_Na,gë
French,marqueur du pluriel : nom,Kaba,jë : Kul=gë :
French,marqueur du pluriel : nom,Laka,jë
French,marqueur du pluriel : nom,Mbay,-g¸ :
French,marqueur du pluriel : nom,Mango,jë :
French,marqueur du pluriel : nom,Nar,-g¸
French,marqueur du pluriel : nom,Ngambay,jë :
French,marqueur du pluriel : nom,Sar,g¸
French,marqueur du pluriel : nom,Ngam,-g¸ :
French,marqueur du pluriel : verbe,Bebote,-ï :
French,marqueur du pluriel : verbe,Bediondo,-ï :
French,marqueur du pluriel : verbe,Daba,-ï
French,marqueur du pluriel : verbe,Gor,-ï :
French,marqueur du pluriel : verbe,Gulay,-ï :
French,marqueur du pluriel : verbe,Mbay,-ñ
French,marqueur du pluriel : verbe,Mango,-ï :
French,marqueur du pluriel : verbe,Nar,-ñ :
French,marqueur du pluriel : verbe,Sar,-ï
French,marqueur locatif,Bebote,t‡ :
French,marqueur locatif,Bediondo,t‡ :
French,marqueur locatif,Daba,tí
French,marqueur locatif,Gor,t‡ :
French,marqueur locatif,Gulay,t‡ :
French,marqueur locatif,Kaba,t‡
French,marqueur locatif,Laka,g‡ :
French,marqueur locatif,Mbay,t‡ :
French,marqueur locatif,Mango,t‡
French,marqueur locatif,Nar,t‡ :
French,marqueur locatif,Ngambay,d‡
French,marqueur locatif,Sar,t‡
French,marqueur locatif,Ngam,t‡ :
French,matin. de bon matin,Bebote,kÕ-sƒ :
French,matin. de bon matin,Bediondo,sƒ
French,matin. de bon matin,Gor,sƒ :
French,matin. de bon matin,Gulay,ndôgé
French,matin. de bon matin,Kaba,kÕ-sƒ : Kul=jínjô
French,matin. de bon matin,Laka,ndûô :
French,matin. de bon matin,Mbay,kÕ-sƒ¿ :
French,matin. de bon matin,Mango,sƒ
French,matin. de bon matin,Nar,kÕ-ndöý :
French,matin. de bon matin,Ngambay,ndûô :
French,matin. de bon matin,Sar,dù-lòý
French,matin. de bon matin,Ngam,dîlòó
French,maudire,Bebote,màñ :
French,maudire,Bediondo,màn
French,maudire,Gor,màñ :
French,maudire,Gulay,màn :
French,maudire,Laka,ùgù
French,maudire,Mbay,ßà® :
French,maudire,Mango,màn :
French,maudire,Nar,ßär
French,maudire,Ngambay,màn :
French,maudire,Sar,tÕmbë
French,mauvais : être,Bebote,màjà• :
French,mauvais : être,Bediondo,màjà•
French,mauvais : être,Gor,màjÆ• :
French,mauvais : être,Gulay,màjÕlé
French,mauvais : être,Kaba_Na,àsü :
French,mauvais : être,Kaba,mànjàÑg m
French,mauvais : être,Mbay,màjà• :
French,mauvais : être,Mango,màjà•
French,mauvais : être,Nar,màjà• :
French,mauvais : être,Ngambay,màjÆ• :
French,mauvais : être,Sar,màjà• m
French,mauvais : être,Ngam,màjà•
French,me (obj. de verbe),Bebote,-« :
French,me (obj. de verbe),Bediondo,-« :
French,me (obj. de verbe),Daba,-«
French,me (obj. de verbe),Gor,-« :
French,me (obj. de verbe),Gulay,-« :
French,me (obj. de verbe),Kaba,-« m
French,me (obj. de verbe),Laka,-« :
French,me (obj. de verbe),Mbay,-«
French,me (obj. de verbe),Mango,-« :
French,me (obj. de verbe),Nar,-« :
French,me (obj. de verbe),Ngambay,-«
French,me (obj. de verbe),Sar,-«
French,médicament,Bebote,dáwä :
French,médicament,Bediondo,dáwä
French,médicament,Daba,÷á« :
French,médicament,Gor,"dáwä,k¬"
French,médicament,Gulay,kùgÆ :
French,médicament,Laka,"kùmä,k“mº m"
French,médicament,Mbay,k¬¿ :
French,médicament,Mango,kùmæ :
French,médicament,Ngambay,kùmä :
French,médicament,Sar,k¬
French,médicament,Ngam,k¬
French,melon,Bebote,wàs¸ :
French,melon,Bediondo,wàs¸
French,melon,Daba,wàs :
French,melon,Gor,wàs¸ :
French,melon,Gulay,wàs¸
French,melon,Kaba_Na,wàsö :
French,melon,Kaba,wàs¸
French,melon,Laka,wàs¸ :
French,melon,Mbay,wàs¸ :
French,melon,Mango,wàs¸ m
French,melon,Nar,wàs¸ :
French,melon,Ngambay,wàs¸
French,melon,Sar,wàs¸
French,même,Gor,kárë-bà
French,même,Kaba,kárä-bàä :
French,même,Laka,kárä-bà
French,même,Mbay,kÕ-k‡rä :
French,même,Ngambay,kárä
French,même,Ngam,k‡ßä m
French,menton,Bebote,‡-ngÆngÉræ :
French,menton,Bediondo,gîn
French,menton,Gor,mît‹gîn :
French,menton,Gulay,bÉg‡m-tà
French,menton,Kaba,gÉl-tà :
French,menton,Laka,gÉl-tà
French,menton,Mbay,bògÕ :
French,menton,Mango,gín-tà m
French,menton,Nar,bògò :
French,menton,Ngambay,gél-tà
French,menton,Sar,bògò
French,mère m,Bebote,kÇ :
French,mère m,Bediondo,kÇ :
French,mère m,Daba,kÇ
French,mère m,Gor,kÇ :
French,mère m,Gulay,kÇ :
French,mère m,Kaba_Na,kóò
French,mère m,Kaba,kÇ : Kul=kóò :
French,mère m,Laka,kÇ
French,mère m,Mbay,kÇ¢ :
French,mère m,Mango,kÇ :
French,mère m,Nar,kÇ
French,mère m,Ngambay,kÇ :
French,mère m,Sar,kø“ m
French,mère m,Ngam,kÇ :
French,mesurer,Bebote,mbûj¸ :
French,mesurer,Bediondo,mbûj‡
French,mesurer,Gor,mbôj¸ :
French,mesurer,Gulay,mbûj‡
French,mesurer,Laka,mbôjï :
French,mesurer,Mbay,mbûj¸
French,mesurer,Mango,mbôj¸ :
French,mesurer,Nar,mbûj‡
French,mesurer,Ngambay,mbôjï
French,ttre en rang,Bediondo,òs¸ :
French,ttre en rang,Daba,îs :
French,ttre en rang,Laka,îsÕ
French,ttre en rang,Mbay,îs¸
French,ttre les os ensemble,Gulay,nàmä :
French,ttre les os ensemble,Mbay,nà«
French,ttre les os ensemble,Ngambay,nàm
French,el,Bebote,ùb¸-tÆjÕ :
French,el,Bediondo,tÆjÕ
French,el,Gor,mbàñ-tÆjÕ :
French,el,Gulay,ùbü-tùjù
French,el,Kaba,ùbü-tèjì :
French,el,Laka,ùbü
French,el,Mbay,tèjì :
French,el,Mango,ùb¸-tòjÕ
French,el,Nar,yìb¸tèjÕ :
French,el,Ngambay,tÆnjì
French,el,Sar,tèjÕ
French,"eux, être mieux",Bebote,só-t‡ :
French,"eux, être mieux",Bediondo,só-t‡
French,"eux, être mieux",Daba,só-tï :
French,"eux, être mieux",Gor,só-t‡
French,"eux, être mieux",Gulay,só-t‡ :
French,"eux, être mieux",Kaba,sót‡
French,"eux, être mieux",Mbay,só-t‡ :
French,"eux, être mieux",Mango,só-t‡
French,"eux, être mieux",Nar,só-t‡ :
French,"eux, être mieux",Ngambay,só-d‡ :
French,"eux, être mieux",Sar,só-t‡
French,"eux, être mieux",Ngam,sóò-t‡
French,l (mot général),Gor,kö :
French,l (mot général),Gulay,kö
French,l (mot général),Kaba_Na,kàmbá :
French,l (mot général),Kaba,kö : Kul=tŠ
French,l (mot général),Mbay,yª½-köo :
French,l (mot général),Mango,kö
French,l (mot général),Nar,kö :
French,l (mot général),Ngambay,kö
French,l (mot général),Sar,"búgïd‡, kö"
French,l (mot général),Ngam,mbú® :
French,l pénicillaire,Bebote,tþy :
French,l pénicillaire,Bediondo,tðy :
French,l pénicillaire,Daba,tþy
French,l pénicillaire,Gor,tþy :
French,l pénicillaire,Gulay,tþy
French,l pénicillaire,Kaba_Na,täy-kàá :
French,l pénicillaire,Kaba,tþy
French,l pénicillaire,Laka,tºy :
French,l pénicillaire,Mbay,tºy :
French,l pénicillaire,Mango,tðy
French,l pénicillaire,Nar,tþy :
French,l pénicillaire,Ngambay,tðy :
French,l pénicillaire,Sar,tþy
French,l sauvage,Gulay,jÆr :
French,l sauvage,Laka,jæm¸læ
French,l sauvage,Mbay,jòr :
French,l sauvage,Mango,jÆ :
French,l sauvage,Sar,jòr
French,"l, esp. de.",Bebote,wàä :
French,"l, esp. de.",Bediondo,wä :
French,"l, esp. de.",Daba,wàä
French,"l, esp. de.",Gor,wàä :
French,"l, esp. de.",Gulay,wÆæ :
French,"l, esp. de.",Kaba,wàä
French,"l, esp. de.",Laka,wàä :
French,"l, esp. de.",Mbay,wàä :
French,"l, esp. de.",Mango,wæ
French,"l, esp. de.",Ngambay,wàä :
French,"l, esp. de.",Sar,üwá
French,"l, esp. de.",Ngam,Õwä :
French,lle,Bebote,sák¸ :
French,lle,Bediondo,d¸b‡
French,lle,Daba,sák :
French,lle,Gor,dÆr
French,lle,Gulay,àrü-dîgÕ :
French,lle,Kaba,dùrù
French,Français,Laka,tôl-dîgÕ :
French,Français,Mbay,düb‡
French,Français,Mango,düb‡ :
French,Français,Nar,düb‡
French,Français,Ngambay,ság¸
French,Français,Sar,dübú
French,Français,Ngam,dübú :
French,mille-pattes,Bebote,‡-kùlúlü
French,mille-pattes,Gor,‡-külúlü :
French,mille-pattes,Gulay,kùlúlü
French,mille-pattes,Kaba_Na,kóngó :
French,mille-pattes,Kaba,‡-kùlúlü
French,mille-pattes,Laka,‡-kùlúlü :
French,mille-pattes,Mbay,k‡-kùlï
French,mille-pattes,Nar,körö-rûý
French,mille-pattes,Ngambay,kúlülü :
French,mille-pattes,Sar,kúlúlü
French,mille-pattes,Ngam,k‡-ndàdàrï
French,"mince, svelte : être",Bebote,mbàtÕ :
French,"mince, svelte : être",Bediondo,mbàtÕ
French,"mince, svelte : être",Daba,mbàt :
French,"mince, svelte : être",Gor,mbàtÕ
French,"mince, svelte : être",Gulay,mbàtÕ :
French,"mince, svelte : être",Laka,mbàdÕ
French,"mince, svelte : être",Mbay,mbàtÕ :
French,"mince, svelte : être",Mango,mbàtÕ
French,"mince, svelte : être",Ngambay,mbàdÕ
French,"mince, svelte : être",Ngam,mbàtÕ :
French,modeler,Bebote,Õbæ :
French,modeler,Bediondo,Õbæ
French,modeler,Gor,ùwæ :
French,modeler,Gulay,ùbæ :
French,modeler,Kaba_Na,ùßä
French,modeler,Kaba,ùßä :
French,modeler,Laka,ùbä :
French,modeler,Mbay,ßä
French,modeler,Mango,ùbæ :
French,modeler,Nar,Õßæ :
French,modeler,Ngambay,ùbä
French,modeler,Sar,ìßä
French,moi (forme indépendant),Bebote,m¬ :
French,moi (forme indépendant),Bediondo,m¬ :
French,moi (forme indépendant),Daba,mº
French,moi (forme indépendant),Gor,m¬ :
French,moi (forme indépendant),Kaba,mä :
French,moi (forme indépendant),Mbay,m¬
French,moi (forme indépendant),Mango,mº :
French,moi (forme indépendant),Nar,mº :
French,moi (forme indépendant),Ngambay,mº
French,moi (forme indépendant),Sar,mº
French,mollet,Gulay,ndàndän :
French,mollet,Mbay,sôl
French,mollet,Mango,ndän-njà :
French,mollet,Sar,ßî£
French,"mon, ma (oblique)",Bebote,-» :
French,"mon, ma (oblique)",Bediondo,-» :
French,"mon, ma (oblique)",Daba,-»
French,"mon, ma (oblique)",Gor,-» :
French,"mon, ma (oblique)",Gulay,-» :
French,"mon, ma (oblique)",Kaba,-»
French,"mon, ma (oblique)",Laka,-» :
French,"mon, ma (oblique)",Mbay,-»
French,"mon, ma (oblique)",Mango,-» :
French,"mon, ma (oblique)",Nar,-» :
French,"mon, ma (oblique)",Ngambay,-» :
French,"mon, ma (oblique)",Sar,-»
French,"mon, ma (oblique)",Ngam,-»
French,monter,Bebote,à£ :
French,monter,Bediondo,à£ :
French,monter,Daba,à£
French,monter,Gor,à£ :
French,monter,Gulay,à£ :
French,monter,Kaba_Na,àlö
French,monter,Kaba,à£ : Kul=àlö :
French,monter,Laka,àl
French,monter,Mbay,à£ :
French,monter,Mango,à£ :
French,monter,Nar,à£
French,monter,Ngambay,à£ :
French,monter,Sar,à£
French,monter,Ngam,à£ :
French,monticule; termitière,Bebote,‡-dïí :
French,monticule; termitière,Bediondo,dïí
French,monticule; termitière,Gor,"dî-gá-dï,‡-dïí"
French,Langues Sara,Gulay,dïí-dìï :
French,Langues Sara,Kaba,tílö
French,Langues Sara,Laka,dîô-j¬ƒ :
French,Langues Sara,Mbay,dïí
French,Langues Sara,Mango,dô-dïí :
French,Langues Sara,Nar,dïí
French,Langues Sara,Ngambay,dî-g‡-dïí
French,Langues Sara,Sar,dïí
French,Langues Sara,Ngam,dî-dïí :
French,montrer,Bediondo,tûj¸ :
French,montrer,Daba,tûj
French,montrer,Mbay,tûj¸
French,"montrer, expliquer",Bebote,îjÕ :
French,"montrer, expliquer",Bediondo,îjÕ :
French,"montrer, expliquer",Daba,îj
French,"montrer, expliquer",Gor,tôj‡ :
French,"montrer, expliquer",Gulay,îjÕ :
French,"montrer, expliquer",Kaba_Na,îjî
French,"montrer, expliquer",Kaba,îjù :
French,"montrer, expliquer",Laka,tûjï :
French,"montrer, expliquer",Mbay,îjÕ
French,"montrer, expliquer",Mango,îjÕ :
French,"montrer, expliquer",Nar,îjÕ :
French,"montrer, expliquer",Ngambay,tûjï :
French,"montrer, expliquer",Sar,îjÕ
French,"montrer, expliquer",Ngam,wîjÕ
French,mordre,Bebote,dÅ :
French,mordre,Bediondo,dÅ :
French,mordre,Daba,dÅ
French,mordre,Gor,dÅ :
French,mordre,Gulay,dÅ :
French,mordre,Kaba_Na,jù…ù
French,mordre,Kaba,tÇ :
French,mordre,Laka,tÇ :
French,mordre,Mbay,dÅ¢
French,mordre,Mango,dÅ :
French,mordre,Nar,dÅ :
French,mordre,Ngambay,tÇ :
French,mordre,Sar,dÅ
French,mordre,Ngam,dÅ
French,mort,Bebote,kòy :
French,mort,Bediondo,kòy :
French,mort,Daba,kòy
French,mort,Gor,kòy :
French,mort,Gulay,kòy :
French,mort,Kaba_Na,ìlä
French,mort,Kaba,kòy :
French,mort,Laka,kùy :
French,mort,Mbay,kòy
French,mort,Mango,"kòy, yò :"
French,mort,Nar,kòy
French,mort,Ngambay,kòy :
French,mort,Sar,"kòy, yò"
French,mort; sorcerie,Bebote,yò :
French,mort; sorcerie,Bediondo,yò :
French,mort; sorcerie,Daba,yò
French,mort; sorcerie,Gor,yò :
French,mort; sorcerie,Gulay,yò :
French,mort; sorcerie,Kaba,yò
French,mort; sorcerie,Laka,yò :
French,mort; sorcerie,Mbay,yòo :
French,mort; sorcerie,Mango,yò
French,mort; sorcerie,Nar,yò :
French,mort; sorcerie,Ngambay,yò
French,mort; sorcerie,Sar,yò
French,mort; sorcerie,Ngam,yò :
French,mortier,Bebote,bì® :
French,mortier,Bediondo,bÕ® :
French,mortier,Daba,bìï
French,mortier,Gor,bì® :
French,mortier,Gulay,bì® :
French,mortier,Kaba_Na,bèrï
French,mortier,Kaba,bìrï :
French,mortier,Laka,b¡¬ :
French,mortier,Mbay,bìï
French,mortier,Mango,bì® :
French,mortier,Nar,bì® :
French,mortier,Ngambay,bìrï :
French,mortier,Sar,bì®
French,mortier,Ngam,bì÷¸
French,mouche,Bebote,kóng¸ :
French,mouche,Bediondo,kÉng¸
French,mouche,Daba,kÇç :
French,mouche,Gor,kóng¸ :
French,mouche,Gulay,kÉng
French,mouche,Kaba_Na,ká« :
French,mouche,Kaba,kÉm :
French,mouche,Laka,kÜw
French,mouche,Mbay,kóñg :
French,mouche,Mango,kÉm
French,mouche,Nar,kóng :
French,mouche,Ngambay,kÉm :
French,mouche,Sar,kóñg
French,mouche tsé-tsé n,Gulay,kÉng-mbà :
French,mouche tsé-tsé n,Kaba_Na,mbà
French,mouche tsé-tsé n,Laka,‡-kæl :
French,mouche tsé-tsé n,Mbay,mbàa :
French,mouche tsé-tsé n,Mango,gÆng
French,mouche tsé-tsé n,Nar,gàng :
French,mouche tsé-tsé n,Ngambay,sé¥
French,mouillé : être,Bebote,mbæl :
French,mouillé : être,Bediondo,yçm
French,mouillé : être,Daba,y¬n :
French,mouillé : être,Gor,yçm :
French,mouillé : être,Gulay,nöm n
French,mouillé : être,Laka,yçm :
French,mouillé : être,Mbay,yöm :
French,mouillé : être,Mango,ndùÿ
French,mouillé : être,Nar,nöm :
French,mouillé : être,Ngambay,lûl :
French,mouillé : être,Sar,mböl
French,mourir,Bebote,òy :
French,mourir,Bediondo,òy :
French,mourir,Daba,òy
French,mourir,Gor,òy :
French,mourir,Gulay,òy :
French,mourir,Kaba_Na,ò
French,mourir,Kaba,òy :
French,mourir,Laka,ùy :
French,mourir,Mbay,òy
French,mourir,Mango,òy :
French,mourir,Nar,òy :
French,mourir,Ngambay,ùy :
French,mourir,Sar,òy
French,mourir,Ngam,wòy n
French,mousse,Bediondo,kúlù» :
French,mousse,Gor,púlù»
French,mousse,Gulay,púlülú :
French,mousse,Kaba_Na,húndúlú
French,mousse,Laka,húhúgú :
French,mousse,Mbay,húlù» :
French,mousse,Mango,Æ«
French,mousse,Nar,húlüú :
French,mousse,Sar,húlú n
French,moustique,Bebote,yíl :
French,moustique,Bediondo,y‡l
French,moustique,Gor,yíl :
French,moustique,Gulay,yíl :
French,moustique,Kaba_Na,wólü
French,moustique,Kaba,yíl :
French,moustique,Laka,íl :
French,moustique,Mbay,yí£ n
French,moustique,Mango,yíl :
French,moustique,Nar,yíl :
French,moustique,Ngambay,yíl :
French,moustique,Sar,yí£
French,moustique,Ngam,yƒl
French,mouton,Bebote,bàt¸ :
French,mouton,Bediondo,bàt¸
French,mouton,Daba,bàt :
French,mouton,Gor,bàt¸ :
French,mouton,Gulay,bàt¸
French,mouton,Kaba,bàt¸ : Kul=bàtä
French,mouton,Laka,bàd¸m :
French,mouton,Mbay,bàt¸ :
French,mouton,Mango,bàt¸
French,mouton,Nar,bàt¸ :
French,mouton,Ngambay,bàd¸ :
French,mouton,Sar,bàt¸ n
French,mouton,Ngam,bàt¸
French,mûr : être,Bebote,mbîjÕ :
French,mûr : être,Bediondo,mbùjÕ
French,mûr : être,Daba,às :
French,mûr : être,Gor,"gæs¸ræ, kàsÕ"
French,mûr : être,Gulay,kÆ® :
French,mûr : être,Kaba,sàng :
French,mûr : être,Laka,kàsÕ
French,mûr : être,Mbay,mbùjÕ :
French,mûr : être,Mango,kàsÕ
French,mûr : être,Ngambay,"îb¸, kàsÕ :"
French,mûr : être,Sar,îû n
French,n'exister pas,Bebote,gòtó :
French,n'exister pas,Bediondo,gòtó
French,n'exister pas,Daba,gòtó :
French,n'exister pas,Gor,gòtó :
French,n'exister pas,Gulay,gòtó
French,n'exister pas,Kaba,gòtó :
French,n'exister pas,Laka,gòdó
French,n'exister pas,Mbay,gòtóo :
French,n'exister pas,Mango,gòtó
French,n'exister pas,Nar,gòtóö :
French,n'exister pas,Ngambay,gòdó :
French,n'exister pas,Sar,gòtóö
French,n'exister pas,Ngam,gòtó n
French,ger,Bebote,àlè :
French,ger,Bediondo,àlè
French,ger,Gor,àlà :
French,ger,Gulay,àlè :
French,ger,Kaba_Na,àlè
French,ger,Kaba,àlè :
French,ger,Laka,àlè :
French,ger,Mbay,àl
French,ger,Mango,àlè :
French,ger,Nar,àlìyà :
French,ger,Ngambay,àlè :
French,ger,Sar,àl
French,ger,Ngam,kàl
French,tte : sorte de,Bebote,pál :
French,tte : sorte de,Bediondo,pál
French,tte : sorte de,Gor,pál :
French,tte : sorte de,Gulay,ràkà
French,tte : sorte de,Kaba_Na,njàgà :
French,tte : sorte de,Kaba,gàkÕrà
French,tte : sorte de,Mbay,pá£ :
French,tte : sorte de,Mango,pál
French,tte : sorte de,Nar,wàä :
French,tte : sorte de,Ngambay,tüwä-tôg¸ :
French,tte : sorte de,Sar,ÈàgÕ
French,tte : sorte de,Ngam,ßèl
French,tte : sorte de,Bebote,tüwæ :
French,tte : sorte de,Bediondo,tüwæ
French,tte : sorte de,Daba,tüwä :
French,tte : sorte de,Gor,tüwæ :
French,tte : sorte de,Gulay,tüwæ
French,tte : sorte de,Kaba,ràkÕ :
French,tte : sorte de,Laka,tüwä
French,tte : sorte de,Mbay,túwä :
French,tte : sorte de,Mango,tüwæ
French,tte : sorte de,Ngambay,tüwä :
French,tte : sorte de,Sar,wàä
French,faut pas,Bebote,öt‡ :
French,faut pas,Bediondo,òt‡ :
French,faut pas,Daba,öt‡
French,faut pas,Gor,òt‡ :
French,faut pas,Mbay,òt‡ :
French,faut pas,Nar,ï-lö
French,faut pas,Sar,lö
French,uf (9),Bebote,jï-kárë :
French,uf (9),Bediondo,jï-kárë
French,uf (9),Daba,jøn¬ :
French,uf (9),Gor,jï-kárä
French,uf (9),Gulay,jï-sÉj¸-mï :
French,uf (9),Kaba_Na,dàkäßü
French,uf (9),Kaba,jï-kárä : Kul=dàhäbü
French,uf (9),Laka,gènè-kárä :
French,uf (9),Mbay,jï-k‡rä
French,uf (9),Mango,"jï-kárë,jï-n¼y-kárë"
French,uf (9),Nar,ndöhó :
French,uf (9),Ngambay,jï-này-kárä :
French,uf (9),Sar,ndöhó
French,uf (9),Ngam,ndöhó
French,z,Bebote,Æm :
French,z,Bediondo,Æm :
French,z,Daba,kôn
French,z,Gor,“ :
French,z,Gulay,kÉr-ùm :
French,z,Kaba_Na,kúnü
French,z,Kaba,ùm :
French,z,Laka,ùm :
French,z,Mbay,kôn
French,z,Mango,Æm :
French,z,Nar,kôn :
French,z,Ngambay,Æm :
French,z,Sar,kôµ
French,z,Ngam,kón
French,er,Bebote,mänj¸ :
French,er,Bediondo,mäj¸
French,er,Daba,näj :
French,er,Gor,mänj¸ :
French,er,Gulay,näj¸
French,er,Kaba_Na,ngängä :
French,er,Kaba,mºy
French,er,Laka,mºy :
French,er,Mbay,mäj¸ :
French,er,Mango,näj¸
French,er,Nar,nëj¸ :
French,er,Ngambay,mºy :
French,er,Sar,nëj¸
French,eud,Mbay,ngùm :
French,eud,Mango,÷ò :
French,eud,Sar,kÕÈò
French,noir : être,Bebote,ndùl :
French,noir : être,Bediondo,ndùl
French,noir : être,Daba,ìl :
French,noir : être,Gor,ndùl :
French,noir : être,Gulay,ndùl
French,noir : être,Kaba_Na,ìlì :
French,noir : être,Kaba,ndùl : Kul=ìt
French,noir : être,Laka,ndùl :
French,noir : être,Mbay,ìl :
French,noir : être,Mango,ndùl
French,noir : être,Nar,ndùl :
French,noir : être,Ngambay,ndùl :
French,noir : être,Sar,ndùl
French,noir : être,Ngam,ndùl
French,noix de karité,Bediondo,‡-rûý :
French,noix de karité,Gor,÷ûý
French,noix de karité,Laka,‡-÷ûý :
French,noix de karité,Mbay,÷ûý :
French,noix de karité,Mango,‡-÷û
French,noix de karité,Nar,÷ûý
French,noix kola,Bebote,górö :
French,noix kola,Bediondo,górö
French,noix kola,Gor,gôrû :
French,noix kola,Gulay,górò
French,noix kola,Kaba_Na,kí-rûô :
French,noix kola,Kaba,górò
French,noix kola,Laka,górò :
French,noix kola,Mbay,górö :
French,noix kola,Mango,gôrî
French,noix kola,Nar,górò :
French,noix kola,Ngambay,gôrî
French,noix kola,Sar,górò
French,nom,Bebote,tû :
French,nom,Bediondo,tû :
French,nom,Daba,tû
French,nom,Gor,tû :
French,nom,Gulay,rï :
French,nom,Kaba_Na,yï
French,nom,Kaba,rï :
French,nom,Laka,rï :
French,nom,Mbay,tûû
French,nom,Mango,rï :
French,nom,Nar,rï :
French,nom,Ngambay,rï :
French,nom,Sar,Èï
French,nom,Ngam,Èï
French,nombre,Bebote,kûr :
French,nombre,Bediondo,kûr :
French,nombre,Daba,kûr
French,nombre,Gor,kûr :
French,nombre,Gulay,kûr :
French,nombre,Kaba,kûr
French,nombre,Laka,kûr :
French,nombre,Mbay,kûr :
French,nombre,Mango,kûr
French,nombre,Nar,kûr :
French,nombre,Ngambay,kû
French,nombre,Sar,kùtÕ
French,nombre,Ngam,kùtÕ :
French,"nombreux, être",Bebote,yº :
French,"nombreux, être",Bediondo,b¼y :
French,"nombreux, être",Gor,b¼y
French,"nombreux, être",Gulay,bùlÆ :
French,"nombreux, être",Kaba,bákºy :
French,"nombreux, être",Laka,bº
French,"nombreux, être",Mbay,"bàa, bÕla :"
French,"nombreux, être",Mango,"òng¸,"
French,"nombreux, être",Nar,bÕlÆ
French,"nombreux, être",Ngambay,bùlà
French,"nombreux, être",Sar,bÕlà
French,"nombreux, être",Ngam,bàhäy :
French,nombril,Bebote,küm :
French,nombril,Bediondo,küm :
French,nombril,Daba,kúm
French,nombril,Gor,kúm :
French,nombril,Gulay,kúm :
French,nombril,Kaba_Na,küm
French,nombril,Kaba,küm :
French,nombril,Laka,kúm :
French,nombril,Mbay,kúm
French,nombril,Mango,kúm :
French,nombril,Nar,kúm :
French,nombril,Ngambay,küm
French,nombril,Sar,kúm
French,nourriture,Bebote,né-kùsî :
French,nourriture,Bediondo,nÏ-kùsò
French,nourriture,Daba,yª-kùsà :
French,nourriture,Gor,yª-kùsî
French,nourriture,Gulay,yª-kùsÆ :
French,nourriture,Kaba_Na,nákü
French,Langues Sara,Kaba,né :
French,Langues Sara,Laka,né-kùsà
French,Langues Sara,Mbay,yª½-k‡-sà :
French,Langues Sara,Ngambay,né-sî :
French,Langues Sara,Sar,yªà-kÕsà
French,Langues Sara,Ngam,yª-kÕsà
French,nous (nom.),Bebote,jÕ- :
French,nous (nom.),Gor,j- :
French,nous (nom.),Gulay,"jè,j-"
French,nous (nom.),Kaba,j- :
French,nous (nom.),Laka,jà- :
French,nous (nom.),Mbay,kÕ-
French,nous (nom.),Mango,jÕ- :
French,nous (nom.),Nar,jÕ- :
French,nous (nom.),Ngambay,j- :
French,nous (nom.),Sar,"jÕ-,j-"
French,nous (nom.),Ngam,jÕ-
French,nous (nom.),Bebote,j- :
French,nous (nom.),Bediondo,j- :
French,nous (nom.),Daba,j-
French,nous (nom.),Gor,"j-, j- :"
French,nous (nom.),Gulay,j- :
French,nous (nom.),Laka,j-
French,nous (nom.),Mbay,j- :
French,nous (nom.),Mango,j- :
French,nous (nom.),Nar,j-
French,nous (nom.),Ngambay,j- :
French,nous (nom.),Sar,j-
French,nous (obj. de verbe),Bebote,-jè :
French,nous (obj. de verbe),Bediondo,-jè :
French,nous (obj. de verbe),Daba,-jé
French,nous (obj. de verbe),Gor,"-jè, -jè :"
French,nous (obj. de verbe),Gulay,"-jè, -jè"
French,nous (obj. de verbe),Kaba_Na,jé :
French,nous (obj. de verbe),Kaba,-jé :
French,nous (obj. de verbe),Laka,-sí
French,nous (obj. de verbe),Mbay,-jÕ :
French,nous (obj. de verbe),Mango,-jí :
French,nous (obj. de verbe),Nar,-jí
French,nous (obj. de verbe),Ngambay,"-sí, -sí :"
French,nous (obj. de verbe),Sar,-jí
French,"nous (oblique); notre, nos",Bebote,-jé :
French,"nous (oblique); notre, nos",Gor,-jé
French,"nous (oblique); notre, nos",Gulay,-jé :
French,"nous (oblique); notre, nos",Kaba,-jé : Kul=j¨™
French,"nous (oblique); notre, nos",Laka,-sí :
French,"nous (oblique); notre, nos",Mbay,-j‡ :
French,"nous (oblique); notre, nos",Mango,-jí
French,"nous (oblique); notre, nos",Nar,"-jí, -jí :"
French,"nous (oblique); notre, nos",Ngambay,-sí :
French,"nous (oblique); notre, nos",Sar,-jí
French,"nous (oblique); notre, nos",Ngam,-j‡
French,"nouveau, neuf",Bebote,sìgÕ :
French,"nouveau, neuf",Bediondo,sÕgÕ
French,"nouveau, neuf",Daba,kìj :
French,"nouveau, neuf",Gor,sìgÕ :
French,"nouveau, neuf",Gulay,kìgÕ
French,"nouveau, neuf",Kaba,sìkì : Kul=÷yä :
French,"nouveau, neuf",Laka,sìgì
French,"nouveau, neuf",Mbay,kìjÕ :
French,"nouveau, neuf",Mango,sìgÕ
French,"nouveau, neuf",Nar,kìjÕ :
French,"nouveau, neuf",Ngambay,kìgì
French,"nouveau, neuf",Sar,kìjÕ
French,nouvelles,Bediondo,pòÿ :
French,nouvelles,Gulay,kîb¸ :
French,nouvelles,Laka,ká
French,nouvelles,Mbay,hòÿ :
French,nouvelles,Nar,kás¸
French,noyau,Bebote,kánd¸ :
French,noyau,Bediondo,güm
French,noyau,Gor,kánd¸ :
French,noyau,Gulay,jïb¸rï
French,noyau,Kaba_Na,köngö :
French,noyau,Laka,ngàw-ùr
French,noyau,Mbay,güm :
French,noyau,Mango,kº
French,noyau,Nar,gümb¸rü :
French,noyau,Ngambay,kánd¸
French,noyau,Sar,gümb¸Èü
French,"nuageux, noir : être",Bebote,ì£ :
French,"nuageux, noir : être",Bediondo,Õ£ :
French,"nuageux, noir : être",Gor,ì£
French,"nuageux, noir : être",Gulay,ì£ :
French,"nuageux, noir : être",Kaba,ìl :
French,"nuageux, noir : être",Laka,ìl
French,"nuageux, noir : être",Mbay,ì£ :
French,"nuageux, noir : être",Mango,¡ :
French,"nuageux, noir : être",Nar,ì£
French,"nuageux, noir : être",Ngambay,ì£ :
French,"nuageux, noir : être",Sar,ì£
French,"nuageux, noir : être",Ngam,yì£ :
French,"nuit, sombre : être",Bebote,dü :
French,"nuit, sombre : être",Bediondo,d¸b¸ :
French,"nuit, sombre : être",Gor,dü
French,"nuit, sombre : être",Kaba,ndùl :
French,"nuit, sombre : être",Mbay,"düu,dïw"
French,"nuit, sombre : être",Mango,ndùl :
French,"nuit, sombre : être",Ngambay,ndùl
French,nuque o,Bebote,gö :
French,nuque o,Bediondo,gö
French,nuque o,Daba,kút-gö :
French,nuque o,Gor,gár-gö
French,nuque o,Gulay,yï-gö :
French,nuque o,Kaba,gö :
French,nuque o,Mbay,gö
French,nuque o,Mango,gö :
French,nuque o,Nar,gö :
French,nuque o,Ngambay,gö
French,nuque o,Sar,gö
French,odeur nauséabond,Mbay,s‡wé :
French,odeur nauséabond,Mango,sÉ :
French,odeur nauséabond,Sar,sé
French,oeil,Bebote,kÆm :
French,oeil,Bediondo,kÆm :
French,oeil,Daba,kòm
French,oeil,Gor,kùm :
French,oeil,Gulay,kùm :
French,oeil,Kaba_Na,kàm
French,oeil,Kaba,kÆm :
French,oeil,Laka,kÆm :
French,oeil,Mbay,kùm
French,oeil,Mango,kÆm :
French,oeil,Nar,kùm :
French,oeil,Ngam,kùm
French,o,Ngambay,kÆm :
French,o,Sar,kùm
French,oeufs,Bebote,kàw :
French,oeufs,Bediondo,kàw :
French,oeufs,Daba,kàw
French,oeufs,Gor,kàw :
French,oeufs,Gulay,kàw :
French,oeufs,Kaba_Na,kîßè
French,oeufs,Kaba,kàw : Kul=hàßè :
French,oeufs,Laka,kàw
French,oeufs,Mbay,kàw :
French,oeufs,Mango,kîw :
French,oeufs,Nar,kà
French,o,Ngambay,kàw :
French,o,Sar,kà
French,o,Ngam,kàw :
French,oignon sauvage : esp. de,Mbay,ndíjä :
French,oignon sauvage : esp. de,Mango,ndíjæ
French,oignon sauvage : esp. de,Sar,ndíjä
French,oiseau,Bebote,yÆ£ :
French,oiseau,Bediondo,yÆ£ :
French,oiseau,Daba,yè£
French,o,Gor,yÆ£ :
French,o,Gulay,Æ£ :
French,o,Kaba_Na,àlï
French,o,Kaba,Æ£ : Kul=kólë :
French,o,Laka,yè£
French,o,Mbay,yè£ :
French,o,Mango,Æ£ :
French,o,Nar,yè£
French,o,Ngambay,è£ :
French,o,Sar,yè£
French,o,Ngam,yè£ :
French,oiseau : drongo,Bediondo,däng¸ :
French,oiseau : drongo,Kaba_Na,gü
French,oiseau : drongo,Laka,‡-ngàw-yö-àÑg :
French,oiseau : drongo,Mbay,jú«
French,oiseau : drongo,Nar,júm :
French,oiseau : drongo,Ngambay,jímï :
French,oiseau : drongo,Sar,júmbü
French,oiseau : drongo,Ngam,júmb¸
French,ombre; esprit,Bebote,ndíl :
French,ombre; esprit,Bediondo,nd‡l
French,ombre; esprit,Daba,njíl :
French,ombre; esprit,Gor,ndíl :
French,ombre; esprit,Gulay,ndíl
French,ombre; esprit,Kaba_Na,njílì :
French,ombre; esprit,Kaba,njíl
French,ombre; esprit,Laka,njíl :
French,ombre; esprit,Mbay,ndíl :
French,ombre; esprit,Mango,ndíl
French,ombre; esprit,Nar,ndíl :
French,ombre; esprit,Ngam,ndíl
French,o,Ngambay,ndíl :
French,o,Sar,ndí¥
French,oncle maternel,Bebote,nän :
French,oncle maternel,Bediondo,nän :
French,oncle maternel,Daba,nän
French,oncle maternel,Gor,nän :
French,oncle maternel,Gulay,nän :
French,oncle maternel,Kaba_Na,nänö
French,oncle maternel,Kaba,nän : Kul=nönö :
French,oncle maternel,Laka,nän
French,oncle maternel,Mbay,nän :
French,oncle maternel,Mango,nän :
French,oncle maternel,Nar,nän
French,oncle maternel,Ngambay,näná :
French,oncle maternel,Sar,nän
French,oncle maternel,Ngam,nän :
French,ze,Bebote,dîg-gÕdé-kárë
French,ze,Daba,dî-÷é-jö÷
French,ze,Gor,dîgÕ-dë-kárë
French,ze,Gulay,dîg-gìdÆ-kárë
French,ze,Kaba,dîkÆ-rë-kárä
French,Kul=dîgî-jî-hàré,Laka,dîgÕ-gìré-kárä
French,Kul=dîgî-jî-hàré,Mbay,kÕlá-gìdÕ-k‡-k‡rä
French,Kul=dîgî-jî-hàré,Mango,dîg¸-gìd-é-kárë
French,Kul=dîgî-jî-hàré,Nar,kùtÕ-gìdì-kóg¸»
French,Kul=dîgî-jî-hàré,Ngambay,dîg-gìr-é-kárä
French,Kul=dîgî-jî-hàré,Sar,kùt-gìdì-kôgï
French,eille,Bebote,mbï :
French,eille,Bediondo,mbï :
French,eille,Daba,mbï
French,eille,Gor,mbï :
French,eille,Gulay,mbï :
French,eille,Kaba_Na,mbï
French,eille,Kaba,mbï : Kul=mvï :
French,eille,Laka,mbï
French,eille,Mbay,mbï :
French,eille,Mango,mbï :
French,eille,Nar,mbï
French,eille,Ngambay,mbï :
French,eille,Sar,mbï
French,eille,Ngam,mbï :
French,phelin,Bebote,s¸ngæ :
French,phelin,Bediondo,s¸ngæ
French,phelin,Daba,kïngû :
French,phelin,Gor,s¸ngæ
French,phelin,Gulay,kïngæ :
French,phelin,Kaba_Na,nüngä
French,phelin,Kaba,sïngä : Kul=…ûngû
French,phelin,Laka,"sïngä,kïngä :"
French,phelin,Mbay,k¸ngä
French,phelin,Mango,sïngæ :
French,phelin,Nar,k¸ngæ
French,phelin,Ngambay,sïngä
French,phelin,Sar,k¸ngö
French,phelin,Ngam,k¸ngû :
French,eille,Bebote,÷á :
French,eille,Bediondo,rá :
French,eille,Daba,÷á
French,eille,Gor,÷á :
French,eille,Gulay,÷á :
French,eille,Kaba_Na,yíì
French,eille,Kaba,÷á
French,eille,Laka,írï :
French,eille,Mbay,yír
French,eille,Mango,yí :
French,eille,Nar,yír :
French,eille,Ngambay,írï
French,eille,Sar,yí±
French,Français,Laka,÷á :
French,Français,Mbay,÷á :
French,Français,Mango,÷á
French,Français,Nar,÷á :
French,Français,Ngambay,÷á
French,Français,Sar,rá
French,Français,Ngam,÷á :
French,ourébi,Bediondo,wäl :
French,ourébi,Kaba_Na,wälë
French,ourébi,Laka,àrkàsÕ :
French,ourébi,Mbay,wäl :
French,ourébi,Mango,wäl
French,ourébi,Nar,wäl :
French,ourébi,Ngam,wäl
French,outil pour graver,Mbay,gÆrè :
French,outil pour graver,Mango,dù :
French,outil pour graver,Sar,gÕrè
French,ouvert,Bebote,tág¸ :
French,ouvert,Bediondo,tágÕrá
French,ouvert,Daba,tág :
French,ouvert,Gor,tág¸rä :
French,ouvert,Gulay,wó
French,ouvert,Kaba,ták¸ :
French,ouvert,Laka,tág¸
French,ouvert,Mbay,tàgÕ :
French,ouvert,Mango,"tág¸, tŸþ"
French,ouvert,Nar,tŸþ :
French,ouvert,Ngambay,tág¸ :
French,ouvert,Sar,wóy
French,ouvrir,Bebote,tŸþ :
French,ouvrir,Bediondo,tŸþ :
French,ouvrir,Daba,î®
French,ouvrir,Gor,tèë :
French,ouvrir,Gulay,tŸþ :
French,ouvrir,Kaba_Na,téë
French,ouvrir,Kaba,tèë : Kul=të :
French,ouvrir,Laka,ŽŸ
French,ouvrir,Mbay,tèë :
French,ouvrir,Mango,tŸþ :
French,ouvrir,Nar,tŸþ
French,ouvrir,Ngambay,tŸþ :
French,ouvrir,Sar,tŸþ
French,ouvrir,Ngam,tèhë :
French,pagaie,Bebote,káy :
French,pagaie,Bediondo,káy :
French,pagaie,Daba,háy
French,pagaie,Gor,háy :
French,pagaie,Gulay,háy :
French,pagaie,Kaba_Na,háØ
French,pagaie,Kaba,háy :
French,pagaie,Laka,háy :
French,pagaie,Mbay,háy
French,pagaie,Mango,háy :
French,pagaie,Nar,háy :
French,pagaie,Ngambay,háy
French,pagaie,Sar,háØ
French,pagayer,Bebote,læl :
French,pagayer,Bediondo,læl :
French,pagayer,Daba,pël
French,pagayer,Gor,næl :
French,pagayer,Gulay,næl :
French,pagayer,Kaba,læl
French,pagayer,Laka,læl :
French,pagayer,Mbay,nël :
French,pagayer,Mango,læl
French,pagayer,Nar,nël :
French,pagayer,Ngambay,lël :
French,pagayer,Sar,nël
French,pain,Bebote,mápà :
French,pain,Bediondo,mápà
French,pain,Daba,mápà :
French,pain,Gor,mápà :
French,pain,Gulay,máp
French,pain,Kaba_Na,mápà :
French,pain,Kaba,mbæ :
French,pain,Laka,máp
French,pain,Mbay,mápà :
French,pain,Mango,mápà
French,pain,Nar,mápà :
French,pain,Ngambay,mápà
French,pain,Sar,mápà
French,pangolin,Bebote,màr-mángá
French,pangolin,Bediondo,màrmángá :
French,pangolin,Gulay,màrè-mán
French,pangolin,Kaba_Na,yúkà :
French,pangolin,Laka,màr-mángá
French,pangolin,Mbay,màrì-mángª
French,pangolin,Mango,màr-mángá
French,pangolin,Nar,màr-máng
French,pangolin,Ngambay,màr-mángá
French,panier (pour pêcher),Laka,kòrö :
French,panier (pour pêcher),Mbay,kò® :
French,panier (pour pêcher),Mango,kò®
French,panier (pour pêcher),Ngambay,kò®
French,"panier, sorte de",Bebote,kàrè :
French,"panier, sorte de",Bediondo,kàrè
French,"panier, sorte de",Gor,kàrà :
French,"panier, sorte de",Gulay,jángá
French,"panier, sorte de",Kaba,kàrè :
French,"panier, sorte de",Laka,kàrè-bƒ
French,"panier, sorte de",Mbay,jáñg :
French,"panier, sorte de",Mango,kàrè
French,"panier, sorte de",Nar,döb¸ :
French,"panier, sorte de",Ngambay,kàrè
French,"panier, sorte de",Sar,jáng
French,pantalons,Bediondo,njälä :
French,pantalons,Daba,njälä
French,pantalons,Gor,njälä :
French,pantalons,Gulay,njälä
French,pantalons,Kaba,njälä :
French,pantalons,Laka,pàndàlö
French,pantalons,Mbay,njälä :
French,pantalons,Nar,njälä
French,pantalons,Ngambay,njälälä :
French,pantalons,Sar,njälä
French,panthère,Bebote,kàgÕ :
French,panthère,Bediondo,kàgà
French,panthère,Daba,kùßà :
French,panthère,Gor,kàgà :
French,panthère,Gulay,kàkÕ
French,panthère,Kaba_Na,kàbà :
French,panthère,Kaba,kàkÕ
French,panthère,Laka,kàgÕ :
French,panthère,Mbay,kàgÕ :
French,panthère,Mango,kàgÕ
French,panthère,Nar,kàgÕ :
French,panthère,Ngambay,kàgÕ
French,panthère,Sar,kàgÕ
French,papier; livre,Bebote,mbëtë :
French,papier; livre,Bediondo,mbætë
French,papier; livre,Daba,mbëtë :
French,papier; livre,Gor,mbëtë
French,papier; livre,Gulay,màktüb¸ :
French,papier; livre,Kaba,mbëtë
French,papier; livre,Laka,mbï÷ï :
French,papier; livre,Mbay,mbëtë
French,papier; livre,Mango,mbëtë :
French,papier; livre,Nar,mbëtë
French,papier; livre,Ngambay,mbëdë :
French,papier; livre,Sar,màktüb¸
French,papillon,Bebote,‡-lèbë :
French,papillon,Bediondo,‡-lá-bŸþ
French,papillon,Gor,‡-lèwë :
French,papillon,Gulay,bÉd-bæy
French,papillon,Kaba_Na,kékéßë :
French,papillon,Kaba,ømº
French,papillon,Laka,pìpì :
French,papillon,Mbay,k‡-bà-bél
French,papillon,Mango,sábèlë
French,papillon,Nar,k‡-lët¸-bérë
French,papillon,Ngambay,ébë :
French,papillon,Sar,bèl-bé¥
French,parce que,Bebote,mbä :
French,parce que,Bediondo,tà-dû
French,parce que,Daba,kìtû :
French,parce que,Gor,mbä-k¡-k‡
French,parce que,Kaba_Na,lòhà-ré :
French,parce que,Kaba,mbä-tà-lò
French,parce que,Laka,mbä
French,parce que,Mbay,kÕtû-kàd¸ :
French,parce que,Mango,dû-tàlÆ
French,parce que,Nar,täm-kàd¸ :
French,parce que,Ngambay,mbä-tà
French,parce que,Sar,tòdö
French,pareil : être,Bebote,tö :
French,pareil : être,Bediondo,tæk‡ :
French,pareil : être,Daba,tí
French,pareil : être,Gor,tök‡ :
French,pareil : être,Gulay,tït¸
French,pareil : être,Kaba,tökú :
French,pareil : être,Laka,tög‡
French,pareil : être,Mbay,tït¸ :
French,pareil : être,Mango,tït¸
French,pareil : être,Nar,tït¸ :
French,pareil : être,Ngambay,tög‡ :
French,pareil : être,Sar,tït¸ p
French,pareil : être,Ngam,tït¸
French,"parents, famille",Bebote,nöj¸ :
French,"parents, famille",Bediondo,nòj¸
French,"parents, famille",Daba,nöj :
French,"parents, famille",Gor,nöj¸ :
French,"parents, famille",Gulay,nùjü
French,"parents, famille",Kaba,nùjü : Kul=häfä
French,"parents, famille",Laka,nùjï :
French,"parents, famille",Mbay,nöj¸ :
French,"parents, famille",Mango,nüj¸ p
French,"parents, famille",Nar,ngè :
French,"parents, famille",Ngambay,"nòjï,nùjï"
French,"parents, famille",Sar,"gír-kòjÕ,ngè"
French,"parents, famille",Ngam,nöj¸
French,paresse,Bebote,dàw :
French,paresse,Bediondo,dàbÕ
French,paresse,Gor,dàw :
French,paresse,Gulay,dàbÕ :
French,paresse,Kaba_Na,™Š
French,paresse,Kaba,dàbÕ :
French,paresse,Laka,dàbÕ p
French,paresse,Mbay,ngŸõ :
French,paresse,Mango,dàbÕ
French,paresse,Nar,yày :
French,paresse,Ngambay,ræm :
French,paresse,Sar,yày
French,parole,Bebote,tà :
French,parole,Bediondo,tà :
French,parole,Gor,tà
French,parole,Gulay,tà :
French,parole,Kaba_Na,hàä :
French,parole,Kaba,tàr
French,parole,Laka,tàr :
French,parole,Mbay,tàa p
French,parole,Mango,ßÉy-täá :
French,parole,Nar,nàj¸
French,parole,Ngambay,tàr :
French,parole,Sar,nàj¸
French,partager,Bebote,kºy :
French,partager,Bediondo,gºyº
French,partager,Gor,kºy :
French,partager,Gulay,nöbö :
French,partager,Kaba,kºy
French,partager,Laka,käy :
French,partager,Mbay,kºy :
French,partager,Mango,käy
French,partager,Nar,nübö :
French,partager,Ngambay,käy :
French,partager,Sar,këng p
French,partir,Bebote,îtÕ :
French,partir,Bediondo,îtÕ :
French,partir,Gulay,îtÕ
French,partir,Laka,îdÕ :
French,partir,Mbay,tîÿ :
French,partir,Ngambay,ndîy
French,"pas, ne ... pas",Bebote,à• :
French,"pas, ne ... pas",Bediondo,à• :
French,"pas, ne ... pas",Daba,à•
French,"pas, ne ... pas",Gor,Æ• :
French,"pas, ne ... pas",Gulay,lé :
French,"pas, ne ... pas",Kaba,àÑg
French,"pas, ne ... pas",Laka,àÑg :
French,"pas, ne ... pas",Mbay,à• p
French,"pas, ne ... pas",Mango,à• :
French,"pas, ne ... pas",Nar,àlé :
French,"pas, ne ... pas",Ngambay,Æ• :
French,"pas, ne ... pas",Sar,à•
French,"pas, ne ... pas",Ngam,à•
French,passer sur le feu,Bebote,yòlè :
French,passer sur le feu,Bediondo,yòlè
French,passer sur le feu,Laka,yòlè :
French,passer sur le feu,Mbay,tùlò :
French,passer sur le feu,Mango,yòlè
French,passer sur le feu,Ngambay,yòlè :
French,passer sur le feu,Sar,g‡Èë
French,patate douce,Bebote,bängàw :
French,patate douce,Bediondo,bängàw
French,patate douce,Daba,bängàw :
French,patate douce,Gor,bängàw
French,patate douce,Gulay,bängàw :
French,patate douce,Kaba_Na,bängàw
French,patate douce,Kaba,bängàw :
French,patate douce,Laka,bängàw
French,patate douce,Mbay,bängàw :
French,patate douce,Mango,bûngîw
French,patate douce,Nar,bængà :
French,patate douce,Ngambay,bängàw :
French,patate douce,Sar,bängàw
French,patate douce,Ngam,bángàw
French,ume,Bediondo,dà-jï :
French,ume,Daba,dà-jï
French,ume,Gulay,dà-jï :
French,ume,Laka,dàbÕlà
French,ume,Mbay,dàa-jï :
French,ume,Nar,dàa-jï
French,ume,Ngambay,dàmlà-jï
French,uvreté,Bebote,ndòö :
French,uvreté,Bediondo,ndòö
French,uvreté,Daba,ndò :
French,uvreté,Gor,ndòö :
French,uvreté,Gulay,ndòö
French,uvreté,Kaba_Na,njàhà :
French,uvreté,Kaba,ndòö
French,uvreté,Laka,ndòö :
French,uvreté,Mbay,ndòö :
French,uvreté,Mango,ndòö
French,uvreté,Nar,ndòö :
French,uvreté,Ngambay,ndòö
French,uvreté,Sar,ndòö
French,yer,Bebote,Õgæ :
French,yer,Bediondo,Õgæ :
French,yer,Daba,ùbä
French,yer,Gor,ùgæ :
French,yer,Gulay,ùgæ :
French,yer,Kaba_Na,ùbä
French,yer,Kaba,kùkä :
French,yer,Laka,ùgä
French,yer,Mbay,"bä,gä :"
French,yer,Mango,ùgæ
French,yer,Nar,Õgæ :
French,yer,Ngambay,ùgä :
French,yer,Sar,ìgä
French,au,Bebote,ng¸ræ :
French,au,Bediondo,ng¸ræ
French,au,Gor,ng¸ræ :
French,au,Gulay,ngïræ
French,au,Kaba,ngïrä :
French,au,Laka,ngïrä
French,au,Mbay,ng¸rä :
French,au,Mango,ngïræ
French,au,Nar,ng¸ræ :
French,au,Ngambay,ngïrä :
French,au,Sar,ng¸Èä
French,au,Ngam,bömb¸
French,"au, cuir",Bebote,ndäá :
French,"au, cuir",Bediondo,ndäá
French,"au, cuir",Daba,ndä© :
French,"au, cuir",Gor,ndä© :
French,"au, cuir",Gulay,ndä©
French,"au, cuir",Kaba_Na,ndäá :
French,"au, cuir",Kaba,ndä©
French,"au, cuir",Laka,ndä© :
French,"au, cuir",Mbay,ndä© :
French,"au, cuir",Mango,ndäá
French,"au, cuir",Nar,ndä© :
French,"au, cuir",Ngambay,ndä© :
French,"au, cuir",Sar,ndä©
French,"au, cuir",Ngam,ndä©
French,cheur,Bebote,mbàw :
French,cheur,Bediondo,mbàw
French,cheur,Daba,ngè-ndò-känj :
French,cheur,Gor,mbàw
French,cheur,Gulay,mbàw :
French,cheur,Kaba,mbàw
French,cheur,Laka,mbàw
French,cheur,Mbay,náw :
French,cheur,Mango,mbîw :
French,cheur,Nar,náw
French,cheur,Ngambay,mbàw :
French,cheur,Sar,"náÞ,"
French,cheur,Ngam,ndÅ :
French,peler,Gulay,nd¬yð :
French,peler,Mbay,ng¬yº
French,peler,Mango,tôy :
French,peler,Sar,ng¬yº
French,pénétrer dans l'eau,Bebote,Æñ :
French,pénétrer dans l'eau,Bediondo,Æñ :
French,pénétrer dans l'eau,Gor,ùñ
French,pénétrer dans l'eau,Gulay,Æñ :
French,pénétrer dans l'eau,Kaba_Na,ànï :
French,pénétrer dans l'eau,Kaba,Æñ
French,pénétrer dans l'eau,Laka,Æn :
French,pénétrer dans l'eau,Mbay,ùñ :
French,pénétrer dans l'eau,Mango,Æñ
French,pénétrer dans l'eau,Nar,ùdÕ :
French,pénétrer dans l'eau,Ngambay,Æñ :
French,pénétrer dans l'eau,Sar,ùñ
French,pénis,Bebote,bær :
French,pénis,Bediondo,bær
French,pénis,Laka,bæræ :
French,pénis,Mbay,bär :
French,pénis,Ngambay,bæn
French,perche pour cueillir,Kaba_Na,gî :
French,perche pour cueillir,Laka,käg¸-kùnjà
French,perche pour cueillir,Mbay,kòñg :
French,perche pour cueillir,Nar,kòñg
French,perdrix,Bebote,kèrè :
French,perdrix,Gor,kèrè
French,perdrix,Gulay,k¼r¡ :
French,perdrix,Kaba,kèrè :
French,perdrix,Laka,kèr
French,perdrix,Mbay,kèrè :
French,perdrix,Mango,sènè
French,perdrix,Nar,kèrwè :
French,perdrix,Ngambay,kèrè
French,perdrix,Sar,kèÈwŸy
French,père,Bebote,bàÛ :
French,père,Bediondo,bàÛ
French,père,Daba,bùrà :
French,père,Gor,bàÛ :
French,père,Gulay,bîû
French,père,Kaba_Na,bìyà :
French,père,Kaba,bî : Kul=vìy
French,père,Laka,bî :
French,père,Mbay,bîû :
French,père,Mango,bîb¸
French,père,Nar,bîb¸ :
French,père,Ngambay,bàÛ :
French,père,Sar,bîb¸
French,père,Ngam,bÕÈà
French,perles,Bebote,mÆdÕ :
French,perles,Bediondo,mÆdÕ
French,perles,Daba,mèd :
French,perles,Gor,mÆdÕ :
French,perles,Gulay,mÆdÕ
French,perles,Kaba_Na,kîßè-kúlë :
French,perles,Kaba,mÆr
French,perles,Laka,mÆr :
French,perles,Mbay,mèdÕ :
French,perles,Mango,mÆdÕ
French,perles,Nar,mèdè :
French,perles,Ngambay,mÆr :
French,perles,Sar,mèd
French,personne,Bebote,dÆÛ :
French,personne,Bediondo,dÆÛ :
French,personne,Daba,dèë
French,personne,Gor,dèë :
French,personne,Gulay,dòö :
French,personne,Kaba_Na,dèßë
French,personne,Kaba,dÆÛ : Kul=dèßë :
French,personne,Laka,dÆw
French,personne,Mbay,dèë :
French,personne,Mango,dòÛ :
French,personne,Nar,dèë
French,personne,Ngambay,dÆÛ :
French,personne,Sar,dèë
French,personne,Ngam,dèë :
French,personne avec le même nom,Gulay,kòyó :
French,personne avec le même nom,Mbay,ndòý
French,personne avec le même nom,Mango,ndòý :
French,personne avec le même nom,Sar,ndòý
French,petit : être,Bebote,düú :
French,petit : être,Bediondo,düú :
French,petit : être,Daba,jô
French,petit : être,Gor,ndÏ :
French,petit : être,Gulay,"düú, ndÏy"
French,petit : être,Kaba_Na,ßó :
French,petit : être,Laka,"n¼, njÏ"
French,petit : être,Mbay,düú :
French,petit : être,Nar,düú
French,Langues Sara,Ngambay,"düú, lám"
French,Langues Sara,Sar,düú
French,Langues Sara,Ngam,ßÇhÇ :
French,"peu, un peu",Bebote,ndÏ :
French,"peu, un peu",Bediondo,jál :
French,"peu, un peu",Daba,jô
French,"peu, un peu",Gor,ndÏ :
French,"peu, un peu",Gulay,ndÏy :
French,"peu, un peu",Kaba_Na,ßîý
French,"peu, un peu",Kaba,sÏ : Kul=yûsôn :
French,"peu, un peu",Laka,njÏ
French,"peu, un peu",Mbay,sƒ¿ :
French,"peu, un peu",Mango,sÏ :
French,"peu, un peu",Nar,sÏ
French,"peu, un peu",Ngambay,ßÉl :
French,"peu, un peu",Sar,sÏy
French,"peu, un peu",Ngam,sÏ :
French,phacochère,Bebote,bÆ® :
French,phacochère,Bediondo,bÆ® :
French,phacochère,Daba,bò÷
French,phacochère,Gor,bò® :
French,phacochère,Gulay,bÆ® :
French,phacochère,Kaba_Na,bàrü
French,phacochère,Kaba,bÆ® :
French,phacochère,Laka,bÆræ :
French,phacochère,Mbay,bò®
French,phacochère,Mango,bÆ® :
French,phacochère,Nar,bò®-k‡-wàá
French,phacochère,Ngambay,bÆ® :
French,phacochère,Sar,bò®
French,phacochère,Ngam,bò® :
French,"pied, jambe",Bebote,njà :
French,"pied, jambe",Bediondo,njà :
French,"pied, jambe",Daba,njà
French,"pied, jambe",Gor,njà :
French,"pied, jambe",Gulay,njà :
French,"pied, jambe",Kaba_Na,njàä
French,"pied, jambe",Kaba,gîl : Kul=njà :
French,"pied, jambe",Laka,gîl
French,"pied, jambe",Mbay,njà :
French,"pied, jambe",Mango,njà :
French,"pied, jambe",Nar,njà
French,"pied, jambe",Ngambay,gîl :
French,"pied, jambe",Sar,njà
French,"pied, jambe",Ngam,njà :
French,piège,Bebote,mbàng¸rä :
French,piège,Bediondo,güm
French,piège,Daba,güm :
French,piège,Gor,güm :
French,piège,Gulay,güm
French,piège,Kaba_Na,gömbï :
French,piège,Kaba,»-mb¼rŸ
French,piège,Laka,güm :
French,piège,Mbay,güm :
French,piège,Mango,güm
French,piège,Nar,güm :
French,piège,Ngambay,güm :
French,piège,Sar,güm
French,piège,Ngam,gümb¸
French,pièrre de divination,Mbay,wòr :
French,pièrre de divination,Mango,Æ :
French,pièrre de divination,Sar,wòÈ
French,"pigeon, tourterelle",Bebote,dÉ :
French,"pigeon, tourterelle",Bediondo,dÉ :
French,"pigeon, tourterelle",Daba,dér
French,"pigeon, tourterelle",Gor,dÉr :
French,"pigeon, tourterelle",Gulay,dÉr :
French,"pigeon, tourterelle",Kaba_Na,déè
French,"pigeon, tourterelle",Kaba,dÉr :
French,"pigeon, tourterelle",Laka,‡-dÉr :
French,"pigeon, tourterelle",Mbay,dér
French,"pigeon, tourterelle",Mango,dÉ :
French,"pigeon, tourterelle",Nar,dér :
French,"pigeon, tourterelle",Ngambay,dÉr :
French,"pigeon, tourterelle",Sar,dé°
French,"pigeon, tourterelle",Ngam,dér
French,piler,Bebote,ùr :
French,piler,Gor,ùr :
French,piler,Laka,ùrù
French,piler,Mbay,ùr :
French,piler,Mango,ùr :
French,piler,Nar,ùr
French,piler,Ngambay,ùr :
French,piler,Sar,ùr
French,piler (pour enlever le son),Bebote,sÆw :
French,piler (pour enlever le son),Bediondo,sÆbÕ
French,piler (pour enlever le son),Daba,sòö :
French,piler (pour enlever le son),Gor,sòö :
French,piler (pour enlever le son),Gulay,sòö
French,piler (pour enlever le son),Kaba_Na,súkä :
French,piler (pour enlever le son),Kaba,sùwä
French,piler (pour enlever le son),Laka,sÆbÆ :
French,piler (pour enlever le son),Mbay,sòö :
French,piler (pour enlever le son),Mango,sÆbÕ
French,piler (pour enlever le son),Nar,sùwæ :
French,piler (pour enlever le son),Ngambay,sÆbÕ
French,piler (pour enlever le son),Sar,sòb¸
French,pilon,Bebote,gòy :
French,pilon,Bediondo,gòy :
French,pilon,Daba,gòy
French,pilon,Gor,gòy :
French,pilon,Gulay,gòy :
French,pilon,Kaba_Na,gòö p
French,pilon,Kaba,gòy :
French,pilon,Laka,gîy :
French,pilon,Mbay,gòy
French,pilon,Mango,gòy :
French,pilon,Nar,gòy :
French,pilon,Ngambay,gîy
French,pilon,Sar,gòy
French,piment,Bebote,jál :
French,piment,Bediondo,dúgà
French,piment,Daba,ndóngó :
French,piment,Gor,jál p
French,piment,Gulay,käb¸ :
French,piment,Kaba_Na,sítà :
French,piment,Kaba,jál
French,piment,Laka,Žìdä :
French,piment,Mbay,sìtä :
French,piment,Mango,käb¸
French,piment,Nar,kªrª :
French,piment,Ngambay,"käbä,"
French,piment,Sar,kªÈº
French,"pincer, gratter",Bebote,ùgÕ :
French,"pincer, gratter",Bediondo,mÆnë :
French,"pincer, gratter",Daba,ùg p
French,"pincer, gratter",Gor,ùgÆ :
French,"pincer, gratter",Gulay,ùgù :
French,"pincer, gratter",Kaba_Na,ùgù
French,"pincer, gratter",Kaba,ùkù :
French,"pincer, gratter",Laka,ùgù :
French,"pincer, gratter",Mbay,ùgÕ
French,"pincer, gratter",Mango,ùgÕ :
French,"pincer, gratter",Nar,ùgÕ :
French,"pincer, gratter",Ngambay,ùgù
French,"pincer, gratter",Sar,ùgÕ
French,pintade,Bebote,tànjÕ :
French,pintade,Bediondo,tànjÕ p
French,pintade,Daba,tànj :
French,pintade,Gor,tànjÕ
French,pintade,Gulay,tànjÕ :
French,pintade,Kaba_Na,tànjà
French,pintade,Kaba,tànjì :
French,pintade,Laka,tÆnjì
French,pintade,Mbay,tànjÕ :
French,pintade,Mango,tànjÕ
French,pintade,Nar,tènjÕ :
French,pintade,Ngambay,tànjì
French,pintade,Sar,tànjÕ p
French,pipe,Bebote,tòó :
French,pipe,Bediondo,tòó
French,pipe,Gor,tò© :
French,pipe,Kaba_Na,gírò-sèlí p
French,pipe,Kaba,‡-tùrú :
French,pipe,Laka,bày-sà
French,pipe,Mbay,tò© :
French,pipe,Mango,tòó
French,pipe,Ngambay,bày-sà :
French,pipe,Sar,gîl-máµg
French,piquer,Bebote,îsÕ :
French,piquer,Bediondo,îsÕ :
French,piquer,Daba,îs
French,piquer,Gor,îsÕ :
French,piquer,Gulay,îsÕ :
French,piquer,Kaba_Na,ùdù p
French,piquer,Kaba,îsÕ :
French,piquer,Laka,îsÕ :
French,piquer,Mbay,îsÕ
French,piquer,Mango,îsÕ :
French,piquer,Nar,îsÕ :
French,piquer,Ngambay,îsÕ :
French,piquer,Sar,îsÕ p
French,piquer,Ngam,wîsÕ
French,piquer,Bebote,túg‡ :
French,piquer,Bediondo,tüg¸
French,piquer,Mbay,túg¸
French,pirogue,Bebote,tò :
French,pirogue,Bediondo,tò :
French,pirogue,Daba,tò
French,pirogue,Gor,tòw :
French,pirogue,Gulay,tò :
French,pirogue,Kaba_Na,tòhò
French,pirogue,Kaba,tò :
French,pirogue,Laka,tò :
French,pirogue,Mbay,tòo
French,pirogue,Mango,tò :
French,pirogue,Nar,tò :
French,pirogue,Ngambay,tò :
French,pirogue,Sar,tòo
French,pirogue,Ngam,tòhò
French,"ace de, traces de",Bebote,tów :
French,"ace de, traces de",Bediondo,tó
French,"ace de, traces de",Gor,bàng¸ :
French,"ace de, traces de",Gulay,gö :
French,"ace de, traces de",Kaba,túrü
French,"ace de, traces de",Laka,kílä :
French,"ace de, traces de",Mbay,k‡lá :
French,"ace de, traces de",Mango,tó
French,"ace de, traces de",Nar,gòtÕ :
French,"ace de, traces de",Ngambay,dî-gîl
French,"ace de, traces de",Sar,bòng
French,acenta,Bebote,kÉy-ngön :
French,acenta,Bediondo,kîy
French,acenta,Daba,kî :
French,acenta,Gor,kîy :
French,acenta,Gulay,kî
French,acenta,Kaba_Na,…èë :
French,acenta,Kaba,kîyî :
French,acenta,Laka,kîwè
French,acenta,Mbay,kîw :
French,acenta,Mango,kîy :
French,acenta,Nar,kîw
French,acenta,Ngambay,kîyî :
French,acenta,Sar,kî
French,"aie, blessure",Bebote,dò :
French,"aie, blessure",Bediondo,dò :
French,"aie, blessure",Daba,dò
French,"aie, blessure",Gor,dò :
French,"aie, blessure",Gulay,dò :
French,"aie, blessure",Kaba_Na,dòö
French,"aie, blessure",Kaba,dò : Kul=dìyò :
French,"aie, blessure",Mbay,dòo
French,"aie, blessure",Mango,dò :
French,"aie, blessure",Nar,dò :
French,"aie, blessure",Ngambay,dò :
French,"aie, blessure",Sar,dò
French,"aie, blessure",Ngam,dò
French,aire,Bebote,nÆ£ :
French,aire,Bediondo,nÆ£ :
French,aire,Daba,nè£
French,aire,Gor,nÆ£ :
French,aire,Gulay,nÆ£ :
French,aire,Kaba,nè£
French,aire,Laka,lÆ£ :
French,aire,Mbay,nè£
French,aire,Mango,nÆ£ :
French,aire,Nar,nè£ :
French,aire,Ngambay,lè£ :
French,aire,Sar,nè£
French,aire,Ngam,nè£
French,"anche, bois plat",Mbay,bàr :
French,"anche, bois plat",Mango,bÆgÕrÆ
French,"anche, bois plat",Sar,bàr
French,eurer,Bebote,nç :
French,eurer,Bediondo,nç :
French,eurer,Gor,nç
French,eurer,Gulay,nç :
French,eurer,Kaba,nç : Kul=nû
French,eurer,Laka,nç :
French,eurer,Mbay,nç¢ :
French,eurer,Mango,nç
French,eurer,Nar,nç :
French,eurer,Ngambay,nç
French,eurer,Sar,nç
French,eurer,Ngam,sû» :
French,eurer à sanglots,Mbay,"síï,sík¸,sƒ¬ :"
French,eurer à sanglots,Mango,sík¸
French,eurer à sanglots,Sar,sík¸
French,uie,Bebote,ndï :
French,uie,Bediondo,ndï :
French,uie,Daba,njï
French,uie,Gor,ndï :
French,uie,Gulay,ndï :
French,uie,Kaba_Na,njï
French,uie,Kaba,njï : Kul=yä :
French,uie,Laka,njï
French,uie,Mbay,ndïi :
French,uie,Mango,ndï
French,uie,Nar,"ndï, màñ :"
French,uie,Ngambay,ndï :
French,uie,Sar,màñ
French,uie,Ngam,ndï
French,plume,Bebote,bÆ£ :
French,plume,Bediondo,bÆ£ :
French,plume,Daba,bè£
French,plume,Gor,bÆ£ :
French,plume,Gulay,bè£ :
French,plume,Kaba_Na,bèlé
French,plume,Kaba,bÆ£ :
French,plume,Laka,bÆ£ :
French,plume,Mbay,bè£
French,plume,Mango,bÆ£ :
French,plume,Nar,bè£ :
French,plume,Ngambay,bè£ :
French,plume,Sar,bè£
French,plume,Ngam,bè£
French,poche,Kaba_Na,kòý :
French,poche,Laka,púsù
French,poche,Mbay,bädï-küb¸ :
French,poche,Ngam,pósÕ
French,poil,Bebote,b¡¬ :
French,poil,Bediondo,b¡¬ :
French,poil,Daba,b¡¬
French,poil,Gor,b¡¬ :
French,poil,Gulay,b¡¬ :
French,poil,Kaba_Na,bèlé
French,poil,Kaba,b¡¬ :
French,poil,Mbay,b¡¬ :
French,poil,Mango,bÆ£
French,poil,Nar,b¡¬ :
French,poil,Ngambay,b¡¬
French,poil,Sar,b¡¬
French,poil,Ngam,b¡¬ :
French,pois de terre,Bebote,wúl :
French,pois de terre,Bediondo,wúl
French,pois de terre,Daba,wú£-ndà :
French,pois de terre,Gor,wúl
French,pois de terre,Gulay,wúl :
French,pois de terre,Kaba,wúl-bò
French,pois de terre,Laka,úl-bò
French,pois de terre,Mbay,wú£-sà® :
French,pois de terre,Mango,bè-ßá
French,pois de terre,Nar,wúl :
French,pois de terre,Ngambay,ßúl-ndà
French,pois de terre,Sar,wú£
French,poison,Bebote,kÆngÕ :
French,poison,Bediondo,kÆngÕ
French,poison,Gor,kÆng¸ :
French,poison,Gulay,kÆng :
French,poison,Laka,tÉ
French,poison,Mbay,wöng :
French,poison,Mango,kìngæ
French,poison,Nar,kÕgÆ :
French,poison,Ngambay,màs¸
French,poison,Sar,kòng
French,poisson,Bebote,känj¸ :
French,poisson,Bediondo,känj¸
French,poisson,Daba,känj :
French,poisson,Gor,känj¸
French,poisson,Gulay,känj¸ :
French,poisson,Kaba_Na,känjë
French,poisson,Kaba,känj¸ : Kul=hänjë
French,poisson,Laka,känjï :
French,poisson,Mbay,känj¸
French,poisson,Mango,känj¸ :
French,poisson,Nar,känj¸
French,poisson,Ngambay,känjï
French,poisson,Sar,känj¸
French,poisson,Ngam,känj¸ :
French,poisson : capitaine,Bebote,gà»-sä :
French,poisson : capitaine,Bediondo,kÆsÆngÕ
French,poisson : capitaine,Kaba_Na,mönö-känjë
French,poisson : capitaine,Kaba,‡-gámásä :
French,poisson : capitaine,Laka,kÆm-dÇy
French,poisson : capitaine,Mbay,kèsèng :
French,poisson : capitaine,Mango,kÆm-ndÇy
French,poisson : capitaine,Nar,kèsèng :
French,poisson : capitaine,Ngambay,kèm-ndûy :
French,poisson : capitaine,Sar,kèsèng
French,poisson : capitaine,Ngam,kèsèng
French,poisson : esp. de,Laka,yùwà :
French,poisson : esp. de,Mbay,wìyà
French,poisson : esp. de,Sar,wìyà
French,poisson : esp. de,Daba,tìb :
French,poisson : esp. de,Kaba_Na,tíßì
French,poisson : esp. de,Laka,kìbì :
French,poisson : esp. de,Mbay,tìw :
French,poisson : esp. de,Mango,sìw
French,poisson : esp. de,Mbay,wúd‡ :
French,poisson : esp. de,Mango,wúd¸
French,poisson : esp. de,Sar,wúd‡
French,poisson : esp. de,Bediondo,dæ• :
French,poisson : esp. de,Gulay,dæ• :
French,poisson : esp. de,Mbay,dö•
French,poisson : esp. de,Mango,dæ• :
French,poisson : esp. de,Ngambay,dæ•
French,poitrine,Bebote,gú :
French,poitrine,Bediondo,gú :
French,poitrine,Daba,ßò
French,poitrine,Gor,gú :
French,poitrine,Gulay,ngà-ndób‡
French,poitrine,Kaba,nÅ-gú :
French,poitrine,Laka,"kó,nÅ-kó"
French,poitrine,Mbay,gø¾ :
French,poitrine,Mango,nÅ-gúy
French,poitrine,Nar,ngànjÕ :
French,poitrine,Ngambay,"sènè-kàr,"
French,poitrine,Sar,ngànjÕ
French,pomme cannelle,Bediondo,bîb‡rû-m‡nd¸ :
French,pomme cannelle,Gulay,mbîr
French,pomme cannelle,Kaba,mbî® :
French,pomme cannelle,Laka,mbîrî
French,pomme cannelle,Mbay,mbîr :
French,pomme cannelle,Mango,mbî
French,pomme cannelle,Nar,mbîr :
French,pomme cannelle,Ngambay,mbîrî :
French,pomme cannelle,Sar,mbîÈ
French,pomme cannelle,Ngam,mbîr
French,pomme d'Adam,Bebote,pó-m‡nd¸ :
French,pomme d'Adam,Bediondo,‡-gî•
French,pomme d'Adam,Daba,jûr-kôb
French,pomme d'Adam,Gor,jàm-mÉndÉm
French,pomme d'Adam,Gulay,pèr-kôb‡ :
French,pomme d'Adam,Kaba_Na,gîlë
French,pomme d'Adam,Laka,kînjîr :
French,pomme d'Adam,Mbay,jòr-kôô
French,pomme d'Adam,Mango,tæb¸-mínd¸ :
French,pomme d'Adam,Nar,gÅ
French,pomme d'Adam,Ngambay,ngàdÕngÉ :
French,pomme d'Adam,Sar,gÅ-míndÕ
French,pont,Bebote,ndª :
French,pont,Bediondo,bàbÕrà
French,pont,Kaba,ndá :
French,pont,Laka,ndá :
French,pont,Mbay,ndáa
French,pont,Mango,bàbÕrà :
French,pont,Ngambay,dá¥
French,pont,Sar,ndáà
French,porc-épic,Bebote,ïyæ :
French,porc-épic,Bediondo,¸yæ :
French,porc-épic,Daba,ïyû
French,porc-épic,Gor,ïyæ :
French,porc-épic,Gulay,wüyæ :
French,porc-épic,Kaba,yä
French,porc-épic,Laka,ïyä :
French,porc-épic,Mbay,y¸wä :
French,porc-épic,Mango,ïyæ
French,porc-épic,Nar,mbínj¸ :
French,porc-épic,Ngambay,ïyä
French,porc-épic,Sar,mbínjÕ
French,porte,Bebote,tà-kÉy :
French,porte,Daba,tà-kúj
French,porte,Gor,tà-kÉy :
French,porte,Gulay,tà-kÉy
French,porte,Kaba,tà-kÉy : Kul=tà-bïtí
French,porte,Laka,tà-÷Éw :
French,porte,Mbay,tà-÷ób‡
French,porte,Mango,"tà-kÉy,tà-÷Éb¸"
French,porte,Nar,tÆ-kúj¸ :
French,porte,Ngambay,tà-kÉy :
French,porte,Sar,tà-kúj¸
French,porte,Ngam,tà-kúj‡ p
French,porter,Bebote,òt¸ :
French,porter,Bediondo,òt¸ :
French,porter,Daba,ìtö
French,porter,Gor,òt¸ :
French,porter,Gulay,"òtö, îy p"
French,porter,Kaba_Na,ìtö :
French,porter,Kaba,òtö :
French,porter,Laka,òdö
French,porter,Mbay,tö :
French,porter,Mango,òtæ :
French,porter,Nar,òtö
French,porter,Ngambay,òdö :
French,porter,Sar,"òtö,îy"
French,porter,Ngam,j- :
French,porter (des habit),Bediondo,îû :
French,porter (des habit),Gulay,îû :
French,porter (des habit),Kaba,îû
French,porter (des habit),Laka,î :
French,porter (des habit),Mbay,Åç p
French,porter [habits],Bebote,ÕlÆ :
French,porter [habits],Daba,ùlà
French,porter [habits],Gor,ùlÆ :
French,porter [habits],Gulay,ùlÆ :
French,porter [habits],Kaba,"kîû,"
French,porter [habits],Mbay,là :
French,porter [habits],Mango,ùlÆ
French,porter [habits],Nar,Åç :
French,porter [habits],Ngambay,îû :
French,porter [habits],Sar,Åç
French,poser à plat p,Bebote,Õndæ :
French,poser à plat p,Bediondo,Õndæ
French,poser à plat p,Daba,ùndä :
French,poser à plat p,Gor,Õndæ :
French,poser à plat p,Gulay,ùndæ
French,poser à plat p,Kaba_Na,ìndä :
French,poser à plat p,Kaba,ùndä
French,poser à plat p,Laka,ùndä :
French,poser à plat p,Mbay,ndä
French,poser à plat p,Mango,ìndæ :
French,poser à plat p,Nar,Õndæ
French,poser à plat p,Ngambay,ùndä
French,poser à plat p,Sar,ìndä
French,poser à plat p,Ngam,ßöhó :
French,"poser, incliner contre p",Gulay,ndünæ :
French,"poser, incliner contre p",Mbay,nd¸nä
French,"poser, incliner contre p",Mango,ndünæ :
French,"poser, incliner contre p",Sar,nd¸nä
French,poteau tri fourchu,Gulay,÷ìrÆ :
French,poteau tri fourchu,Mbay,÷Õrà
French,poteau tri fourchu,Mango,÷ìrÆ :
French,poteau tri fourchu,Sar,÷ÕÈà
French,pou,Bebote,ng‡sæ :
French,pou,Bediondo,ng‡sæ p
French,pou,Daba,ngísä :
French,pou,Gor,ng‡sæ
French,pou,Gulay,ngísæ :
French,pou,Kaba_Na,ngísä
French,pou,Kaba,ngísä :
French,pou,Laka,ngísä
French,pou,Mbay,ngísä :
French,pou,Mango,ndísæ p
French,pou,Nar,ng‡sæ :
French,pou,Ngambay,ngísä
French,pou,Sar,ng‡sä
French,poulet p,Bebote,k¸njÉ :
French,poulet p,Bediondo,k¸njÉ
French,poulet p,Daba,künjá :
French,poulet p,Gor,k¸njÉ
French,poulet p,Gulay,künjÉ :
French,poulet p,Kaba_Na,künjá
French,poulet p,Kaba,künjá : Kul=künjá
French,poulet p,Laka,künjá :
French,poulet p,Mbay,kïnjá
French,poulet p,Mango,künjÉ :
French,poulet p,Nar,k¸njÉ
French,poulet p,Ngambay,künjá
French,poulet p,Sar,k¸njá
French,poulet p,Ngam,k¸njá :
French,ur que,Gor,kàd¸ :
French,ur que,Gulay,læ
French,ur que,Kaba,kÕ-tà :
French,ur que,Laka,mbä :
French,ur que,Mbay,kÕ
French,ur que,Ngambay,mbä :
French,ur que,Sar,yä
French,ur que,Ngam,tÕ :
French,ur rien,Bebote,kàrë-bè :
French,ur rien,Gor,ndäng‡
French,ur rien,Gulay,kàrë :
French,ur rien,Kaba,njà-bè
French,ur rien,Laka,bàá-jàä :
French,ur rien,Mbay,kÕ-ndäÑg
French,ur rien,Mango,kàrë-bè :
French,ur rien,Nar,ndäÑg
French,ur rien,Ngambay,g¸-ndäÑg :
French,ur rien,Sar,kÕ-ndäÑg
French,ur; à cause de,Bebote,mbä-tà-lÆ :
French,ur; à cause de,Bediondo,tàdû
French,ur; à cause de,Daba,kìtû :
French,ur; à cause de,Gor,mbä-tà
French,ur; à cause de,Gulay,tÆdæ :
French,ur; à cause de,Mbay,kÕtû :
French,ur; à cause de,Mango,kÕ-dû
French,ur; à cause de,Nar,täm-yä :
French,ur; à cause de,Ngambay,mbä :
French,ur; à cause de,Sar,nàj¸
French,ur; à cause de,Ngam,täm-yä
French,urquoi,Bebote,mbä-÷í :
French,urquoi,Bediondo,dû-rí
French,urquoi,Daba,tû-÷í :
French,urquoi,Gor,mbä-÷í
French,urquoi,Gulay,tÆdæ-÷í :
French,urquoi,Kaba,mbä-tà-÷í
French,urquoi,Laka,mbä-÷í :
French,urquoi,Mbay,kÕtû-÷í
French,urquoi,Mango,kÕ-dû-÷í :
French,urquoi,Nar,"nàj¸-÷í,"
French,urquoi,Ngambay,mbä-÷í :
French,urquoi,Sar,täm-rí
French,urquoi,Ngam,täm-÷í
French,urri : être,Bebote,ndùm :
French,urri : être,Bediondo,ndùm
French,urri : être,Daba,ndùm :
French,urri : être,Gor,ndùm :
French,urri : être,Gulay,ndùm
French,urri : être,Kaba,ndùm :
French,urri : être,Laka,ndùm
French,urri : être,Mbay,ndùm :
French,urri : être,Mango,ndùm
French,urri : être,Nar,ndùm :
French,urri : être,Ngambay,ndùm
French,urri : être,Sar,ndùm
French,usser,Bebote,ÕbÆ :
French,usser,Gulay,ùbÆ
French,usser,Kaba,ùßà :
French,usser,Laka,ùßà :
French,usser,Mbay,ßà
French,usser,Nar,ìtÕ
French,ussière,Bediondo,bàbúr :
French,ussière,Gor,bú
French,ussière,Mbay,sîôbürü :
French,ussière,Ngambay,bábúrü
French,ussière,Bebote,bú :
French,ussière,Bediondo,bú :
French,ussière,Daba,bú
French,ussière,Gor,bú :
French,ussière,Gulay,bùbúrü
French,ussière,Kaba_Na,bàmbú :
French,ussière,Kaba,búm :
French,ussière,Laka,bü
French,ussière,Mbay,búu :
French,ussière,Mango,kòd¸
French,Français,Nar,bümbúrü :
French,Français,Ngambay,kò® :
French,Français,Sar,bùmbú±
French,Français,Ngam,bümbúr
French,"premier, d'abord",Bebote,dîsôy :
French,"premier, d'abord",Bediondo,dî-sªy
French,"premier, d'abord",Gulay,dæsÏy :
French,"premier, d'abord",Kaba,dîngîr
French,"premier, d'abord",Laka,dîngîr :
French,"premier, d'abord",Mbay,dàsá
French,"premier, d'abord",Mango,"ßÉy-ßäá, kété"
French,"premier, d'abord",Nar,dÆtál :
French,"premier, d'abord",Ngambay,ßád‡-ßá :
French,"premier, d'abord",Sar,tàgà-dî
French,"premier, d'abord",Ngam,dîsá
French,prendre,Bebote,tàä :
French,prendre,Bediondo,tàä :
French,prendre,Daba,tàä
French,prendre,Gor,tàä :
French,prendre,Gulay,tàä :
French,prendre,Kaba_Na,tàkä
French,prendre,Kaba,tàä :
French,prendre,Laka,tà :
French,prendre,Mbay,tàä
French,prendre,Mango,tàä :
French,prendre,Nar,tàä :
French,prendre,Ngambay,tä :
French,prendre,Sar,tàä
French,prendre,Ngam,tàhä
French,prendre,Bebote,ùn :
French,prendre,Bediondo,ùn :
French,prendre,Daba,ùn
French,prendre,Gor,ùn :
French,prendre,Gulay,ùn :
French,prendre,Kaba,ùn
French,prendre,Laka,ùn :
French,prendre,Mbay,ùn :
French,prendre,Mango,ùn
French,prendre,Nar,ùn :
French,prendre,Ngambay,ùn
French,prendre,Sar,ùn
French,prendre,Ngam,wùn :
French,préparer la bouillie,Bebote,tª :
French,préparer la bouillie,Bediondo,tª :
French,préparer la bouillie,Daba,ò
French,préparer la bouillie,Gor,tª :
French,préparer la bouillie,Gulay,tª :
French,préparer la bouillie,Kaba,tá
French,préparer la bouillie,Laka,tá :
French,préparer la bouillie,Mbay,òo :
French,préparer la bouillie,Mango,tª
French,préparer la bouillie,Nar,tª :
French,préparer la bouillie,Ngambay,tá :
French,préparer la bouillie,Sar,tª
French,presser avec doigts,Mbay,sà :
French,presser avec doigts,Mango,ìsÆ :
French,presser avec doigts,Sar,ìsà
French,"presser, forcer",Bebote,òrè :
French,"presser, forcer",Bediondo,òrè
French,"presser, forcer",Gor,mb¸së :
French,"presser, forcer",Laka,òrè :
French,"presser, forcer",Mbay,ìrè
French,"presser, forcer",Nar,"èrè, mbérë :"
French,"presser, forcer",Ngambay,òrè
French,"prêter, emprunter",Bebote,tünæ :
French,"prêter, emprunter",Bediondo,t¸næ
French,"prêter, emprunter",Daba,tünä :
French,"prêter, emprunter",Gor,tünð :
French,"prêter, emprunter",Gulay,tün
French,"prêter, emprunter",Kaba,tünä :
French,"prêter, emprunter",Laka,tünä
French,"prêter, emprunter",Mbay,t¸nä :
French,"prêter, emprunter",Mango,tünæ
French,"prêter, emprunter",Nar,t¸nð :
French,"prêter, emprunter",Ngambay,tünä :
French,"prêter, emprunter",Sar,t¸nä
French,"prêter, emprunter",Ngam,t¸nä
French,prix,Bebote,gät¸ :
French,prix,Bediondo,gät¸
French,prix,Daba,gät :
French,prix,Gor,gät¸ :
French,prix,Gulay,gät¸
French,prix,Kaba_Na,käsä :
French,prix,Kaba,"gät¸, nàrè"
French,prix,Laka,gäd¸ :
French,prix,Mbay,gät¸ :
French,prix,Mango,gät¸
French,prix,Nar,gät¸ :
French,prix,Ngambay,gäd¸ :
French,prix,Sar,gät¸
French,prix,Ngam,gät¸
French,problème,Bebote,tà :
French,problème,Gor,tà :
French,problème,Gulay,tà
French,problème,Kaba,tàr :
French,problème,Mbay,tàa :
French,problème,Mango,tà
French,problème,Nar,nàj¸ :
French,problème,Ngambay,tà
French,problème,Sar,"tàa,nàj¸"
French,proche,Bebote,dÆpÕ :
French,proche,Bediondo,ßàsí
French,proche,Daba,ngëg :
French,proche,Gor,gæd¸ :
French,proche,Gulay,ngîr
French,proche,Kaba,ngîr-sƒ :
French,proche,Laka,dÆbÕ
French,proche,Mbay,ngîr :
French,proche,Mango,mbô
French,proche,Nar,ngîr :
French,proche,Ngambay,"dÆbÆ,ngûsí"
French,proche,Sar,ngîÈ
French,"profond, être",Bebote,Æw :
French,"profond, être",Bediondo,ù :
French,"profond, être",Daba,ùr
French,"profond, être",Gor,òÛ :
French,"profond, être",Gulay,ÆbÕ :
French,"profond, être",Kaba_Na,wùlü
French,"profond, être",Kaba,ùrù :
French,"profond, être",Laka,ùrù :
French,"profond, être",Mbay,òo
French,"profond, être",Mango,ù :
French,"profond, être",Nar,lú :
French,"profond, être",Ngambay,ùr
French,"profond, être",Sar,lúü
French,profondeur,Gulay,dúngÉ :
French,profondeur,Laka,b¬
French,profondeur,Mbay,ßül :
French,profondeur,Nar,ßül
French,profondeur,Ngambay,ngúl-jàmä :
French,profondeur,Sar,ßül
French,proposer,Bebote,îjÕ :
French,proposer,Daba,ùmbä
French,proposer,Laka,îjì :
French,proposer,Mbay,mbä :
French,proposer,Sar,nú«
French,propriétaire,Bebote,njè :
French,propriétaire,Bediondo,njè :
French,propriétaire,Daba,ngè
French,propriétaire,Gor,njÆ :
French,propriétaire,Gulay,njè
French,propriétaire,Kaba_Na,kí-ßäkä :
French,propriétaire,Kaba,njè
French,propriétaire,Laka,njè :
French,propriétaire,Mbay,ngè :
French,propriétaire,Mango,njè
French,propriétaire,Nar,ngè :
French,propriétaire,Ngambay,njè
French,propriétaire,Sar,ngè
French,propriétaire,Ngam,ngè :
French,propriétaire,Bebote,‡-ßæ :
French,propriétaire,Bediondo,‡ßä
French,propriétaire,Daba,kíßë :
French,propriétaire,Gor,ßíyæ :
French,propriétaire,Gulay,kúwÉ
French,propriétaire,Kaba,ßæÉ :
French,propriétaire,Laka,‡ßæ :
French,propriétaire,Mbay,kíyë
French,propriétaire,Mango,‡-ßä :
French,propriétaire,Nar,kúwæ :
French,propriétaire,Ngambay,njè
French,propriétaire,Sar,kúwà
French,puiser,Bebote,îdÕ :
French,puiser,Gor,îdÕ
French,puiser,Gulay,îdÕ :
French,puiser,Kaba,îrù :
French,puiser,Laka,tö
French,puiser,Mbay,îdî/îdë :
French,puiser,Mango,îdÕ
French,puiser,Nar,îdÕ :
French,puiser,Ngambay,tö :
French,puiser,Sar,îdÕ
French,puits,Bebote,bÆlÆ-màñ
French,puits,Bediondo,bòlè-màñ :
French,puits,Daba,bìlò-màñ
French,puits,Gor,bÕlÆ :
French,puits,Gulay,bòlè-màñ
French,puits,Kaba_Na,rèÿ :
French,puits,Kaba,büwá-màñ
French,puits,Laka,büwá-màn
French,puits,Mbay,÷èe :
French,puits,Mango,bòlè-màñ
French,puits,Nar,bòlò-màñ :
French,puits,Ngambay,bùlà-màñ :
French,puits,Sar,bÕlò-màñ
French,puits,Ngam,bÕlò-màñ q
French,punaise des lits,Bediondo,‡-ßÅmç :
French,punaise des lits,Gulay,ßî-ßî®
French,punaise des lits,Kaba,‡-ßî-ßûr :
French,punaise des lits,Laka,ßûr q
French,punaise des lits,Mbay,tƒyº-ßûr :
French,punaise des lits,Mango,‡-ßáà-bÅç
French,pus,Bebote,ßï :
French,pus,Bediondo,wüy :
French,pus,Daba,ßï
French,pus,Gor,ßï :
French,pus,Gulay,wüy :
French,pus,Kaba_Na,wüy
French,pus,Kaba,wï :
French,pus,Laka,wï :
French,pus,Mbay,ßïi
French,pus,Mango,ßï :
French,pus,Nar,ßï :
French,pus,Ngambay,yï :
French,pus,Sar,wïy
French,pus,Ngam,wï q
French,python,Bebote,màm :
French,python,Bediondo,màm :
French,python,Daba,màm
French,python,Gor,màm :
French,python,Gulay,lï-ngä±
French,python,Kaba_Na,màmà :
French,python,Kaba,màm :
French,python,Laka,màm q
French,python,Mbay,mòm :
French,python,Mango,màm :
French,python,Nar,màm
French,python,Ngambay,màm :
French,python,Sar,màm
French,python,Ngam,màm :
French,quand,Bebote,lò-k‡ :
French,quand,Bediondo,lò-k‡
French,quand,Daba,lò-ngàá :
French,quand,Gor,lò-k‡
French,quand,Gulay,lò-k‡ :
French,quand,Kaba,tökó
French,quand,Laka,lò-g‡ :
French,quand,Mbay,lòo-Ñ
French,quand,Mango,lò-k‡ :
French,quand,Nar,lò-Ñ q
French,quand,Ngambay,lò-g‡ :
French,quand,Sar,"dàn-Ñ,lò-Ñ"
French,quand?,Bebote,màtá :
French,quand?,Gulay,lòtÕ-b¼ý
French,quand?,Mbay,÷íngáyt‡
French,quand?,Nar,÷‡ngªy-t‡
French,quand?,Sar,r‡ngªy-t‡ q
French,quatre,Bebote,sô :
French,quatre,Bediondo,sô :
French,quatre,Daba,sô
French,quatre,Gor,sô :
French,quatre,Gulay,sô :
French,quatre,Kaba_Na,sîô
French,quatre,Kaba,sô : Kul=sîô :
French,quatre,Laka,sô
French,quatre,Mbay,sôô :
French,quatre,Mango,sô :
French,quatre,Nar,sô
French,quatre,Ngambay,sô :
French,quatre,Sar,sô r
French,quatre,Ngam,sôî :
French,"que, pour que",Bebote,kàd¸ :
French,"que, pour que",Bediondo,kàd¸
French,"que, pour que",Gor,kàd¸ :
French,"que, pour que",Gulay,kàd¸ :
French,"que, pour que",Kaba,kà®
French,"que, pour que",Laka,kà® :
French,"que, pour que",Mbay,kàd¸ :
French,"que, pour que",Mango,kàd¸
French,"que, pour que",Nar,"kàd¸, täm-kàd¸"
French,"que, pour que",Ngambay,kà® :
French,"que, pour que",Sar,kàd¸
French,"que, pour que",Ngam,kàd¸ :
French,"que, qui",Bebote,É :
French,"que, qui",Gor,É :
French,"que, qui",Gulay,á
French,"que, qui",Kaba_Na,kí :
French,"que, qui",Kaba,ßá :
French,"que, qui",Laka,ßá
French,"que, qui",Mbay,hª :
French,"que, qui",Mango,ßá :
French,"que, qui",Nar,µ
French,"que, qui",Ngambay,ßá :
French,"que, qui",Sar,µ
French,"que, qui",Ngam,hª :
French,"e, qui, ce que, ce qui",Gor,ndùnð :
French,"e, qui, ce que, ce qui",Gulay,k‡
French,"e, qui, ce que, ce qui",Kaba,k‡ :
French,"e, qui, ce que, ce qui",Mbay,Ñ :
French,"e, qui, ce que, ce qui",Mango,k‡
French,"e, qui, ce que, ce qui",Nar,Ñ :
French,"e, qui, ce que, ce qui",Ngambay,g‡ :
French,"e, qui, ce que, ce qui",Sar,Ñ
French,"e, quoi",Bebote,÷í :
French,"e, quoi",Bediondo,rí :
French,"e, quoi",Daba,÷í
French,"e, quoi",Gor,÷í :
French,"e, quoi",Gulay,÷í :
French,"e, quoi",Kaba,÷í
French,"e, quoi",Laka,÷í :
French,"e, quoi",Mbay,÷í :
French,"e, quoi",Mango,÷í
French,"e, quoi",Nar,÷í :
French,"e, quoi",Ngambay,÷í
French,"e, quoi",Sar,rí
French,"e, quoi",Ngam,÷í :
French,"émander, solliciter (don)",Bediondo,kîy :
French,"émander, solliciter (don)",Daba,kî :
French,"émander, solliciter (don)",Gor,kîy
French,"émander, solliciter (don)",Gulay,kî :
French,"émander, solliciter (don)",Kaba_Na,njîßè :
French,"émander, solliciter (don)",Kaba,kîy
French,"émander, solliciter (don)",Laka,kîwày :
French,"émander, solliciter (don)",Mbay,kîî :
French,"émander, solliciter (don)",Mango,kîy
French,"émander, solliciter (don)",Nar,gèdè :
French,"émander, solliciter (don)",Ngambay,kîy :
French,"émander, solliciter (don)",Sar,gÕdè
French,eue,Bebote,ßòngÕ :
French,eue,Bediondo,mòngÕ
French,eue,Daba,ßòng :
French,eue,Gor,ßòngÕ
French,eue,Gulay,ßòng :
French,eue,Kaba_Na,kïlá
French,eue,Kaba,ßòng :
French,eue,Laka,ßòngÕ
French,eue,Mbay,ßòng :
French,eue,Mango,mòng
French,eue,Nar,kÕlæ :
French,eue,Ngambay,ßòng :
French,eue,Sar,k¸lá
French,eue,Ngam,ßòng
French,"i, que",Bebote,k‡ :
French,"i, que",Bediondo,k‡ :
French,"i, que",Daba,ngàá
French,"i, que",Gor,k‡ :
French,"i, que",Gulay,k‡ :
French,"i, que",Kaba,k‡
French,"i, que",Laka,g‡ :
French,"i, que",Mbay,k‡ :
French,"i, que",Mango,k‡
French,"i, que",Nar,k‡ :
French,"i, que",Ngambay,g‡
French,"i, que",Sar,k‡
French,"i, que",Ngam,k‡ :
French,i?,Bebote,nª :
French,i?,Bediondo,nª :
French,i?,Daba,nª
French,i?,Gor,nª :
French,i?,Gulay,nª :
French,i?,Kaba_Na,náä
French,i?,Kaba,nª :
French,i?,Laka,nª :
French,i?,Mbay,nªº
French,i?,Mango,nª :
French,i?,Nar,nª :
French,i?,Ngambay,nª :
French,i?,Sar,nªº
French,i?,Ngam,nªº
French,cines,Bebote,ngÕrÆ :
French,cines,Daba,ngìrà
French,cines,Gor,ngÕrÆ :
French,cines,Gulay,ngìrÆ
French,cines,Kaba_Na,gígìï :
French,cines,Laka,ngìrà
French,cines,Mbay,ngÕrà :
French,cines,Mango,ngìrÆ
French,cines,Nar,ngÕrÆ :
French,cines,Ngambay,ngìrà :
French,cines,Sar,ngÕÈà
French,cines,Ngam,ngÕrà
French,"ramasser, prendre",Bebote,îy :
French,"ramasser, prendre",Bediondo,mbÇ :
French,"ramasser, prendre",Daba,îy
French,"ramasser, prendre",Gor,îy :
French,"ramasser, prendre",Gulay,îy :
French,"ramasser, prendre",Kaba,îy
French,"ramasser, prendre",Laka,òdö :
French,"ramasser, prendre",Mbay,îy :
French,"ramasser, prendre",Mango,îy
French,"ramasser, prendre",Nar,îy :
French,"ramasser, prendre",Ngambay,"îy,òdö :"
French,"ramasser, prendre",Sar,îy
French,"ramasser, prendre",Ngam,wîy
French,ramper (un enfant),Bebote,àgÕ :
French,ramper (un enfant),Bediondo,àgÕ :
French,ramper (un enfant),Daba,àg
French,ramper (un enfant),Gor,àgÕ :
French,ramper (un enfant),Gulay,àgÕ :
French,ramper (un enfant),Kaba_Na,ndág
French,ramper (un enfant),Kaba,àkÕ : Kul=àlà :
French,ramper (un enfant),Laka,àgÕ
French,ramper (un enfant),Mbay,àgÕ :
French,ramper (un enfant),Mango,àgÕ :
French,ramper (un enfant),Nar,àgÕ
French,ramper (un enfant),Ngambay,àgÕ :
French,ramper (un enfant),Sar,àgÕ
French,ramper (un enfant),Ngam,àgÕ :
French,ramper (une plante),Bebote,àlè :
French,ramper (une plante),Bediondo,àlè :
French,ramper (une plante),Daba,àl
French,ramper (une plante),Gor,àlà :
French,ramper (une plante),Gulay,àlè :
French,ramper (une plante),Kaba_Na,àlà
French,ramper (une plante),Kaba,àlè :
French,ramper (une plante),Laka,àlè :
French,ramper (une plante),Mbay,àl
French,ramper (une plante),Mango,àlè :
French,ramper (une plante),Nar,àlìyà :
French,ramper (une plante),Ngambay,àl
French,ramper (une plante),Sar,àl
French,rancune,Bebote,b¼º :
French,rancune,Bediondo,b¼º :
French,rancune,Daba,b¼º
French,rancune,Gor,gál :
French,rancune,Gulay,b¼º :
French,rancune,Kaba_Na,ßäng
French,rancune,Kaba,b¼º :
French,rancune,Laka,b¼º :
French,rancune,Mbay,b¼º
French,rancune,Mango,b¼º :
French,rancune,Nar,b¼º :
French,rancune,Ngambay,b¼º
French,rancune,Sar,b¼º
French,"raser, se",Bebote,ngÕsæ :
French,"raser, se",Bediondo,ngÕsæ
French,"raser, se",Gor,ngÕsæ :
French,"raser, se",Gulay,ndìsæ
French,"raser, se",Kaba,ngìsä :
French,"raser, se",Laka,gìsä
French,"raser, se",Mbay,ngìs¸ :
French,"raser, se",Mango,ndìsæ
French,"raser, se",Ngambay,ndìsä
French,"raser, se",Sar,ngÕsä
French,"raser, se",Ngam,dÕsä :
French,rasoir,Bebote,y‡ngæ :
French,rasoir,Bediondo,y‡ngæ
French,rasoir,Daba,nïngá :
French,rasoir,Gor,yƒngæ
French,rasoir,Gulay,yìngÆ :
French,rasoir,Kaba_Na,ní…à
French,rasoir,Kaba,yíngä :
French,rasoir,Mbay,yïngá
French,rasoir,Mango,bîr :
French,rasoir,Nar,yëÑg
French,rasoir,Ngambay,yƒngä :
French,rasoir,Sar,y¬ngá
French,"rassasié, être",Bebote,ndän :
French,"rassasié, être",Bediondo,ndän
French,"rassasié, être",Daba,ndän :
French,"rassasié, être",Gor,ndän :
French,"rassasié, être",Gulay,ndä
French,"rassasié, être",Kaba,ndän :
French,"rassasié, être",Mbay,ndän :
French,"rassasié, être",Mango,ndä
French,"rassasié, être",Nar,ndän :
French,"rassasié, être",Ngambay,ndän
French,"rassasié, être",Sar,ndän
French,rassembler,Bebote,káw :
French,rassembler,Bediondo,káw
French,rassembler,Gor,káw :
French,rassembler,Gulay,kÉb‡ :
French,rassembler,Kaba,mbç
French,Langues Sara,Laka,mbÇ :
French,Langues Sara,Mbay,káÛ
French,Langues Sara,Mango,kÉw :
French,Langues Sara,Nar,kán :
French,Langues Sara,Ngambay,mbÇ :
French,Langues Sara,Sar,káñ
French,Langues Sara,Ngam,kán
French,rat : esp. de,Laka,láng¸ :
French,rat : esp. de,Mbay,láñg
French,rat : esp. de,Nar,yég¸-tüb¸ :
French,rat : esp. de,Ngambay,láñg
French,rat : esp. de,Bediondo,nÕ« :
French,rat : esp. de,Gulay,nì«
French,rat : esp. de,Kaba_Na,kí-yïmí :
French,rat : esp. de,Laka,‡-nì«
French,rat : esp. de,Mbay,nì» :
French,rat : esp. de,Mango,nì» :
French,rat : esp. de,Ngambay,nì«
French,rat : esp. de,Gulay,ngÅyÅ :
French,rat : esp. de,Mbay,njòý
French,rat : esp. de,Mango,bùngÕràng
French,"rat, souris",Bebote,yég¸ :
French,"rat, souris",Bediondo,yÉg¸
French,"rat, souris",Daba,yég :
French,"rat, souris",Gor,yég¸ :
French,"rat, souris",Gulay,yÉg¸
French,"rat, souris",Kaba,yék¸ : Kul=k¨ßŠ
French,"rat, souris",Laka,÷Ég¸ :
French,"rat, souris",Mbay,yég¸ :
French,"rat, souris",Mango,yÉg¸
French,"rat, souris",Nar,yég¸ :
French,"rat, souris",Ngambay,yég¸
French,"rat, souris",Sar,yég¸
French,rater; manquer,Bebote,nà£ :
French,rater; manquer,Bediondo,nà£ :
French,rater; manquer,Daba,nà£
French,rater; manquer,Gor,nà£ :
French,rater; manquer,Gulay,nà£ :
French,rater; manquer,Kaba_Na,…àlä
French,rater; manquer,Kaba,là£ :
French,rater; manquer,Laka,làl :
French,rater; manquer,Mbay,nà£
French,rater; manquer,Mango,nà£ :
French,rater; manquer,Nar,nà£ :
French,rater; manquer,Ngambay,là£ :
French,rater; manquer,Sar,nà£
French,rater; manquer,Ngam,nà£
French,rattraper,Bediondo,näg‡ :
French,rattraper,Gulay,nºr
French,rattraper,Mbay,näg‡ :
French,rattraper,Mango,näg‡
French,rayon de miel,Bediondo,mb¼º :
French,rayon de miel,Laka,mb¼r¸
French,rayon de miel,Mbay,mbà® :
French,rayon de miel,Nar,mbà£
French,rayon de miel,Ngam,mbàÊ
French,redresser,Bebote,ndáj¸ :
French,redresser,Bediondo,ndáj¸
French,redresser,Laka,"ndÉjï,ndújï :"
French,redresser,Mbay,mbáj¸
French,redresser,Ngambay,nà®
French,redresser,Gulay,ndáj‡ :
French,redresser,Mbay,ndáj¸
French,redresser,Mango,ndáj¸ :
French,redresser,Sar,ndáj¸
French,réfléchir,Bebote,mÆr :
French,réfléchir,Daba,gä :
French,réfléchir,Gor,mÆr
French,réfléchir,Gulay,gír :
French,réfléchir,Kaba,Æjï :
French,réfléchir,Laka,Æjï
French,réfléchir,Mbay,gäa :
French,réfléchir,Mango,gí® :
French,réfléchir,Nar,gír
French,réfléchir,Ngambay,Ænjï :
French,réfléchir,Sar,gíÊ
French,refroidir r,Bebote,lïyæ :
French,refroidir r,Bediondo,l¸yæ
French,refroidir r,Gor,tür :
French,refroidir r,Laka,pÉl :
French,refroidir r,Mbay,lïyä
French,refuser r,Bebote,mbät‡ :
French,refuser r,Bediondo,mbät‡
French,refuser r,Gor,mbæt‡ :
French,refuser r,Gulay,mbät‡
French,refuser r,Kaba_Na,îgû :
French,refuser r,Kaba,mbæt‡
French,refuser r,Laka,mbäd‡ :
French,refuser r,Mbay,mbët‡
French,refuser r,Mango,mbät‡ :
French,refuser r,Nar,mbät‡
French,refuser r,Ngambay,mbäd‡
French,refuser r,Sar,mbät‡ r
French,refuser r,Ngam,mbët‡ :
French,remplir,Bebote,÷òsÕ :
French,remplir,Bediondo,ròsÕ
French,remplir,Daba,÷òs :
French,remplir,Gor,÷òsÕ :
French,remplir,Gulay,÷ùsù
French,remplir,Kaba_Na,ròsò :
French,remplir,Kaba,÷ùsù
French,remplir,Laka,÷ùsù :
French,remplir,Mbay,÷òsÕ :
French,remplir,Mango,÷ùsÕ
French,remplir,Nar,÷òsÕ :
French,remplir,Ngambay,÷ùsù :
French,remplir,Sar,ròsÕ r
French,remplir,Ngam,÷òsÕ
French,remuer,Bebote,köré :
French,remuer,Bediondo,köré
French,remuer,Gulay,körë :
French,remuer,Kaba,köró :
French,remuer,Laka,köró
French,remuer,Mbay,"kürö,k¸rö :"
French,remuer,Mango,kùlÆ
French,remuer,Ngambay,körë
French,remuer r,Bebote,ßügúlü :
French,remuer r,Daba,bùr
French,remuer r,Gor,köró :
French,remuer r,Gulay,kùtürü
French,remuer r,Laka,làngÕ :
French,remuer r,Mbay,pée
French,remuer r,Mango,kùtúrü :
French,remuer r,Ngambay,güdúrü
French,remuer r,Ngam,péë
French,rencontrer r,Gulay,ndît¸ :
French,rencontrer r,Mbay,ndîd¸
French,rencontrer r,Sar,ndûd¸
French,renvoyer; chasser,Bebote,tüwæ :
French,renvoyer; chasser,Bediondo,tüwæ
French,renvoyer; chasser,Daba,tübä :
French,renvoyer; chasser,Gor,tüwæ :
French,renvoyer; chasser,Gulay,tübæ
French,renvoyer; chasser,Kaba_Na,tûßû :
French,renvoyer; chasser,Kaba,tübä r
French,renvoyer; chasser,Laka,"tüßä,tûb¸"
French,renvoyer; chasser,Mbay,"tüwä,t¸ßä :"
French,renvoyer; chasser,Mango,tübæ r
French,renvoyer; chasser,Nar,t¸bæ :
French,renvoyer; chasser,Ngambay,tübä :
French,renvoyer; chasser,Sar,t¸ßä
French,renvoyer; chasser,Ngam,t¸ßä
French,répandre une odeur,Bebote,ÆtÕ :
French,répandre une odeur,Bediondo,ÆtÕ :
French,répandre une odeur,Daba,òt
French,répandre une odeur,Gor,ÆtÕ :
French,répandre une odeur,Gulay,ÆtÕ :
French,répandre une odeur,Kaba_Na,àtù
French,répandre une odeur,Kaba,ÆtÕ :
French,répandre une odeur,Laka,ÆndÕ :
French,répandre une odeur,Mbay,òtÕ
French,répandre une odeur,Mango,ÆtÕ :
French,répandre une odeur,Nar,òtÕ :
French,répandre une odeur,Ngambay,ÆndÕ :
French,répandre une odeur,Sar,òtÕ
French,répandre une odeur,Ngam,òtÕ r
French,pas sans sauce,Gulay,sútú :
French,pas sans sauce,Mbay,sút‡
French,pas sans sauce,Ngambay,túdü
French,pondre,Bebote,ndìgÕ :
French,pondre,Bediondo,ndÕgÕ
French,pondre,Gor,ndìgÕ :
French,pondre,Gulay,ndìgÕ
French,pondre,Kaba,njìkì :
French,pondre,Laka,njìgì
French,pondre,Mbay,ndìgÕ :
French,pondre,Mango,ndìgÕ
French,pondre,Nar,ndìgÕ :
French,pondre,Ngambay,"yàgÕdà,"
French,pondre,Sar,ndìgÕ
French,sidu,Bebote,njŸ :
French,sidu,Bediondo,bÕs¸
French,sidu,Daba,bìs :
French,sidu,Gor,yŸ :
French,sidu,Gulay,yŸ
French,sidu,Kaba,s¡y¼ :
French,sidu,Laka,"y¼, nàngÕ"
French,sidu,Mbay,bìs¸ :
French,sidu,Mango,yŸ :
French,sidu,Nar,yŸ
French,sidu,Ngambay,bìs¸
French,sidu,Sar,kïyá
French,sidu,Ngam,kûhô :
French,spiration; repos; souffle,Bebote,kÐð :
French,spiration; repos; souffle,Bediondo,kÐð :
French,spiration; repos; souffle,Daba,kòö
French,spiration; repos; souffle,Gor,kÅç :
French,spiration; repos; souffle,Gulay,kÆb¸ :
French,spiration; repos; souffle,Kaba_Na,kàÛ
French,spiration; repos; souffle,Kaba,kÆm :
French,spiration; repos; souffle,Laka,kÐw :
French,spiration; repos; souffle,Mbay,kòö
French,spiration; repos; souffle,Mango,kÆæ :
French,spiration; repos; souffle,Nar,kòö :
French,spiration; repos; souffle,Ngambay,kÆmæ :
French,spiration; repos; souffle,Sar,kòö
French,spiration; repos; souffle,Ngam,kÅhç
French,ste,Bebote,ndÉg¸ :
French,ste,Bediondo,gª
French,ste,Daba,ndég :
French,ste,Gulay,yòng-yöng
French,ste,Kaba_Na,ndákì :
French,ste,Laka,gèsÕ
French,ste,Mbay,nd‡gá :
French,ste,Mango,ndÉg¸
French,ste,Ngambay,gès¸
French,ste,Ngam,gàbÕ :
French,ster,Bebote,n¼y :
French,ster,Bediondo,n¼y :
French,ster,Daba,n¼y
French,ster,Gor,n¼y :
French,ster,Gulay,n¼y :
French,ster,Kaba,n¼y
French,ster,Laka,n¼y :
French,ster,Mbay,n¼y :
French,ster,Mango,n¼y
French,ster,Nar,nÐy :
French,ster,Ngambay,n¼y
French,ster,Sar,n¼y
French,ster,Ngam,n¼h¼ :
French,tailler,Mbay,séë :
French,tailler,Mango,sÜy :
French,tailler,Sar,séë
French,"veiller, se réveiller",Bebote,ndÉl :
French,"veiller, se réveiller",Bediondo,ndÉl
French,"veiller, se réveiller",Daba,ndó£ :
French,"veiller, se réveiller",Gor,ndÉl :
French,"veiller, se réveiller",Gulay,ndÉl
French,"veiller, se réveiller",Kaba_Na,ndü :
French,"veiller, se réveiller",Kaba,ndól :
French,"veiller, se réveiller",Laka,ndól
French,"veiller, se réveiller",Mbay,ndó£ :
French,"veiller, se réveiller",Mango,ndÉl
French,"veiller, se réveiller",Nar,ndól :
French,"veiller, se réveiller",Ngambay,ndÉl :
French,"veiller, se réveiller",Sar,ndó£
French,"veiller, se réveiller",Ngam,ndó£
French,"venir, rentrer; tourner",Bebote,tÉl :
French,"venir, rentrer; tourner",Bediondo,tÉl :
French,"venir, rentrer; tourner",Daba,tél
French,"venir, rentrer; tourner",Gor,tÉl :
French,"venir, rentrer; tourner",Gulay,tÉl :
French,"venir, rentrer; tourner",Kaba_Na,télè
French,Français,Kaba,tél : Kul=ndélè :
French,Français,Laka,tÉ
French,Français,Mbay,tél :
French,Français,Mango,tÉl :
French,Français,Nar,tél
French,Français,Ngambay,tél :
French,Français,Sar,té¥
French,Français,Ngam,té£ :
French,rêver; rêve,Bebote,n¬ :
French,rêver; rêve,Bediondo,n¬ :
French,rêver; rêve,Daba,n¬
French,rêver; rêve,Gor,n¬ :
French,rêver; rêve,Gulay,n¬ :
French,rêver; rêve,Kaba_Na,nï
French,rêver; rêve,Kaba,n¬ :
French,rêver; rêve,Laka,n¬ :
French,rêver; rêve,Mbay,n¬¿
French,rêver; rêve,Mango,n¬ :
French,rêver; rêve,Nar,n¬ :
French,rêver; rêve,Ngambay,n¬
French,rêver; rêve,Sar,n¬
French,rhinocéros,Bebote,kàsÕ-bànï :
French,rhinocéros,Bediondo,bÆñ
French,rhinocéros,Daba,òñg :
French,rhinocéros,Gulay,bèrnè :
French,rhinocéros,Kaba_Na,bàn
French,rhinocéros,Laka,gàjÕ-bÐrƒ :
French,rhinocéros,Mbay,bàñ
French,rhinocéros,Mango,àsÕbànï :
French,rhinocéros,Nar,bènë
French,rhinocéros,Ngambay,"kàsÕ-b¼rƒ,"
French,rhinocéros,Sar,bèñ
French,rhinocéros,Ngam,bèn¸ :
French,rhumatisme,Bediondo,käg¸ :
French,rhumatisme,Gor,käg¸
French,rhumatisme,Laka,käg¸ :
French,rhumatisme,Mbay,käg¸ :
French,rhumatisme,Mango,käg¸
French,rien; vide; normale,Bebote,kàrë :
French,rien; vide; normale,Daba,ßäl
French,rien; vide; normale,Gor,kàrë :
French,rien; vide; normale,Gulay,kàrë :
French,rien; vide; normale,Kaba_Na,k¨
French,rien; vide; normale,Kaba,bàä :
French,rien; vide; normale,Laka,bàä :
French,rien; vide; normale,Mbay,kàrï
French,rien; vide; normale,Mango,kàrë :
French,rien; vide; normale,Nar,kàrï
French,rien; vide; normale,Ngambay,kàrï
French,rien; vide; normale,Sar,kàÈï
French,rien; vide; normale,Ngam,kàÈï :
French,rincer,Bebote,ùsÕ :
French,rincer,Bediondo,sùk‡
French,rincer,Gor,súkü :
French,rincer,Gulay,sùkü
French,rincer,Kaba_Na,súkù :
French,rincer,Kaba,sùkü
French,rincer,Laka,sùgü :
French,rincer,Mbay,sùk¸ :
French,rincer,Mango,sùk¸
French,rincer,Nar,sùk¸ :
French,rincer,Ngambay,sùgú
French,rincer,Sar,sùk¸
French,rire,Bebote,kòg¸ :
French,rire,Bediondo,kòg¸
French,rire,Daba,ìgö :
French,rire,Gor,kòg¸ :
French,rire,Gulay,ògö
French,rire,Kaba_Na,túbö :
French,rire,Kaba,kòkö
French,rire,Laka,kògö :
French,rire,Mbay,gö :
French,rire,Mango,kòg¸
French,rire,Nar,ògö :
French,rire,Ngambay,kòg
French,rire,Sar,"kÕgö,ògö"
French,rire,Ngam,Õgö :
French,rival,Bebote,jàngÕ :
French,rival,Bediondo,jàngÕ
French,rival,Daba,jàng :
French,rival,Gor,jàngÕ
French,rival,Gulay,jàng :
French,rival,Kaba,jàng :
French,rival,Laka,jàn
French,rival,Mbay,jàng :
French,rival,Mango,jàng
French,rival,Nar,jàng :
French,rival,Ngambay,jàng :
French,rival,Sar,jàng
French,rival,Ngam,jàng
French,rônier,Bebote,mà :
French,rônier,Bediondo,mà :
French,rônier,Gor,màr
French,rônier,Gulay,màr :
French,rônier,Kaba,màr :
French,rônier,Laka,màr
French,rônier,Mbay,màr :
French,rônier,Mango,màr :
French,rônier,Nar,màr
French,rônier,Ngambay,màr :
French,rônier,Sar,màÈ
French,rônier,Ngam,màr :
French,rosée,Bebote,tàl :
French,rosée,Bediondo,tàl :
French,rosée,Daba,tà£
French,rosée,Gor,tàl :
French,rosée,Gulay,tàl :
French,rosée,Kaba_Na,tàlò
French,rosée,Kaba,tàl :
French,rosée,Laka,tà£ :
French,rosée,Mbay,tàl
French,rosée,Mango,tàl :
French,rosée,Nar,tàl :
French,rosée,Ngambay,tàl :
French,rosée,Sar,tàl
French,rosée,Ngam,tàl
French,"roter, éructer",Bebote,dÆjÕ :
French,"roter, éructer",Bediondo,dÆjÕ
French,"roter, éructer",Daba,òng :
French,"roter, éructer",Gor,dÆjÕ :
French,"roter, éructer",Gulay,gèdè
French,"roter, éructer",Kaba,dùjù :
French,"roter, éructer",Laka,dÆjì
French,"roter, éructer",Mbay,gìjè :
French,"roter, éructer",Mango,dÆjÕ
French,"roter, éructer",Nar,gÕjÆ :
French,"roter, éructer",Ngambay,dÆjì
French,"roter, éructer",Sar,gÕjà
French,rouge : être,Bebote,kàsÕ :
French,rouge : être,Bediondo,kÆ®
French,rouge : être,Daba,kàs :
French,rouge : être,Gor,kàsÕ :
French,rouge : être,Gulay,kÆ®
French,rouge : être,Kaba_Na,àkè :
French,rouge : être,Kaba,kàsè : Kul=àkè
French,rouge : être,Laka,kàsÕ-g‡-kàsÕ :
French,rouge : être,Mbay,kÕrë
French,rouge : être,Mango,kàsÕ :
French,rouge : être,Nar,kèrë
French,rouge : être,Ngambay,kàsÕ
French,rouge : être,Sar,kÕrë
French,rouge : être,Ngam,kÕ÷ë :
French,"route, chemin",Bebote,÷Éw :
French,"route, chemin",Bediondo,rÉb¸
French,"route, chemin",Daba,÷ób :
French,"route, chemin",Gor,÷ów :
French,"route, chemin",Gulay,÷Éb‡
French,"route, chemin",Kaba_Na,róbò :
French,"route, chemin",Kaba,÷ó : Kul=÷óvò
French,"route, chemin",Laka,÷Éw :
French,"route, chemin",Mbay,÷ób‡ :
French,"route, chemin",Mango,÷Éb¸
French,"route, chemin",Nar,÷ób¸ :
French,"route, chemin",Ngambay,÷ÉbÉ :
French,"route, chemin",Sar,róbÕ
French,"route, chemin",Ngam,÷ób‡
French,ruche,Bebote,rówë :
French,ruche,Bediondo,róbë
French,ruche,Gor,rówæ :
French,ruche,Gulay,pórë
French,ruche,Kaba_Na,nüßä :
French,ruche,Kaba,róbö
French,ruche,Laka,bórö :
French,ruche,Mbay,rúbö :
French,ruche,Mango,pÇnþ
French,ruche,Nar,róbö :
French,ruche,Ngambay,mbórö :
French,ruche,Sar,hórö
French,ruche,Ngam,j¸ngû
French,rugueux : être,Bebote,ngàmàmà :
French,rugueux : être,Gor,ngî
French,rugueux : être,Gulay,ngìrÆ :
French,rugueux : être,Kaba_Na,màngàrà
French,rugueux : être,Kaba,ngÆndÕrÆ :
French,rugueux : être,Laka,hàngÕy¼
French,rugueux : être,Mbay,ngîî :
French,rugueux : être,Nar,ngî
French,rugueux : être,Ngambay,ngî :
French,rugueux : être,Sar,ngî
French,sable,Bebote,‡-näng‡rä
French,sable,Gor,"‡-näng‡rä, ‡-näng‡rä"
French,sable,Gulay,yŸ-ngír :
French,sable,Laka,‡-n¼ng‡rº
French,sable,Mbay,náñg :
French,sable,Mango,yªñg¸rä
French,sable,Nar,bümbúrü :
French,sable,Ngambay,nág‡rä s
French,sable,Sar,náñg
French,sable,Daba,ngá®-köy :
French,sable,Gulay,yŸ-ngír
French,sable,Kaba,‡-náng‡rá
French,sable,Laka,‡-n¼ng‡rº :
French,sable,Mbay,ngá®
French,sable,Mango,yªñg¸rä
French,sable,Nar,njár‡m-ngöý :
French,sable,Ngambay,náng‡rä :
French,sable,Sar,ngá® s
French,sable,Ngam,náñg
French,sac,Bebote,ßôl :
French,sac,Bediondo,ßôl :
French,sac,Daba,ßôl
French,sac,Gor,ßôl :
French,sac,Gulay,sáng :
French,sac,Kaba,ßôl
French,sac,Laka,ßôl :
French,sac,Mbay,ßôl :
French,sac,Mango,mbù
French,sac,Nar,ngòng :
French,sac,Ngambay,ßôl :
French,sac,Sar,ngòng s
French,sac,Ngam,ngîng
French,sagaie : sorte de,Bediondo,gàgÕ :
French,sagaie : sorte de,Gulay,gàgÕ
French,sagaie : sorte de,Laka,nìngà-mbüsü :
French,sagaie : sorte de,Mbay,gàgÕ s
French,sagaie : sorte de,Mango,gàgÕ
French,"sagaie, lance",Bebote,nÕngÆ :
French,"sagaie, lance",Bediondo,nÕngÆ
French,"sagaie, lance",Daba,nìngà :
French,"sagaie, lance",Gor,nÕngÆ
French,"sagaie, lance",Gulay,nìngÆ :
French,"sagaie, lance",Kaba_Na,nìngà
French,"sagaie, lance",Kaba,nìngà :
French,"sagaie, lance",Laka,nìngà
French,"sagaie, lance",Mbay,nìngà :
French,"sagaie, lance",Mango,nìngÆ s
French,"sagaie, lance",Nar,nÕngÆ :
French,"sagaie, lance",Ngambay,nìngà :
French,"sagaie, lance",Sar,nÕngà
French,"sagaie, lance",Ngam,nÕngà
French,"saisir, prendre",Bebote,ùwÆ :
French,"saisir, prendre",Bediondo,ùwÆ :
French,"saisir, prendre",Daba,ùwà
French,"saisir, prendre",Gor,ùwÆ :
French,"saisir, prendre",Gulay,ùwÆ :
French,"saisir, prendre",Kaba_Na,ùkà
French,"saisir, prendre",Kaba,ùwà :
French,"saisir, prendre",Laka,ùwà :
French,"saisir, prendre",Mbay,hî
French,"saisir, prendre",Mango,ùwÆ :
French,"saisir, prendre",Nar,ùwÆ :
French,"saisir, prendre",Ngambay,ùwà :
French,"saisir, prendre",Sar,ìhî
French,"saisir, prendre",Ngam,Õhî s
French,saison pluvieuse,Bebote,ßàr :
French,saison pluvieuse,Bediondo,ßà :
French,saison pluvieuse,Daba,ßàr
French,saison pluvieuse,Gor,ßàr :
French,saison pluvieuse,Gulay,ßàr :
French,saison pluvieuse,Kaba_Na,ßà
French,saison pluvieuse,Kaba,ßàr :
French,saison pluvieuse,Laka,ßàr :
French,saison pluvieuse,Mbay,ßàr
French,saison pluvieuse,Nar,ßàr :
French,saison pluvieuse,Ngambay,ßàr s
French,saison pluvieuse,Sar,ßàÈ
French,saison pluvieuse,Ngam,ngûm :
French,saison seche,Bebote,nºy-kàdÕ
French,saison seche,Bediondo,nºy-kàdÕ :
French,saison seche,Daba,ßäl
French,saison seche,Gor,nºy-kàdÕ :
French,saison seche,Gulay,ßäl
French,saison seche,Kaba,nþy-kàr :
French,saison seche,Laka,nºy-kàr
French,saison seche,Mbay,ßäl :
French,saison seche,Mango,nºy-kàdÕ
French,saison seche,Nar,ßäl :
French,saison seche,Ngambay,nºy-kàr
French,saison seche,Sar,ßäl
French,leté,Bebote,yöró :
French,leté,Bediondo,ßÆbÕ
French,leté,Daba,mï÷ó :
French,leté,Gor,yöró :
French,leté,Gulay,yöró
French,leté,Kaba_Na,kïró :
French,leté,Kaba,yæró
French,leté,Laka,yöró
French,leté,Mbay,yüró :
French,leté,Mango,yöró
French,leté,Nar,höró :
French,leté,Ngambay,yïró :
French,leté,Sar,yöró
French,leté,Ngam,nüró
French,"live, crachat",Bebote,yörö :
French,"live, crachat",Daba,ör
French,"live, crachat",Gor,màñ-tà :
French,"live, crachat",Gulay,yör :
French,"live, crachat",Kaba_Na,wŠ
French,"live, crachat",Kaba,wÐrð :
French,"live, crachat",Laka,yïrö :
French,"live, crachat",Mbay,hör
French,"live, crachat",Mango,yörö :
French,"live, crachat",Nar,hûr :
French,"live, crachat",Ngambay,yïrö :
French,"live, crachat",Sar,höÈ
French,"live, crachat",Ngam,höÈ
French,ndale,Laka,bùbä :
French,ndale,Mbay,säk¸rä
French,ndale,Mango,pápá :
French,ndale,Nar,pápä
French,ng,Bebote,mÉs¸ :
French,ng,Bediondo,mÉs¸
French,ng,Daba,mós :
French,ng,Gor,mós¸ :
French,ng,Gulay,mÉs¸
French,ng,Kaba_Na,másù :
French,ng,Kaba,mÉs¸
French,ng,Laka,mÉs¸ :
French,ng,Mbay,mós‡ :
French,ng,Mango,mÉs¸
French,ng,Nar,mós¸ :
French,ng,Ngambay,mÉs¸
French,ng,Sar,mósÕ
French,ngsue,Bebote,‡-tænd¸ :
French,ngsue,Bediondo,‡-tænd¸
French,ngsue,Gulay,tænd¸ :
French,ngsue,Kaba_Na,täl-njï
French,ngsue,Kaba,‡-tænd¸ :
French,ngsue,Laka,‡-tænd¸
French,ngsue,Mbay,k‡-tänd¸ :
French,ngsue,Mango,tÉnd‡
French,ngsue,Nar,tënd¸ :
French,ngsue,Ngambay,tÉnd¸
French,ngsue,Sar,tënd¸
French,ns,Bebote,sª :
French,ns,Bediondo,ànj¸ :
French,ns,Daba,sª
French,ns,Gor,ànj¸ :
French,ns,Gulay,ànj‡
French,ns,Kaba_Na,kájë :
French,ns,Mbay,kànj‡ :
French,ns,Mango,nà£
French,ns,Nar,kànj¸ :
French,ns,Sar,kànj¸
French,ns,Ngam,kànj‡
French,uce,Bebote,tªy :
French,uce,Bediondo,tªy :
French,uce,Daba,tª
French,uce,Gor,nªy :
French,uce,Gulay,tár :
French,uce,Kaba_Na,tárò
French,uce,Kaba,nªy : Kul=tárò :
French,uce,Laka,nªy
French,Français,Mbay,tª½ :
French,Français,Mango,nªy :
French,Français,Nar,tª
French,Français,Ngambay,nªy :
French,Français,Sar,tª¼
French,Français,Ngam,tª :
French,saut,Bebote,bàl :
French,saut,Bediondo,bàl :
French,saut,Gulay,bàl
French,saut,Mbay,bàl :
French,saut,Nar,bàl :
French,saut,Ngambay,tál
French,saut,Sar,bàl
French,sauterelle,Gor,‡dä :
French,sauterelle,Gulay,g¼r¡
French,sauterelle,Kaba_Na,yìmï :
French,sauterelle,Kaba,‡-gàbÕrà
French,sauterelle,Laka,‡-sím :
French,sauterelle,Mbay,k‡-däa
French,sauterelle,Mango,gábrì :
French,sauterelle,Nar,gáj‡-sír
French,sauterelle,Ngambay,gábÕrà :
French,sauterelle,Sar,gàÛ
French,"savoir, connaître",Bebote,gÆ® :
French,"savoir, connaître",Bediondo,gÆæ :
French,"savoir, connaître",Daba,gè®
French,"savoir, connaître",Gor,gÆ® :
French,"savoir, connaître",Gulay,gÆ® :
French,"savoir, connaître",Kaba_Na,gèÿ
French,"savoir, connaître",Kaba,gÆ® : Kul=g™Š :
French,"savoir, connaître",Laka,gÆræ
French,"savoir, connaître",Mbay,gè® :
French,"savoir, connaître",Mango,gÆ® :
French,"savoir, connaître",Nar,gè®
French,"savoir, connaître",Ngambay,gÆ® :
French,"savoir, connaître",Sar,gèÊ
French,"savoir, connaître",Ngam,gèÊ :
French,scolopendre,Bediondo,ndànè :
French,scolopendre,Gulay,nd¼r¡
French,scolopendre,Kaba_Na,kí-ndà»-ndà :
French,scolopendre,Laka,ndàr
French,scolopendre,Mbay,ndÅr¡ :
French,scolopendre,Nar,ndàrìy¼
French,scolopendre,Ngambay,ndàrè
French,scorpion,Bebote,‡-n¡ :
French,scorpion,Bediondo,‡-n¡
French,scorpion,Daba,gƒnŸy :
French,scorpion,Gor,‡-n¡
French,scorpion,Gulay,kúj‡-nàng :
French,scorpion,Kaba_Na,gúnä
French,scorpion,Kaba,‡-níì :
French,scorpion,Laka,¡
French,scorpion,Mbay,"g‡ná,g‡nª :"
French,scorpion,Mango,jínð
French,scorpion,Nar,g‡næ :
French,scorpion,Ngambay,¡
French,scorpion,Sar,kók‡ràng
French,scorpion,Ngam,g‡ná :
French,sec : être,Bebote,tùtÕ :
French,sec : être,Bediondo,tùtÕ
French,sec : être,Daba,tùt :
French,sec : être,Gor,tùtÕ :
French,sec : être,Gulay,tùtù
French,sec : être,Kaba,tùtù :
French,sec : être,Laka,tùdù
French,sec : être,Mbay,tùtÕ :
French,sec : être,Mango,tùtÕ
French,sec : être,Nar,tùtÕ :
French,sec : être,Ngambay,tùdù :
French,sec : être,Sar,tùtÕ
French,sec : être,Ngam,tùtÕ
French,sec : être (en surface),Bebote,àÿ :
French,sec : être (en surface),Bediondo,àÿ :
French,sec : être (en surface),Daba,àÿ
French,sec : être (en surface),Gor,àÿ :
French,sec : être (en surface),Gulay,"àÿ, tùtù"
French,sec : être (en surface),Kaba,àÿ :
French,sec : être (en surface),Laka,àÿ :
French,sec : être (en surface),Mbay,àÿ
French,sec : être (en surface),Mango,àÿ :
French,sec : être (en surface),Nar,àÿ :
French,sec : être (en surface),Ngambay,àÿ
French,sec : être (en surface),Sar,àÿ
French,secko,Bebote,ndòg¸ :
French,secko,Bediondo,"mbög¸,"
French,secko,Daba,ndòg :
French,secko,Gor,ndòg¸
French,Langues Sara,Gulay,ndògö :
French,Langues Sara,Kaba_Na,kíyè
French,Langues Sara,Kaba,ndòkö : Kul=dòbö
French,Langues Sara,Laka,ndògö :
French,Langues Sara,Mbay,ndòg¸
French,Langues Sara,Mango,ndòg¸ :
French,Langues Sara,Nar,ndòg¸
French,Langues Sara,Ngambay,ndògö
French,Langues Sara,Sar,ndòg¸
French,Langues Sara,Ngam,ndòg¸ :
French,secouer,Bebote,yék¸ :
French,secouer,Daba,yék
French,secouer,Gor,s‡kæ :
French,secouer,Gulay,yéy :
French,secouer,Kaba,yék¸
French,secouer,Laka,yé :
French,secouer,Mbay,"yéë, yék¸"
French,secouer,Mango,yék¸ :
French,secouer,Nar,s‡kæ :
French,secouer,Ngambay,yég¸ :
French,secouer,Sar,yéë
French,secouer,Ngam,yéë
French,sein,Bebote,mbà :
French,sein,Bediondo,mbà :
French,sein,Daba,mbà
French,sein,Gor,mbà :
French,sein,Gulay,mbà :
French,sein,Kaba_Na,mbàä
French,sein,Kaba,mbà :
French,sein,Laka,mbà :
French,sein,Mbay,mbàa
French,sein,Mango,mbà :
French,sein,Nar,mbà :
French,sein,Ngambay,mbà :
French,sein,Sar,mbà
French,sein,Ngam,mbà
French,sel,Bebote,kàt¸ :
French,sel,Bediondo,kàt¸
French,sel,Daba,kàt :
French,sel,Gor,kàt¸ :
French,sel,Gulay,"kàt¸,"
French,sel,Kaba_Na,kàtä :
French,sel,Kaba,kàt¸
French,sel,Laka,kàd¸
French,sel,Mbay,kàt¸ :
French,sel,Mango,kàt¸
French,sel,Nar,kàt¸ :
French,sel,Ngambay,kàd¸ :
French,sel,Sar,kàt¸
French,sel,Ngam,kàt¸
French,semoule,Bebote,j‡ngæ :
French,semoule,Bediondo,j‡ngæ
French,semoule,Daba,jíngá :
French,semoule,Gor,jíngæ
French,semoule,Gulay,jíngæ :
French,semoule,Kaba_Na,gínjà
French,semoule,Kaba,jíngä :
French,semoule,Laka,jíngä
French,semoule,Mbay,jíngá :
French,semoule,Mango,jíngæ
French,semoule,Nar,j‡ngæ :
French,semoule,Ngambay,jíngä
French,semoule,Sar,j‡ngà
French,separer,Bebote,gäng¸ :
French,separer,Bediondo,gäng¸
French,separer,Daba,gäng :
French,separer,Gor,gäng¸
French,separer,Gulay,gäng :
French,separer,Kaba,gäng
French,separer,Laka,gäng¸ :
French,separer,Mbay,gäng :
French,separer,Mango,gäng
French,separer,Nar,gäng :
French,separer,Ngambay,gäng :
French,separer,Sar,gäng
French,separer,Ngam,gáñg
French,sept,Bebote,sïrí :
French,sept,Bediondo,s¸rí
French,sept,Daba,més-jöó÷ :
French,sept,Gor,sïrí
French,sept,Gulay,séj¸-mùtÉ :
French,sept,Kaba_Na,mìtíkíjó
French,sept,Kaba,sïrí :
French,sept,Laka,sïrí
French,sept,Mbay,tènÕ-mÕtá :
French,sept,Mango,sïrí s
French,sept,Nar,sïrí :
French,sept,Ngambay,sïrí :
French,sept,Sar,sïÈí
French,sept,Ngam,sïÈí
French,"serment; honneur, justice s",Laka,nàjï :
French,"serment; honneur, justice s",Mbay,nàj¸
French,"serment; honneur, justice s",Nar,nàj¸ :
French,"serment; honneur, justice s",Ngambay,nàjï
French,serpent,Bebote,lï :
French,serpent,Bediondo,lï :
French,serpent,Daba,lï s
French,serpent,Gor,lï :
French,serpent,Gulay,lï :
French,serpent,Kaba_Na,lï
French,serpent,Kaba,lï : Kul=yö :
French,serpent,Laka,lï
French,serpent,Mbay,lïi :
French,serpent,Mango,lï :
French,serpent,Nar,lï
French,serpent,Ngambay,lï :
French,serpent,Sar,lï s
French,serpent,Ngam,lï :
French,"serpent, esp. de",Laka,ndùbù :
French,"serpent, esp. de",Mbay,ndùbÕ
French,"serpent, esp. de",Mango,ndùbÕ :
French,"serpent, esp. de",Ngambay,ndùbù :
French,"serpent, esp. de",Sar,ndùbÕ
French,"serpent, esp. de",Ngam,ndùbÕ
French,serrer,Gulay,nà« :
French,serrer,Kaba_Na,njùrù
French,serrer,Mbay,nÕmä s
French,sésame,Bebote,kÉ :
French,sésame,Bediondo,kÉ :
French,sésame,Daba,kór
French,sésame,Gor,kÉr :
French,sésame,Gulay,kÉr :
French,sésame,Kaba_Na,kóØ
French,sésame,Kaba,kÉr :
French,sésame,Laka,kÉr :
French,sésame,Mbay,kór s
French,sésame,Mango,kÉ :
French,sésame,Nar,kór :
French,sésame,Ngambay,kÉr :
French,sésame,Sar,kó±
French,sésame,Ngam,kór
French,"seul, tout seul",Bebote,kár :
French,"seul, tout seul",Bediondo,kár
French,"seul, tout seul",Gor,kÕ-kár :
French,"seul, tout seul",Gulay,sÆ-kár-µ
French,"seul, tout seul",Kaba,kÕ-kár :
French,"seul, tout seul",Laka,"kár,gÕ-kár"
French,"seul, tout seul",Mbay,kÕ-k‡rä-µ
French,"seul, tout seul",Nar,k‡-kóg¸- :
French,"seul, tout seul",Ngambay,kárí :
French,"seul, tout seul",Sar,ké± s
French,"seul, tout seul",Ngam,kërë
French,seulement,Bebote,jô :
French,seulement,Daba,bŸ :
French,seulement,Gor,pár
French,seulement,Gulay,kúwæ : Kul=háyé
French,seulement,Mbay,kòo-Ñ :
French,seulement,Mango,÷è
French,seulement,Nar,kónö-n¼º :
French,seulement,Ngambay,bàá :
French,seulement,Sar,ngóØ
French,seulement,Ngam,kòönìí
French,sève; glu,Gor,tüw :
French,sève; glu,Gulay,nç s
French,sève; glu,Kaba_Na,tïbï :
French,sève; glu,Laka,Žïbï :
French,sève; glu,Mbay,tïw
French,sève; glu,Nar,tïb¸
French,si,Bebote,sé :
French,si,Bediondo,sé :
French,si,Daba,ké
French,si,Gor,ké :
French,si,Gulay,ké :
French,si,Kaba,sé
French,si,Laka,sé :
French,si,Mbay,ké :
French,si,Mango,sé
French,si,Nar,ké :
French,si,Ngambay,sé :
French,si,Sar,ké
French,fflet,Daba,tïyö :
French,fflet,Gor,töw
French,fflet,Laka,tæb¸ :
French,fflet,Mbay,töw
French,lure : esp. de,Bebote,gúr :
French,lure : esp. de,Bediondo,ndÆ£
French,lure : esp. de,Gulay,njìl :
French,lure : esp. de,Mbay,ndè£ :
French,lure : esp. de,Mango,ndÆ£
French,lure : esp. de,Nar,ndè£ :
French,lure : esp. de,Sar,ndè£
French,lure : esp. de,Bediondo,gàgÕ :
French,lure : esp. de,Kaba_Na,gàgà
French,lure : esp. de,Laka,gàgÕ :
French,lure : esp. de,Mbay,enlevent
French,lure : esp. de,Mango,gàgÕ :
French,lure : esp. de,Sar,gàgÕ
French,lure : esp. de,Ngam,gàgÕ :
French,nge,Bebote,ßÆt¸ :
French,nge,Bediondo,ßÆt¸
French,nge,Daba,ßèt :
French,nge,Gor,ßÆt¸ :
French,nge,Gulay,ßÆt¸
French,nge,Kaba_Na,ßàtï :
French,nge,Kaba,ßÆt¸
French,nge,Laka,ßÆdæ :
French,nge,Mbay,ßèt¸ :
French,nge,Mango,ßÆt¸
French,nge,Nar,ßèt¸ :
French,nge,Ngambay,ßÆd¸ :
French,nge,Sar,ßèt¸
French,nge,Ngam,ßèt¸
French,roter,Bebote,ìw :
French,roter,Gor,Õw : Kul=ùtï
French,roter,Laka,pÆr :
French,roter,Mbay,ìbÕ :
French,roter,Mango,ìbÕ
French,roter,Ngambay,nº :
French,roter,Sar,ùmb¸
French,x,Bebote,mŸhÏ :
French,x,Bediondo,mŸhÏ
French,x,Daba,m¡hª :
French,x,Gor,mŸhÏ
French,x,Gulay,mùtÉ-mùtÉ :
French,x,Kaba_Na,màká
French,x,Kaba,m¡sª : Kul=tíkïrä
French,x,Laka,m¡sª :
French,x,Mbay,k‡-bòy-dèt‡
French,x,Mango,mŸhÏ :
French,x,Nar,mŸhÏ
French,x,Ngambay,m¡sª
French,x,Sar,mŸhÏ
French,x,Ngam,mŸhÏ :
French,if,Bebote,kÕndæ :
French,if,Bediondo,kÕndæ
French,if,Daba,kùndä :
French,if,Gor,kÕndæ
French,if,Gulay,kùndæ :
French,if,Kaba_Na,kùnjä
French,if,Kaba,kùndä :
French,if,Laka,kùndä
French,if,Mbay,kÕndä :
French,if,Mango,kùndæ
French,if,Nar,kÕndæ :
French,if,Ngambay,kùndä :
French,if,Sar,kÕndä
French,if,Ngam,kÕndö-màñ
French,ir,Gor,lò-sîlô :
French,ir,Gulay,lò-sî£
French,ir,Laka,kÕmà-tàg‡
French,ir,Mbay,lò-k‡-sî£-é
French,ir,Nar,lò-sîlí :
French,ir,Ngambay,kùmàtàg‡ :
French,ir,Sar,lò-sî£-í
French,ir,Ngam,lò-sî£
French,soleil,Bebote,kàdÕ :
French,soleil,Bediondo,kàdÕ
French,soleil,Daba,kàd :
French,soleil,Gor,kàdÕ :
French,soleil,Gulay,kàdÕ
French,soleil,Kaba,kàr : Kul=hàjà :
French,soleil,Laka,kàr
French,soleil,Mbay,kàdÕ :
French,soleil,Mango,kàdÕ
French,soleil,Nar,mbàng :
French,soleil,Ngambay,kàr :
French,soleil,Sar,mbàng
French,soleil,Ngam,kàdÕ
French,solitude,Bediondo,kàl :
French,solitude,Kaba_Na,nè-kàlà
French,solitude,Mbay,kàl :
French,solitude,Nar,kàl
French,"sombre, nuit",Bediondo,tÕl :
French,"sombre, nuit",Gor,tìl :
French,"sombre, nuit",Gulay,tìl
French,"sombre, nuit",Kaba_Na,sìlï :
French,"sombre, nuit",Kaba,tìl
French,"sombre, nuit",Laka,ŽìŽím¸rï :
French,"sombre, nuit",Mbay,tìl
French,"sombre, nuit",Mango,tìl :
French,"sombre, nuit",Nar,tìl :
French,"sombre, nuit",Ngambay,tìl :
French,"sombre, nuit",Sar,tìl
French,"sombre, nuit",Ngam,tìl
French,somnoler,Gulay,næl :
French,somnoler,Laka,lÉng¸
French,somnoler,Mbay,táñ :
French,somnoler,Mango,lÉng¸
French,somnoler,Nar,tún :
French,somnoler,Sar,túñ
French,son de mil,Bebote,bÕnð :
French,son de mil,Bediondo,bÕnæ
French,son de mil,Gor,bÕnð :
French,son de mil,Gulay,b¡nð
French,son de mil,Kaba_Na,gìrà :
French,son de mil,Kaba,‡-ßÆñg
French,son de mil,Laka,bìnä :
French,son de mil,Mbay,"bÕnä,bÕnº"
French,son de mil,Mango,b¡nð :
French,son de mil,Nar,bÕnæ
French,son de mil,Ngambay,bìnä
French,son de mil,Sar,bÕnä
French,son de mil,Ngam,bÕnä :
French,"son, sa",Bebote,-É :
French,"son, sa",Bediondo,è :
French,"son, sa",Daba,-á
French,"son, sa",Gor,-nè :
French,"son, sa",Gulay,-é :
French,"son, sa",Kaba,-é
French,"son, sa",Laka,-é :
French,"son, sa",Mbay,-á :
French,"son, sa",Mango,-é
French,"son, sa",Nar,-µ :
French,"son, sa",Ngambay,-é
French,"son, sa",Sar,-µ
French,"son, sa",Ngam,-µ :
French,sorcier,Bebote,kÕmð :
French,sorcier,Bediondo,kÕmæ
French,sorcier,Daba,mä• :
French,sorcier,Gor,"njÆ-k“mð,kùw"
French,sorcier,Gulay,kùmð :
French,sorcier,Kaba,kùmä
French,sorcier,Laka,njè-mbþ :
French,sorcier,Mbay,kÕmä
French,sorcier,Mango,njè-yò :
French,sorcier,Nar,kÕmð
French,sorcier,Ngambay,njè-kùmä :
French,sorcier,Sar,kÕmä
French,sorgho,Bebote,gîjÕ :
French,sorgho,Bediondo,gîjÕ
French,sorgho,Gor,gîjÕ :
French,sorgho,Gulay,gîjÕ
French,sorgho,Kaba_Na,gîjè :
French,sorgho,Kaba,mîkôy
French,sorgho,Laka,mùgäy :
French,sorgho,Mbay,gîjÕ :
French,sorgho,Mango,gîj
French,Langues Sara,Nar,gîjÕ :
French,Langues Sara,Ngambay,gîjì
French,Langues Sara,Sar,gîjÕ
French,sortir,Bebote,tŸþ :
French,sortir,Daba,tèë :
French,sortir,Gulay,tèë
French,sortir,Kaba_Na,tàkï :
French,sortir,Kaba,tèë
French,sortir,Laka,Žè :
French,sortir,Mbay,tèë
French,sortir,Mango,tŸþ :
French,sortir,Nar,tèë
French,sortir,Ngambay,"tèë,tŸþ :"
French,sortir,Sar,tèë
French,souche,Bebote,jïg¸ :
French,souche,Bediondo,j¸g¸
French,souche,Daba,jïg :
French,souche,Gor,jïg¸ :
French,souche,Gulay,jïg¸
French,souche,Kaba_Na,gïgï :
French,souche,Kaba,jïk¸
French,souche,Laka,jïgï :
French,souche,Mbay,gïg¸ :
French,souche,Mango,jïg¸
French,souche,Nar,bëdë :
French,souche,Ngambay,jïgï :
French,souche,Sar,b¸dë
French,souche,Ngam,b¸dë
French,sourd-muet,Laka,njè-mbï-kù÷ü
French,sourd-muet,Mbay,mbóo :
French,sourd-muet,Mango,mbíkï
French,sourd-muet,Nar,mbíkï
French,"sous, dessous",Bebote,gín :
French,"sous, dessous",Bediondo,g‡n
French,"sous, dessous",Gor,g‡n :
French,"sous, dessous",Gulay,gír :
French,"sous, dessous",Kaba_Na,mèy
French,"sous, dessous",Kaba,gÉl :
French,"sous, dessous",Laka,gÉl :
French,"sous, dessous",Mbay,gír
French,"sous, dessous",Mango,gín :
French,"sous, dessous",Nar,gír :
French,"sous, dessous",Ngambay,gél :
French,"sous, dessous",Sar,gír
French,"sous, dessous",Ngam,gír
French,spatule en bois,Bebote,gÆæ :
French,spatule en bois,Bediondo,gÆæ
French,spatule en bois,Daba,ká-gè® :
French,spatule en bois,Gor,gÆ® :
French,spatule en bois,Gulay,gÆ®
French,spatule en bois,Kaba,gÆ® :
French,spatule en bois,Laka,gÆ® :
French,spatule en bois,Mbay,gè®
French,spatule en bois,Mango,gÆæ :
French,spatule en bois,Nar,gè® :
French,spatule en bois,Ngambay,gÆ® :
French,spatule en bois,Sar,gè®
French,spatule en bois,Ngam,gè®
French,stérilité,Bebote,kùjÕ :
French,stérilité,Bediondo,kùjÕ
French,stérilité,Gor,kùjÕ :
French,stérilité,Gulay,kùjù
French,stérilité,Kaba_Na,kùjì :
French,stérilité,Laka,kàdÕ
French,stérilité,Mbay,kùjÕ :
French,stérilité,Mango,kùjÕ
French,stérilité,Nar,kùjÕ :
French,stérilité,Ngambay,kàdÕ :
French,stérilité,Sar,kùjÕ
French,stérilité,Ngam,kùjÕ
French,sucer,Bediondo,nj‡b¸ :
French,sucer,Daba,njíb
French,sucer,Gor,njü :
French,sucer,Gulay,njíb‡
French,sucer,Kaba_Na,njóßü :
French,sucer,Laka,njíßï
French,sucer,Mbay,njúü :
French,sucer,Mango,njíb¸
French,sucer,Nar,njíb¸ :
French,sucer,Ngambay,njíbï :
French,sucer,Sar,njíb¸
French,sucer,Ngam,njúß¸
French,sucer,Bebote,nïng‡ :
French,sucer,Bediondo,n¸ng‡
French,sucer,Daba,nëÑg :
French,sucer,Gor,nïng‡
French,sucer,Mbay,nïÑg :
French,sucer,Mango,nïÑg
French,sucer,Nar,lëÑg :
French,sucer,Ngam,Å t
French,sucer (enfant),Bebote,ìl :
French,sucer (enfant),Bediondo,Õl :
French,sucer (enfant),Daba,ìl
French,sucer (enfant),Gor,ìl :
French,sucer (enfant),Gulay,ìl :
French,sucer (enfant),Kaba,ìl t
French,sucer (enfant),Laka,ìl :
French,sucer (enfant),Mbay,ìl :
French,sucer (enfant),Mango,ìl
French,sucer (enfant),Nar,ìl :
French,sucer (enfant),Ngambay,ìl
French,sucer (enfant),Sar,ìl
French,sucer (enfant),Ngam,yìl :
French,sucré : être t,Bebote,mbº :
French,sucré : être t,Bediondo,lÉnd¸
French,sucré : être t,Daba,rëp :
French,sucré : être t,Gor,mbàñ :
French,sucré : être t,Gulay,línd¸
French,sucré : être t,Kaba_Na,ndërë :
French,sucré : être t,Kaba,rí :
French,sucré : être t,Laka,rïí t
French,sucré : être t,Mbay,yïk¸ :
French,sucré : être t,Mango,línd¸
French,sucré : être t,Nar,nè£ :
French,sucré : être t,Ngambay,rïí
French,sucré : être t,Sar,lúnd¸
French,sucré : être t,Ngam,nïk¸ :
French,sueur; suer,Bebote,tÆt¸ :
French,sueur; suer,Bediondo,tÆt¸
French,sueur; suer,Daba,tòt :
French,sueur; suer,Gor,tùt¸ :
French,sueur; suer,Gulay,tÆt¸
French,sueur; suer,Kaba,tÆt¸ :
French,sueur; suer,Laka,tÆdæ t
French,sueur; suer,Mbay,tùtö :
French,sueur; suer,Mango,tÆt¸
French,sueur; suer,Nar,tètë :
French,sueur; suer,Ngambay,tÆd¸ :
French,sueur; suer,Sar,tòtö
French,sueur; suer,Ngam,tÕtö
French,suivre,Gulay,ndòlè :
French,suivre,Mbay,ndúlö
French,suivre,Mango,ndòlè
French,"sur, dans t",Bebote,dî :
French,"sur, dans t",Bediondo,dî :
French,"sur, dans t",Daba,dî
French,"sur, dans t",Gor,dî :
French,"sur, dans t",Gulay,dÆ :
French,"sur, dans t",Kaba_Na,jî
French,"sur, dans t",Kaba,dî : Kul=tà»-jî :
French,"sur, dans t",Laka,dî
French,"sur, dans t",Mbay,dî :
French,"sur, dans t",Mango,dî :
French,"sur, dans t",Nar,dî
French,"sur, dans t",Ngambay,dî :
French,"sur, dans t",Sar,dî
French,tabac,Bebote,máng¸ :
French,tabac,Bediondo,dî-bü-b¸yð t
French,tabac,Daba,máñg :
French,tabac,Gor,máng¸
French,tabac,Gulay,máng :
French,tabac,Kaba_Na,sèlí
French,tabac,Kaba,máñg :
French,tabac,Laka,g¼w-y¼
French,tabac,Mbay,"máng, lîw :"
French,tabac,Mango,máñg
French,tabac,Nar,máng :
French,tabac,Ngambay,sà
French,tabac,Sar,máµg
French,tabac,Ngam,máng :
French,tabouret t,Bebote,k¸mbær :
French,tabouret t,Bediondo,k¸mbær
French,tabouret t,Daba,"käg-njì,mbätä"
French,tabouret t,Gor,k‡mbÉr :
French,tabouret t,Gulay,kálï
French,tabouret t,Kaba_Na,mbätä :
French,tabouret t,Kaba,mbätä
French,tabouret t,Laka,mbädä :
French,tabouret t,Mbay,mbätä
French,tabouret t,Mango,kálï :
French,tabouret t,Nar,kömbër
French,tabouret t,Ngambay,kálï
French,tabouret t,Sar,kömbëÈé
French,tabouret t,Ngam,këmbëÈë :
French,"cher,enduire (d'huile)",Gulay,rét‡ :
French,"cher,enduire (d'huile)",Mbay,lát¸
French,"cher,enduire (d'huile)",Mango,rát¸
French,iller; affûter,Daba,tôl :
French,iller; affûter,Gor,tôl
French,iller; affûter,Kaba,tôl :
French,iller; affûter,Laka,tôl :
French,iller; affûter,Mbay,tôl
French,iller; affûter,Mango,tôl :
French,iller; affûter,Nar,tôl :
French,iller; affûter,Ngambay,tôl
French,lon,Bediondo,g‡d¸ :
French,lon,Laka,gír-gîl
French,lon,Mbay,gíd‡ :
French,lon,Nar,gánd¸
French,marinier,Bebote,màs¸ :
French,marinier,Bediondo,màs¸
French,marinier,Daba,màs :
French,marinier,Gor,màs¸ :
French,marinier,Gulay,màs¸
French,marinier,Kaba,màs¸ :
French,marinier,Laka,màs¸
French,marinier,Mbay,màs¸ :
French,marinier,Mango,màs¸
French,marinier,Nar,màs¸ :
French,marinier,Ngambay,màs¸ :
French,marinier,Sar,màs¸
French,marinier,Ngam,màs¸
French,mbour,Bebote,kîdÕ :
French,mbour,Bediondo,kîdÕ
French,mbour,Daba,kîd :
French,mbour,Gor,kîdÕ :
French,mbour,Gulay,kîdÕ
French,mbour,Kaba,dàlè :
French,mbour,Laka,dàlè
French,mbour,Mbay,kîdÕ :
French,mbour,Nar,kîdÕ
French,mbour,Ngambay,dàlè
French,mbour,Sar,kîdÕ
French,mbour,Ngam,kîdÕ :
French,mbour à deux faces,Bebote,dàlè :
French,mbour à deux faces,Bediondo,dàlè
French,mbour à deux faces,Gor,dàlà :
French,mbour à deux faces,Gulay,dàlè
French,mbour à deux faces,Kaba_Na,ndùm :
French,mbour à deux faces,Kaba,bïr¸m
French,mbour à deux faces,Laka,dàlè :
French,mbour à deux faces,Mbay,dàlì
French,mbour à deux faces,Nar,dàlìyà :
French,mbour à deux faces,Ngambay,dàlè
French,mbour à deux faces,Sar,"dàlè,dàlyà"
French,"mbour, grand",Bediondo,gáng¸ :
French,"mbour, grand",Gor,gáng¸
French,"mbour, grand",Gulay,gángá :
French,"mbour, grand",Kaba_Na,dälä
French,"mbour, grand",Kaba,gáñg :
French,"mbour, grand",Laka,bòlò
French,"mbour, grand",Mbay,gáng :
French,"mbour, grand",Mango,gáñg
French,"mbour, grand",Nar,gángá :
French,"mbour, grand",Ngambay,gáñg :
French,"mbour, grand",Sar,gángá
French,"mbour, grand",Ngam,gángá
French,mis,Bebote,tŸmþ :
French,mis,Bediondo,tÐmþ
French,mis,Gulay,tèmë :
French,mis,Kaba_Na,tèmë :
French,mis,Laka,t¼mþ
French,mis,Mbay,"tèmë,tŸmþ :"
French,mis,Mango,tèmë
French,Français,Nar,tŸmþ :
French,Français,Ngambay,tèmë
French,Français,Sar,tèmë
French,tamis : sorte de,Bediondo,yàtè :
French,tamis : sorte de,Gor,ìyàtìyà
French,tamis : sorte de,Gulay,jÆng-læng :
French,tamis : sorte de,Mbay,yàtÕ
French,tamis : sorte de,Mango,yàtè :
French,tamis : sorte de,Ngambay,yàdÕ
French,tamis : sorte de,Sar,sàñ-ndíï
French,tamis : sorte de,Bediondo,sàñ :
French,tamis : sorte de,Daba,kírë
French,tamis : sorte de,Gor,sàñ :
French,tamis : sorte de,Laka,sàñ :
French,tamis : sorte de,Mbay,sàñ
French,tamis : sorte de,Ngambay,sàñ
French,tamiser,Gulay,sïyæ :
French,tamiser,Kaba_Na,góngö
French,tamiser,Laka,dàl :
French,tamiser,Mbay,s¸kä :
French,tamiser,Nar,sïyæ
French,tamiser,Ngambay,sä
French,tamiser,Mbay,sïyä :
French,tamiser,Mango,sïyæ
French,tamiser,Sar,sïyä
French,tante paternelle,Bebote,bÐñ :
French,tante paternelle,Bediondo,bÆñ :
French,tante paternelle,Daba,bŸ®
French,tante paternelle,Gor,bÆñ :
French,tante paternelle,Gulay,bèñ :
French,tante paternelle,Kaba_Na,bè…ë
French,tante paternelle,Kaba,bàn : Kul=vènü :
French,tante paternelle,Laka,bìñ
French,tante paternelle,Mbay,b¼® :
French,tante paternelle,Mango,bÆñ :
French,tante paternelle,Nar,bèñ
French,tante paternelle,Ngambay,bèñ :
French,tante paternelle,Sar,bèñ
French,tapioca blanc,Bebote,gæ :
French,tapioca blanc,Bediondo,gÉ :
French,tapioca blanc,Gor,gær
French,tapioca blanc,Gulay,gÉr :
French,tapioca blanc,Kaba_Na,gáØ :
French,tapioca blanc,Laka,gÉr
French,tapioca blanc,Mbay,ndër :
French,tapioca blanc,Mango,gÉ :
French,tapioca blanc,Nar,gër
French,tapioca blanc,Sar,gé±
French,tarir,Bebote,ìï :
French,tarir,Bediondo,ìï :
French,tarir,Daba,ìï
French,tarir,Gor,ìï :
French,tarir,Gulay,ìï :
French,tarir,Kaba_Na,ròkü
French,tarir,Kaba,ìï :
French,tarir,Laka,ìï :
French,tarir,Mbay,ìï
French,tarir,Mango,ìï :
French,tarir,Nar,ìï :
French,tarir,Ngambay,ìï
French,tarir,Sar,ìï
French,tas,Kaba_Na,ßáà :
French,tas,Mbay,düu
French,tas,Sar,düb¸
French,te (acc. s.),Bebote,-ï :
French,te (acc. s.),Bediondo,-ï :
French,te (acc. s.),Daba,-ï
French,te (acc. s.),Gor,-ï :
French,te (acc. s.),Gulay,-ï :
French,te (acc. s.),Kaba_Na,"ì,ï"
French,te (acc. s.),Kaba,-ï : Kul=kï :
French,te (acc. s.),Laka,-ï
French,te (acc. s.),Mbay,-ï :
French,te (acc. s.),Mango,-ï :
French,te (acc. s.),Nar,-ï
French,te (acc. s.),Ngambay,-ï :
French,te (acc. s.),Sar,-ï
French,te (acc. s.),Ngam,-ï :
French,tendons (de viande),Bebote,ngÕrÆ :
French,tendons (de viande),Bediondo,ngÕrÆ
French,tendons (de viande),Daba,ngìrà :
French,tendons (de viande),Gor,ngÕrÆ
French,Langues Sara,Gulay,ngìrÆ :
French,Langues Sara,Kaba,ngìrà
French,Langues Sara,Mbay,ngÕrà :
French,Langues Sara,Mango,ngìrÆ
French,Langues Sara,Nar,ngÕrÆ :
French,Langues Sara,Ngambay,ngìrà
French,Langues Sara,Ngam,ngÕÈà
French,termite : esp. de,Gor,dôngÕrî
French,termite : esp. de,Laka,‡-dÅngÕrÇÅ
French,termite : esp. de,Mbay,kóo-dòngÕr :
French,termite : esp. de,Mango,dîngÕrî
French,termite : esp. de,Nar,dîngÕrî
French,termite ailé,Bebote,wº :
French,termite ailé,Bediondo,wº :
French,termite ailé,Daba,wº
French,termite ailé,Gor,wº :
French,termite ailé,Gulay,wº
French,termite ailé,Kaba_Na,kí-yèmbé :
French,termite ailé,Kaba,wº
French,termite ailé,Laka,wº :
French,termite ailé,Mbay,wº½ :
French,termite ailé,Mango,wº
French,termite ailé,Nar,wº :
French,termite ailé,Ngambay,wº :
French,termite ailé,Sar,wº
French,termite blanc,Bebote,yç :
French,termite blanc,Bediondo,yç :
French,termite blanc,Daba,yç
French,termite blanc,Gor,yç :
French,termite blanc,Gulay,yç :
French,termite blanc,Kaba,yç
French,termite blanc,Laka,yç :
French,termite blanc,Mbay,yç¢ :
French,termite blanc,Mango,sûlûlû
French,termite blanc,Nar,yç :
French,termite blanc,Ngambay,yç
French,termite blanc,Sar,yç
French,termite blanc,Ngam,yç :
French,"terre, sol",Bebote,nàngÕ :
French,"terre, sol",Bediondo,nàngÕ
French,"terre, sol",Daba,nèng :
French,"terre, sol",Gor,nàngÕ
French,"terre, sol",Gulay,nàng :
French,"terre, sol",Kaba,nàng
French,"terre, sol",Laka,nàngÕ
French,"terre, sol",Mbay,nàng :
French,"terre, sol",Mango,nàngá
French,"terre, sol",Nar,nàng :
French,"terre, sol",Ngambay,nàng :
French,"terre, sol",Sar,nàng
French,"terre, sol",Ngam,dî-nìngÕ
French,terre; territoire,Bebote,dî-nàng :
French,terre; territoire,Bediondo,dî-nàngÕ
French,terre; territoire,Daba,dî-nèng :
French,terre; territoire,Gor,"dî-kûr,ßë"
French,terre; territoire,Gulay,dÆ-nàng :
French,terre; territoire,Kaba_Na,ngáä
French,terre; territoire,Kaba,dî-nàng :
French,terre; territoire,Laka,dî-nàngÕ
French,terre; territoire,Mbay,dà-nàng :
French,terre; territoire,Mango,dî-nàng
French,terre; territoire,Nar,dî-nàng :
French,terre; territoire,Ngambay,dî-nàng :
French,terre; territoire,Sar,dî-nàng
French,terre; territoire,Ngam,nìng
French,testicules,Bebote,ngòr :
French,testicules,Bediondo,gÆm
French,testicules,Daba,gù® :
French,testicules,Gor,ngîr :
French,testicules,Gulay,gùm
French,testicules,Kaba_Na,gà« :
French,testicules,Kaba,gÆm :
French,testicules,Laka,gÆm
French,testicules,Mbay,ndîm :
French,testicules,Mango,kûr-gÆm
French,testicules,Nar,ndàm :
French,testicules,Ngambay,gÆm :
French,testicules,Sar,ndàm
French,testicules,Ngam,ndàm
French,tête,Bebote,dî :
French,tête,Bediondo,dî :
French,tête,Daba,dî
French,tête,Gor,dî :
French,tête,Gulay,dÆ :
French,tête,Kaba_Na,jîû
French,tête,Kaba,dî : Kul=jî :
French,tête,Mbay,dî
French,tête,Mango,dî :
French,tête,Nar,dî :
French,tête,Ngambay,dî :
French,tête,Sar,dî
French,tête,Ngam,dî
French,tibia t,Bebote,käs¸ :
French,tibia t,Bediondo,käs¸
French,tibia t,Daba,käs :
French,tibia t,Gor,käs¸-njà
French,tibia t,Gulay,käs¸ :
French,tibia t,Kaba_Na,ßîlû
French,tibia t,Kaba,nÅ-gîl :
French,tibia t,Laka,pörö-käs¸
French,tibia t,Mbay,käs¸ :
French,tibia t,Mango,kæm-njà
French,tibia t,Nar,käs¸ :
French,tibia t,Ngambay,käg¸-gîl :
French,tibia t,Sar,käs¸
French,tibia t,Ngam,käs¸ t
French,tiède : être,Gulay,îb¸ :
French,tiède : être,Laka,púrá-pö t
French,tiède : être,Mbay,îû
French,tige,Bebote,kád¸ :
French,tige,Bediondo,kád¸
French,tige,Daba,kád :
French,tige,Gor,kád¸ :
French,tige,Gulay,kád‡
French,tige,Kaba_Na,kádà :
French,tige,Kaba,kár¸ :
French,tige,Laka,ká®
French,tige,Mbay,kád‡ :
French,tige,Mango,kád¸ t
French,tige,Nar,kád¸ :
French,tige,Ngambay,ká® :
French,tige,Sar,kàl t
French,tige,Ngam,gád‡
French,tique,Bebote,m¡yÐ :
French,tique,Bediondo,mÕyÐ
French,tique,Daba,mŸ :
French,tique,Gor,mŸ :
French,tique,Gulay,mŸ
French,tique,Kaba_Na,…èy :
French,tique,Kaba,m¡y¼
French,tique,Laka,‡-m¡y¼ :
French,tique,Mbay,mŸõ :
French,tique,Mango,mìyÐ
French,tique,Nar,m¡yÐ :
French,tique,Ngambay,m¡y¼ t
French,tique,Sar,m¡y¼
French,tirer,Bebote,ndô® :
French,tirer,Bediondo,ndôr
French,tirer,Daba,ndôr :
French,tirer,Gor,îr :
French,tirer,Gulay,ndôr
French,tirer,Kaba_Na,îrè :
French,tirer,Kaba,ndô®
French,tirer,Laka,ndôr
French,tirer,Mbay,ndô® :
French,tirer,Mango,ndô® :
French,tirer,Nar,îr t
French,tirer,Ngambay,ndôr :
French,tirer,Sar,ndô®
French,toile d'araignée,Bebote,jîndë :
French,toile d'araignée,Bediondo,jòndë
French,toile d'araignée,Gor,jîndë :
French,toile d'araignée,Gulay,gìndæ
French,toile d'araignée,Kaba_Na,yà :
French,toile d'araignée,Kaba,gìndö
French,toile d'araignée,Laka,"jòndö, bánd¸ :"
French,toile d'araignée,Mbay,dùndö
French,toile d'araignée,Mango,jìndæ :
French,toile d'araignée,Nar,jîndû t
French,toile d'araignée,Ngambay,gìndö
French,toile d'araignée,Sar,dîndû
French,toile d'araignée,Ngam,dÕndö :
French,tombe t,Bediondo,ßád¸ :
French,tombe t,Gor,dî-ßád¸
French,tombe t,Gulay,dÆ-ßád‡ :
French,tombe t,Kaba_Na,ßádà
French,tombe t,Kaba,dî-bá® :
French,tombe t,Laka,dî-ßár¸
French,tombe t,Mbay,dà-ßád‡ :
French,tombe t,Mango,dî-ßád¸
French,tombe t,Nar,dÆ-ßád¸ :
French,tombe t,Ngambay,dî-ßár :
French,tombe t,Sar,dî-ßádÕ
French,tombe t,Ngam,ßád‡
French,mber,Bebote,òs¸ :
French,mber,Bediondo,òs¸ :
French,mber,Daba,ìsö
French,mber,Gor,òs¸ :
French,mber,Gulay,òsö :
French,mber,Kaba_Na,ìsö
French,mber,Kaba,òsö : Kul=ìsö :
French,mber,Laka,òsö
French,mber,Mbay,sö :
French,mber,Mango,ùs¸ :
French,mber,Nar,òsö
French,mber,Ngambay,òsö :
French,mber,Sar,òsö
French,mber,Ngam,Õsö :
French,mber (en groupe),Gulay,tósó :
French,mber (en groupe),Mbay,t‡sö
French,mber (en groupe),Mango,tús¸ :
French,mber (en groupe),Sar,t‡sö
French,mber (pluie),Bebote,ÆdÕ :
French,mber (pluie),Bediondo,ÆdÕ :
French,mber (pluie),Daba,èd
French,mber (pluie),Gor,ÆdÕ :
French,mber (pluie),Gulay,ÆdÕ :
French,mber (pluie),Kaba_Na,àrì
French,mber (pluie),Kaba,Ær : Kul=àrì :
French,mber (pluie),Laka,Ær
French,mber (pluie),Mbay,èdÕ :
French,mber (pluie),Mango,ÆdÕ :
French,mber (pluie),Ngambay,Ær :
French,mber (pluie),Sar,èdÕ
French,mber (pluie),Ngam,yèdÕ
French,mber par terre,Mbay,ù® :
French,mber par terre,Mango,ùr :
French,mber par terre,Sar,ùÊ
French,"n, ta; toi",Bebote,-í :
French,"n, ta; toi",Bediondo,-í :
French,"n, ta; toi",Daba,-í
French,"n, ta; toi",Gor,-í :
French,"n, ta; toi",Gulay,-í :
French,"n, ta; toi",Kaba_Na,í
French,"n, ta; toi",Kaba,-í : Kul=y¨ :
French,"n, ta; toi",Laka,-í
French,"n, ta; toi",Mbay,-í :
French,"n, ta; toi",Mango,-í :
French,"n, ta; toi",Nar,-í
French,"n, ta; toi",Ngambay,-í :
French,"n, ta; toi",Sar,-í
French,"n, ta; toi",Ngam,-í :
French,rche de paille,Bebote,ngÆ£ :
French,rche de paille,Bediondo,ngÆ£
French,rche de paille,Gor,ngÆ£ :
French,rche de paille,Gulay,tùsù
French,rche de paille,Kaba_Na,mbòhö :
French,rche de paille,Kaba,ngÆ£
French,rche de paille,Laka,ngÆ£ :
French,rche de paille,Mbay,ngè£ :
French,rche de paille,Mango,ngÆ£
French,rche de paille,Nar,ngè£ :
French,rche de paille,Ngambay,ngè£ :
French,rche de paille,Sar,ngè£
French,rche de paille,Ngam,ngè£
French,rdre; être courbé,Bebote,÷ùgÕ :
French,rdre; être courbé,Bediondo,rùgÕ
French,rdre; être courbé,Daba,÷ùg :
French,rdre; être courbé,Gor,÷ùgÕ :
French,rdre; être courbé,Gulay,÷ùgù
French,rdre; être courbé,Kaba_Na,góØ :
French,rdre; être courbé,Kaba,÷ùkù :
French,rdre; être courbé,Laka,÷ùgù
French,rdre; être courbé,Mbay,÷ùgÕ :
French,rdre; être courbé,Mango,÷ùgÕ
French,rdre; être courbé,Nar,÷ùgÕ :
French,rdre; être courbé,Ngambay,÷ùgù :
French,rdre; être courbé,Sar,rùgÕ
French,rdre; être courbé,Ngam,÷ùgÕ
French,rdu : être,Mbay,ndüy :
French,rdu : être,Mango,ndü
French,rdu : être,Sar,ndüÈ
French,rtue : esp. de,Bebote,mÐy :
French,rtue : esp. de,Bediondo,mÐy :
French,rtue : esp. de,Daba,mŸ
French,rtue : esp. de,Gor,mŸ :
French,rtue : esp. de,Gulay,mÐy :
French,rtue : esp. de,Kaba_Na,mà…ù
French,Français,Kaba,mÐy :
French,Français,Laka,mÐy :
French,Français,Mbay,mŸõ
French,Français,Mango,mÐy :
French,Français,Nar,mŸ :
French,Français,Ngambay,mÐy :
French,Français,Sar,mŸ
French,Français,Ngam,mŸ
French,tortue : esp. de,Bebote,bÉl :
French,tortue : esp. de,Bediondo,bÉl
French,tortue : esp. de,Gor,bö• :
French,tortue : esp. de,Mbay,bö• :
French,tortue : esp. de,Nar,bü•
French,tortue : esp. de,Sar,ngó¥
French,tortue : esp. de,Ngam,bö• :
French,toucher,Bebote,îdÕ :
French,toucher,Bediondo,îdÕ :
French,toucher,Daba,îd
French,toucher,Gor,îdÕ :
French,toucher,Gulay,îdÕ :
French,toucher,Kaba_Na,îdî
French,toucher,Kaba,îrù :
French,toucher,Laka,î® :
French,toucher,Mbay,îdÕ
French,toucher,Mango,îdÕ :
French,toucher,Nar,îdÕ :
French,toucher,Ngambay,îdÕ
French,toucher,Sar,îdÕ
French,"toujours, souvent",Bebote,dûrô :
French,"toujours, souvent",Bediondo,ngándáng‡
French,"toujours, souvent",Gor,kÕ-ndû-g¸-pÉt‡
French,"toujours, souvent",Gulay,ndû-g¸ :
French,"toujours, souvent",Laka,jágá
French,"toujours, souvent",Mbay,kÕ-ndä-ndûû-g¸
French,"toujours, souvent",Mango,ndŸÏ-ndŸÏ
French,"toujours, souvent",Nar,ngándáng
French,"toujours, souvent",Sar,kÕ-ndû-g¸
French,"toujours, souvent",Ngam,tÕ-ndûg¸
French,tourbillon,Bebote,lÉl-mä• :
French,tourbillon,Daba,nél-mä•
French,tourbillon,Gor,nÉl-mä•
French,tourbillon,Gulay,ngà-nÉl-mä•
French,tourbillon,Kaba_Na,…élè-mälá :
French,tourbillon,Laka,børª
French,tourbillon,Mbay,nél-mä• :
French,tourbillon,Mango,yÉl-mä•
French,tourbillon,Nar,nél-mä• :
French,tourbillon,Ngambay,lél-mä•
French,tourbillon,Ngam,nélmä•
French,"tourner, se",Bebote,ndür :
French,"tourner, se",Gor,ndür
French,"tourner, se",Gulay,ndür :
French,"tourner, se",Laka,ndü© :
French,"tourner, se",Mbay,ndür
French,"tourner, se",Nar,tür :
French,"tourner, se",Ngambay,ndür
French,"tournoyer, secouer",Gulay,bí :
French,"tournoyer, secouer",Kaba_Na,bíï :
French,"tournoyer, secouer",Laka,bï•
French,"tournoyer, secouer",Mbay,bíï
French,tous,Bebote,láy :
French,tous,Bediondo,láy
French,tous,Daba,kéré :
French,tous,Gor,pÉt‡
French,tous,Gulay,màlàng :
French,tous,Kaba,tÇy
French,tous,Laka,tÇy
French,tous,Mbay,túu-bè :
French,tous,Mango,láy
French,tous,Nar,màlàng :
French,tous,Ngambay,láy :
French,tous,Sar,màlàng
French,tous,Ngam,kûráy
French,tousser,Bebote,kÉs¸ :
French,tousser,Bediondo,kÉs¸
French,tousser,Daba,kés :
French,tousser,Gor,"kÉs¸,késï"
French,tousser,Gulay,kás‡ :
French,tousser,Kaba_Na,kásï
French,tousser,Kaba,kÉs¸ :
French,tousser,Laka,kés¸
French,tousser,Mbay,kés¸ :
French,tousser,Mango,kÉs¸
French,tousser,Nar,kés¸ :
French,tousser,Ngambay,kés¸
French,tousser,Sar,kés¸
French,trace de,Kaba_Na,gòtò :
French,trace de,Mbay,gòtÕ
French,trace de,Ngambay,gòdÕ
French,trace de,Sar,gòtÕ
French,trace de,Ngam,gòtÕ :
French,traire; presser avec main,Bebote,órë :
French,traire; presser avec main,Bediondo,mbórë
French,traire; presser avec main,Gulay,mbóré :
French,traire; presser avec main,Kaba,mbôrë
French,traire; presser avec main,Laka,òrè :
French,traire; presser avec main,Mbay,mbúrö
French,traire; presser avec main,Mango,"mbórë,òrè :"
French,traire; presser avec main,Nar,mbérë
French,traire; presser avec main,Ngambay,tÉr
French,traire; presser avec main,Sar,mb‡Èë
French,traire; presser avec main,Ngam,mb‡rë :
French,tranchant : être,Bebote,àtÕ :
French,tranchant : être,Bediondo,àtÕ :
French,tranchant : être,Daba,àt
French,tranchant : être,Gor,àtÕ :
French,tranchant : être,Gulay,àtÕ :
French,tranchant : être,Kaba,àtÕ
French,tranchant : être,Laka,àd¸ :
French,tranchant : être,Mbay,àtÕ :
French,tranchant : être,Mango,àtÕ
French,tranchant : être,Nar,àtÕ :
French,tranchant : être,Ngambay,àdÕ
French,tranchant : être,Sar,àtÕ
French,tranchant : être,Ngam,àtÕ :
French,travail,Bebote,kÕlÆ :
French,travail,Bediondo,kÕlÆ
French,travail,Daba,kùlà :
French,travail,Gor,kùlÆ :
French,travail,Gulay,kùlÆ
French,travail,Kaba_Na,kìlà :
French,travail,Kaba,kùlà
French,travail,Laka,kùlà
French,travail,Mbay,kÕlà :
French,travail,Mango,kùlÆ
French,travail,Nar,kÕlÆ :
French,travail,Ngambay,kùlà :
French,travail,Sar,kÕlà
French,travail,Ngam,kÕlà
French,traverser,Laka,dðrÜ :
French,traverser,Mbay,dër
French,traverser,Sar,g‡lá
French,"traverser, passer",Bebote,ùr :
French,"traverser, passer",Bediondo,dæ :
French,"traverser, passer",Gor,dær
French,"traverser, passer",Gulay,dær :
French,"traverser, passer",Kaba,gäng :
French,"traverser, passer",Laka,ndày
French,"traverser, passer",Mbay,dër :
French,"traverser, passer",Mango,dæ :
French,"traverser, passer",Nar,tèë
French,"traverser, passer",Ngambay,dæs‡ :
French,"traverser, passer",Sar,män
French,"traverser, passer",Ngam,män :
French,trembler,Bebote,dàd¸ :
French,trembler,Bediondo,dàd¸
French,trembler,Daba,ndèb :
French,trembler,Gor,dàd¸
French,trembler,Gulay,ndÆbÕ :
French,trembler,Kaba_Na,ìndà
French,trembler,Kaba,ìsà :
French,trembler,Laka,ìsà
French,trembler,Mbay,"ndèw,èw :"
French,trembler,Mango,"dàd¸,ndèbÕ"
French,trembler,Nar,ndèbè :
French,trembler,Ngambay,dàd¸ :
French,trembler,Sar,ndèbÕ
French,trembler,Ngam,ndèbÕ
French,tremper,Bebote,yûlû :
French,tremper,Bediondo,y¸l t
French,tremper,Gulay,ùlÆ :
French,tremper,Kaba,yöm :
French,tremper,Laka,yïl
French,tremper,Mbay,yïl :
French,tremper,Mango,yïl :
French,tremper,Nar,nöm
French,tremper,Ngambay,kÆñ :
French,tremper,Sar,nüm t
French,trente,Bebote,dî-mÕtÉ :
French,trente,Daba,dî-mîtá
French,trente,Gor,dî-mùtÉ :
French,trente,Gulay,kûr-mùtÉ
French,trente,Kaba,dî-mùtá : Kul=kóò
French,trente,Laka,dî-mùndá :
French,trente,Mbay,dî-mÕtá
French,trente,Mango,kîr-mùtÉ :
French,trente,Nar,kùtÕ-mÕtÉ
French,trente,Ngambay,÷û-mùndá :
French,trente,Sar,kùtÕ-mÕtá
French,trente,Ngam,kùtÕ-mÕtá
French,tresser t,Bebote,pÉt¸ :
French,tresser t,Bediondo,pÉt¸
French,tresser t,Gor,pÉt¸ :
French,tresser t,Gulay,pÉt‡ :
French,tresser t,Kaba_Na,téè
French,tresser t,Kaba,pétë :
French,tresser t,Mbay,hét¸ :
French,tresser t,Mango,pótë
French,tresser t,Nar,hét¸ :
French,tresser t,Ngambay,péndë :
French,tresser t,Sar,sét¸
French,tresser t,Ngam,sÕÈè
French,tresser (le secco),Bebote,òj¸ :
French,tresser (le secco),Bediondo,òj¸ :
French,tresser (le secco),Daba,ìjö
French,tresser (le secco),Gor,òj¸ :
French,tresser (le secco),Gulay,òjö :
French,tresser (le secco),Kaba_Na,òyö t
French,tresser (le secco),Kaba,ùjü :
French,tresser (le secco),Laka,ùjï :
French,tresser (le secco),Mbay,jö
French,tresser (le secco),Mango,òj¸ :
French,tresser (le secco),Nar,òjö :
French,tresser (le secco),Ngambay,ùnjï :
French,tresser (le secco),Sar,òjö
French,tresser (le secco),Ngam,Õjö
French,trois,Bebote,mùtÉ :
French,trois,Bediondo,mÕtÉ t
French,trois,Daba,mîtá :
French,trois,Gor,mùtÉ :
French,trois,Gulay,mùtÉ
French,trois,Kaba_Na,mùtá :
French,trois,Kaba,mùtá
French,trois,Laka,mùndá
French,trois,Mbay,mÕtá :
French,trois,Mango,mùtÉ
French,trois,Nar,mÕtÉ :
French,trois,Ngambay,mùndá :
French,trois,Sar,mÕtá t
French,trois,Ngam,mÕtá
French,trompe (éléphant),Bediondo,lòndÕ :
French,trompe (éléphant),Gulay,lòng
French,trompe (éléphant),Laka,jï-ùm :
French,trompe (éléphant),Mbay,bàtÕ
French,trou,Bebote,ßë :
French,trou,Bediondo,ßë :
French,trou,Daba,wól
French,trou,Gor,ßë :
French,trou,Gulay,bÉ :
French,trou,Kaba,büwá t
French,trou,Mbay,ßëe :
French,trou,Mango,ßë :
French,trou,Nar,ßë
French,trou,Ngambay,ßë
French,trou,Bebote,bòlè :
French,trou,Bediondo,bòlè u
French,trou,Daba,bìlò :
French,trou,Gor,"bòlò, ßë"
French,trou,Gulay,bÉ : Kul=vóhà :
French,trou,Laka,büwá
French,trou,Mbay,bÕlò :
French,trou,Mango,bòlè
French,trou,Nar,bòlò :
French,trou,Ngambay,"bòlè, büwá :"
French,trou,Sar,bòlò
French,trou,Ngam,bÕlò
French,ou dans termitière,Gulay,ndçr¬ :
French,ou dans termitière,Mbay,ndörï
French,ou dans termitière,Mango,ndönönö :
French,ou dans termitière,Sar,ndöÈyö
French,"ouer; percé, être",Bebote,mbùtÕ :
French,"ouer; percé, être",Bediondo,mbùtÕ
French,"ouer; percé, être",Daba,mbùt :
French,"ouer; percé, être",Gor,mbùtÕ
French,"ouer; percé, être",Gulay,mbùtù :
French,"ouer; percé, être",Kaba_Na,ènë
French,"ouer; percé, être",Kaba,mbùtù : Kul=mbùtì
French,"ouer; percé, être",Laka,mbùdù :
French,"ouer; percé, être",Mbay,mbùtÕ
French,"ouer; percé, être",Mango,mbùtÕ :
French,"ouer; percé, être",Nar,mbùtÕ
French,"ouer; percé, être",Ngambay,mbùdù
French,"ouer; percé, être",Sar,mbùtÕ
French,"ouer; percé, être",Ngam,mbút¸ :
French,ouver,Bebote,ÕngÆ :
French,ouver,Bediondo,ÕngÆ
French,ouver,Daba,ìngà :
French,ouver,Gor,ÕngÆ :
French,ouver,Gulay,ìngÆ
French,ouver,Kaba_Na,èmbè :
French,ouver,Kaba,ìngà
French,ouver,Laka,ìngà :
French,ouver,Mbay,ngà
French,ouver,Mango,ìngÆ :
French,ouver,Nar,ÕngÆ
French,ouver,Ngambay,ìngà
French,ouver,Sar,ìngà
French,ouver,Ngam,ndûd¸ :
French,ouver par terre,Bebote,ßàä :
French,ouver par terre,Bediondo,ßàä :
French,ouver par terre,Daba,ßàä
French,ouver par terre,Gor,ßàä :
French,ouver par terre,Gulay,ßàä :
French,ouver par terre,Kaba,ßàä
French,ouver par terre,Laka,ßà :
French,ouver par terre,Mbay,ßàä :
French,ouver par terre,Mango,ßàä
French,ouver par terre,Nar,ßàä :
French,ouver par terre,Ngambay,ßàä :
French,ouver par terre,Sar,ßàä
French,; vous,Bebote,¸- :
French,; vous,Bediondo,¸- :
French,; vous,Daba,ï-
French,; vous,Gor,¸- :
French,; vous,Gulay,ï- :
French,; vous,Kaba,¸-
French,; vous,Laka,¸- :
French,; vous,Mbay,ï-
French,; vous,Mango,ï- :
French,; vous,Nar,ï- :
French,; vous,Ngambay,ï- :
French,; vous,Sar,ï-
French,; vous,Ngam,í-
French,er,Bebote,tûl :
French,er,Bediondo,tûl :
French,er,Daba,tûl
French,er,Gor,tûl :
French,er,Gulay,tûl :
French,er,Kaba_Na,tûlë
French,er,Kaba,tûl : Kul=tûlë :
French,er,Laka,tûl
French,er,Mbay,tûl :
French,er,Mango,tûl :
French,er,Nar,tûl
French,er,Ngambay,tûl :
French,er,Sar,tûl
French,er,Ngam,tûl :
French,teurs,Gor,s‡ngÉ :
French,teurs,Kaba,sìngä
French,teurs,Laka,kìngä :
French,teurs,Mbay,kÕngä
French,teurs,Nar,ngòng¸rö
French,", une",Bebote,kárë :
French,", une",Bediondo,kárë
French,", une",Daba,ká÷ä :
French,", une",Gor,kárë :
French,", une",Gulay,kárë
French,Français,Kaba_Na,kàré :
French,Français,Kaba,kárä
French,Français,Laka,kárä
French,Français,Mbay,k‡rä :
French,Français,Mango,kárë
French,Français,Nar,kóg¸» :
French,Français,Ngambay,kárä :
French,Français,Sar,kóg¸»
French,Français,Ngam,kóg¸»
French,urine,Bebote,kÉd‡-màñ
French,urine,Bediondo,kÆd‡-màñ :
French,urine,Daba,kéd-màñ
French,urine,Gor,kÉd¸-màñ :
French,urine,Gulay,kéd‡-mà
French,urine,Kaba_Na,kájï :
French,urine,Kaba,èr¸ :
French,urine,Laka,Æræ
French,urine,Mbay,kéd‡-màñ :
French,urine,Mango,kÉd‡-màñ
French,urine,Nar,ngéd‡-màñ
French,urine,Ngambay,Æd¸
French,urine,Sar,ngéd‡-màñ
French,urine,Ngam,ngéd‡-màñ :
French,vagabondage,Mbay,kàyà :
French,vagabondage,Mango,kàyà
French,vagabondage,Nar,kàyà
French,vagin,Bebote,ngïr :
French,vagin,Bediondo,mùdÕ
French,vagin,Gor,ngïr :
French,vagin,Gulay,ngïr
French,vagin,Kaba,ngïrï :
French,vagin,Laka,ngïr
French,vagin,Mbay,mùdÕ :
French,vagin,Mango,mùdù
French,vagin,Ngambay,ngïr
French,vagin,Sar,ngïr
French,vagin,Ngam,mùdÕ :
French,"van, panier pour vanner",Bebote,kèë :
French,"van, panier pour vanner",Bediondo,kèë :
French,"van, panier pour vanner",Daba,kèë
French,"van, panier pour vanner",Gor,kèë :
French,"van, panier pour vanner",Gulay,kèë :
French,"van, panier pour vanner",Kaba_Na,kèë
French,"van, panier pour vanner",Kaba,kèë : Kul=kèë :
French,"van, panier pour vanner",Laka,kèë
French,"van, panier pour vanner",Mbay,kèë :
French,"van, panier pour vanner",Mango,kèë :
French,"van, panier pour vanner",Nar,kèë
French,"van, panier pour vanner",Ngambay,kèë :
French,"van, panier pour vanner",Sar,kèë
French,"van, panier pour vanner",Ngam,kèë :
French,"vanter, se",Bebote,bòrè :
French,"vanter, se",Bediondo,báj¸
French,"vanter, se",Gor,"gú,ngÅm :"
French,"vanter, se",Kaba_Na,…îgîrî
French,"vanter, se",Kaba,ngÆm :
French,"vanter, se",Laka,"ngòm, ùlà"
French,"vanter, se",Mbay,ngòm :
French,"vanter, se",Mango,ngòm
French,"vanter, se",Nar,ngòm :
French,"vanter, se",Ngambay,bélë :
French,"vanter, se",Sar,nj
French,vapeur,Bediondo,künj‡ :
French,vapeur,Gor,kúnj‡
French,vapeur,Gulay,kündú :
French,vapeur,Laka,kúndü
French,vapeur,Mbay,künd‡ :
French,vapeur,Nar,künd‡
French,vapeur,Ngambay,kúndü
French,varan,Bebote,bür :
French,varan,Bediondo,bür :
French,varan,Daba,bür
French,varan,Gor,bür :
French,varan,Gulay,bür :
French,varan,Kaba,bürü
French,varan,Laka,bürü :
French,varan,Mbay,bür :
French,varan,Mango,bür
French,varan,Nar,bür :
French,varan,Ngambay,bür :
French,varan,Sar,büÈ
French,varan,Ngam,bühür
French,vendre,Bebote,làÛ :
French,vendre,Bediondo,làb¸ :
French,vendre,Daba,kä
French,vendre,Gor,làÛ :
French,vendre,Gulay,ìgÕ :
French,vendre,Kaba_Na,ríbï
French,vendre,Kaba,làb¸ :
French,vendre,Laka,÷àb¸
French,vendre,Mbay,÷áb¸ :
French,vendre,Mango,ndög¸
French,vendre,Nar,ìgÕ :
French,vendre,Ngambay,÷àÛ :
French,vendre,Sar,ìgÕ
French,venir,Bebote,÷èë :
French,venir,Bediondo,rèë :
French,venir,Daba,÷èë
French,venir,Gor,÷èë :
French,venir,Gulay,÷èë :
French,venir,Kaba_Na,àbò
French,venir,Kaba,÷èë : Kul=àvö :
French,venir,Laka,÷è
French,venir,Mbay,÷èë :
French,venir,Mango,÷èë :
French,venir,Nar,÷èë
French,venir,Ngambay,÷èë :
French,venir,Sar,rèë
French,venir,Ngam,÷èë :
French,venir de; se lever,Bebote,¡ :
French,venir de; se lever,Bediondo,¡ :
French,venir de; se lever,Daba,¡
French,venir de; se lever,Gor,¡ :
French,venir de; se lever,Gulay,¡ :
French,venir de; se lever,Kaba_Na,àgà
French,venir de; se lever,Kaba,¡ :
French,venir de; se lever,Laka,¡ :
French,venir de; se lever,Mbay,ßày :
French,venir de; se lever,Mango,¡
French,venir de; se lever,Nar,¡ :
French,venir de; se lever,Ngambay,¡
French,venir de; se lever,Sar,¡
French,venir de; se lever,Ngam,ßày :
French,vent,Bebote,lÉl :
French,vent,Bediondo,nÉl :
French,vent,Daba,nél
French,vent,Gor,nÉl :
French,vent,Gulay,nÉl :
French,vent,Kaba_Na,…élè
French,vent,Kaba,yél :
French,vent,Laka,lél :
French,vent,Mbay,nél
French,vent,Mango,yÉl :
French,vent,Nar,nél :
French,vent,Ngambay,lél :
French,vent,Sar,né¥
French,vent,Ngam,nél
French,ventre,Bebote,mŸ :
French,ventre,Bediondo,mŸþ :
French,ventre,Daba,kèm
French,ventre,Gor,mŸ :
French,ventre,Gulay,kèm :
French,ventre,Kaba_Na,bùdè
French,ventre,Kaba,wùr :
French,ventre,Laka,tà-ùr :
French,ventre,Mbay,kàm
French,ventre,Mango,mŸþ :
French,ventre,Nar,kèm :
French,ventre,Ngambay,mŸ :
French,ventre,Sar,kèm
French,ventre,Ngam,kèm
French,"verge, pénis",Bebote,mîtÕ :
French,"verge, pénis",Bediondo,mîtÕ
French,"verge, pénis",Daba,mît :
French,"verge, pénis",Gor,mîtÕ :
French,"verge, pénis",Gulay,mîtÕ
French,"verge, pénis",Kaba,mîtÕ :
French,"verge, pénis",Laka,mîdÕ
French,"verge, pénis",Mbay,mîtÕ :
French,"verge, pénis",Mango,mîtÕ
French,"verge, pénis",Nar,mîtÕ :
French,"verge, pénis",Ngambay,mîdÕ :
French,"verge, pénis",Sar,mîtÕ
French,"verge, pénis",Ngam,mîtÕ
French,vermoulu : être,Bebote,ndüs¸ :
French,vermoulu : être,Bediondo,ndüs¸
French,vermoulu : être,Daba,ndüs :
French,vermoulu : être,Gor,ndüs¸
French,vermoulu : être,Gulay,ndüsü :
French,vermoulu : être,Kaba_Na,ndüsü
French,vermoulu : être,Kaba,ndüsü :
French,vermoulu : être,Laka,ndüsü
French,vermoulu : être,Mbay,ndüs¸ :
French,vermoulu : être,Mango,ndüs¸
French,vermoulu : être,Nar,ndüs¸ :
French,vermoulu : être,Ngambay,ndüsü
French,vermoulu : être,Sar,ndüs¸
French,vers v,Bebote,k¸ :
French,vers v,Bediondo,k¸ :
French,vers v,Gor,k¸
French,vers v,Gulay,k¸ :
French,vers v,Kaba,k¸ :
French,vers v,Laka,g¸
French,vers v,Mbay,k¸ :
French,vers v,Mango,k¸ :
French,vers v,Nar,k¸
French,vers v,Ngambay,dæ :
French,vers v,Sar,k¸
French,vers v,Ngam,tæ :
French,verser v,Bebote,mbÉl :
French,verser v,Bediondo,mbÉl
French,verser v,Daba,mbé£ :
French,verser v,Gor,mbÉl
French,verser v,Kaba,ùngü :
French,verser v,Laka,mbÉl
French,verser v,Mbay,mbé£ :
French,verser v,Mango,mbÉl
French,verser v,Nar,ßök‡ :
French,verser v,Ngambay,mbél :
French,verser v,Sar,ßök‡ v
French,verser v,Ngam,ßük‡
French,verser,Bebote,ßük‡ :
French,verser,Daba,òñg
French,verser,Gor,mbÉl :
French,verser,Gulay,ù« :
French,verser,Kaba,ùngü
French,verser,Laka,ùm :
French,verser,Mbay,“¦ :
French,verser,Mango,ùng¸
French,verser,Nar,òñg :
French,verser,Ngambay,"òm, mbél"
French,verser,Sar,ßök‡
French,verser en laissant residues,Mbay,ndès¸ :
French,verser en laissant residues,Mango,ndùsü v
French,verser en laissant residues,Sar,njèÈ
French,verser pour décanter,Bediondo,ndùs¸ :
French,verser pour décanter,Gor,ùs¸
French,verser pour décanter,Laka,ndùsü :
French,verser pour décanter,Mbay,ndùs¸
French,verser pour décanter,Ngambay,ndùsü v
French,vêtement,Bebote,k¸b¸ :
French,vêtement,Bediondo,k¸b¸
French,vêtement,Daba,küb :
French,vêtement,Gor,küw :
French,vêtement,Gulay,kübü
French,vêtement,Kaba_Na,…àmá :
French,vêtement,Kaba,kübü
French,vêtement,Laka,kübü v
French,vêtement,Mbay,küb¸ :
French,vêtement,Mango,kübü
French,vêtement,Nar,küb¸ :
French,vêtement,Ngambay,kübü
French,vêtement,Sar,küb¸
French,viande,Bebote,dä :
French,viande,Bediondo,dä :
French,viande,Daba,dä
French,viande,Gor,dä :
French,viande,Gulay,dº :
French,viande,Kaba_Na,jä
French,viande,Mbay,dº½ :
French,viande,Mango,dä :
French,viande,Nar,dº
French,viande,Ngambay,dä :
French,viande,Sar,dº v
French,viande,Ngam,dº :
French,vieillard,Bebote,d‡gÆ :
French,vieillard,Bediondo,ß‡gæ
French,vieillard,Daba,ßúgá :
French,vieillard,Gor,ßúgæ :
French,vieillard,Gulay,ßúgÉ
French,vieillard,Kaba,ßúkä :
French,vieillard,Laka,ßúgä
French,vieillard,Mbay,b‡gá :
French,vieillard,Mango,ßúgæ
French,vieillard,Nar,ß‡gæ :
French,vieillard,Ngambay,"ßúgä, tîgÕ v"
French,vieillard,Sar,ß‡gà
French,eux,Bediondo,gó :
French,eux,Kaba_Na,kònö
French,eux,Kaba,ßúkä :
French,eux,Mbay,b‡lá
French,eux,Nar,tîgÕ :
French,eux,Ngambay,ßúgä :
French,eux,Sar,ß‡gà
French,eux,Ngam,b‡lá
French,llage,Bebote,ßë :
French,llage,Bediondo,ßë :
French,llage,Daba,ßë
French,llage,Gor,ßë :
French,llage,Gulay,ßë :
French,llage,Kaba_Na,ßë
French,llage,Kaba,ßë :
French,llage,Laka,ßë :
French,llage,Mbay,ßëe
French,llage,Mango,ßë :
French,llage,Nar,ßë :
French,llage,Ngambay,ßë :
French,llage,Sar,ßë
French,llage,Ngam,ßë
French,ngt,Bebote,dî-jöó :
French,ngt,Daba,dî-jö÷
French,ngt,Gor,dî-jöó :
French,ngt,Gulay,kûr-jöó
French,ngt,Kaba_Na,jîk¨Š :
French,ngt,Kaba,dî-jöó
French,ngt,Laka,dîgÕ-jöó
French,ngt,Mbay,dî-jöó :
French,ngt,Mango,kîr-jöó
French,ngt,Nar,kùtÕ-jöó :
French,ngt,Ngambay,÷û-jöó :
French,ngt,Sar,kùtÕ-jöó
French,ngt,Ngam,kùtÕ-jöó
French,siter,Bebote,gÅç :
French,siter,Bediondo,gÅç
French,siter,Gor,gÅç :
French,siter,Gulay,gÅç :
French,siter,Kaba,gÅç
French,siter,Laka,gÉngæ :
French,siter,Mbay,gÅç :
French,siter,Mango,gÅç
French,siter,Nar,gÅç :
French,siter,Ngambay,gÅç :
French,siter,Sar,g“¦
French,"squeux, gluante",Bebote,ùwÆ :
French,"squeux, gluante",Bediondo,ndîl
French,"squeux, gluante",Gulay,ndîl :
French,"squeux, gluante",Kaba,wà :
French,"squeux, gluante",Laka,lû
French,"squeux, gluante",Mbay,ndîl :
French,"squeux, gluante",Nar,ndîl
French,"squeux, gluante",Sar,ndîl
French,te,Bebote,láw :
French,te,Bediondo,láw :
French,te,Daba,dÇ
French,te,Gor,kàlàngÕ :
French,te,Gulay,kàlàng
French,te,Kaba_Na,gîsíì :
French,te,Kaba,njàng
French,te,Laka,gÕ-tôgé :
French,te,Mbay,ndéré
French,te,Mango,kàlàng :
French,te,Nar,láy
French,te,Ngambay,kàlàng
French,te,Sar,láy
French,te,Ngam,láw :
French,ir,Bebote,òö :
French,ir,Bediondo,òö :
French,ir,Daba,òö
French,ir,Gor,òö :
French,ir,Gulay,¼ :
French,ir,Kaba_Na,ùwà
French,ir,Kaba,òö : Kul=ùwà :
French,ir,Laka,ò
French,ir,Mbay,òö :
French,ir,Mango,òö :
French,ir,Nar,¼º
French,ir,Ngambay,òö :
French,ir,Sar,¼
French,ir,Ngam,wòö :
French,isin,Bebote,njè-mbô-kÉy
French,isin,Bediondo,màd¸-ßë :
French,isin,Daba,màd-ßë
French,isin,Gor,njÆ-gÆdÕ-kÉy
French,Français,Gulay,màd¸-ßë :
French,Français,Kaba_Na,màndà-dà
French,Français,Kaba,njè-mbôr-kÉy
French,Kul=ní-dàrü,Laka,njè-bàtà-kÉy
French,Kul=ní-dàrü,Mbay,màd¸-ßëe
French,Kul=ní-dàrü,Mango,njè-tà-kÉy
French,Kul=ní-dàrü,Nar,màd¸-ßë
French,Kul=ní-dàrü,Ngambay,njè-bàdà-kÉy
French,Kul=ní-dàrü,Sar,màd¸-ßë
French,Kul=ní-dàrü,Ngam,màd¸-ßë
French,voix,Bebote,ndü :
French,voix,Bediondo,ndü :
French,voix,Daba,ndü
French,voix,Gor,ndü :
French,voix,Gulay,ndü :
French,voix,Kaba_Na,njü
French,voix,Kaba,ndü :
French,voix,Laka,ndü :
French,voix,Mbay,ndï
French,voix,Mango,ndï :
French,voix,Nar,ndü :
French,voix,Ngambay,ndü :
French,voix,Sar,ndü
French,voix,Ngam,ndï
French,voler,Bebote,ßògÕ :
French,voler,Bediondo,ßògÕ
French,voler,Daba,ßòg :
French,voler,Gor,ßògÕ :
French,voler,Gulay,ßògÕ
French,voler,Kaba_Na,ßògò :
French,voler,Kaba,ßòkò
French,voler,Laka,ßògò :
French,voler,Mbay,ßògÕ :
French,voler,Mango,ßògÕ
French,voler,Nar,ßògÕ :
French,voler,Ngambay,ßògò :
French,voler,Sar,ßògÕ
French,voler,Ngam,"ßògÕ,tèjÕ"
French,vomir,Bebote,tömö :
French,vomir,Bediondo,tûmû
French,vomir,Daba,töm :
French,vomir,Gor,tçmç :
French,vomir,Gulay,tçmç
French,vomir,Kaba_Na,túrë :
French,vomir,Kaba,tömö
French,vomir,Laka,tömë :
French,vomir,Mbay,töm
French,vomir,Mango,tömö :
French,vomir,Nar,tûmbû
French,vomir,Ngambay,tûmë
French,vomir,Sar,tömb¸
French,vomir,Ngam,tûmb¸ :
French,vouloir,Bebote,gè :
French,vouloir,Bediondo,gè :
French,vouloir,Daba,gè
French,vouloir,Gor,gè :
French,vouloir,Gulay,gè :
French,vouloir,Kaba_Na,dúrù
French,vouloir,Kaba,njìkì : Kul=dúrù
French,vouloir,Laka,njìgì :
French,vouloir,Mbay,gèe :
French,vouloir,Mango,ndìg
French,vouloir,Nar,gè :
French,vouloir,Ngambay,gè
French,vouloir,Sar,gŸy
French,vouloir,Ngam,gŸ :
French,ü vous (acc.),Bebote,-sè :
French,ü vous (acc.),Gor,-sè
French,ü vous (acc.),Gulay,sè-ï :
French,ü vous (acc.),Kaba_Na,sè :
French,ü vous (acc.),Kaba,-sé
French,ü vous (acc.),Laka,-sí :
French,ü vous (acc.),Mbay,-sÕ :
French,ü vous (acc.),Mango,-sí
French,ü vous (acc.),Nar,-sÕ :
French,ü vous (acc.),Ngambay,-sí
French,ü vous (acc.),Sar,-sí
French,ü vous (acc.),Ngam,-s‡ :
French,vous (oblique); votre,Bebote,-sí :
French,vous (oblique); votre,Bediondo,-sí :
French,vous (oblique); votre,Daba,-sé
French,vous (oblique); votre,Gor,-sé :
French,vous (oblique); votre,Gulay,-sí :
French,vous (oblique); votre,Kaba_Na,sé
French,vous (oblique); votre,Kaba,-sé : Kul=sé :
French,vous (oblique); votre,Laka,-sèÿ
French,vous (oblique); votre,Mbay,-s‡ :
French,vous (oblique); votre,Mango,-sí :
French,vous (oblique); votre,Nar,-sí
French,vous (oblique); votre,Ngambay,-sí :
French,vous (oblique); votre,Sar,-sí
French,"voyage; hôte, invité",Bebote,mbä :
French,"voyage; hôte, invité",Bediondo,mbä :
French,"voyage; hôte, invité",Daba,mbä
French,"voyage; hôte, invité",Gor,mbä :
French,"voyage; hôte, invité",Gulay,mbä :
French,"voyage; hôte, invité",Kaba_Na,mbä
French,"voyage; hôte, invité",Kaba,mbä : Kul=mbä :
French,"voyage; hôte, invité",Laka,mbä
French,"voyage; hôte, invité",Mbay,mbäa :
French,"voyage; hôte, invité",Mango,mbä :
French,"voyage; hôte, invité",Nar,mbä
French,"voyage; hôte, invité",Ngambay,mbä :
French,"voyage; hôte, invité",Sar,mbä
French,"voyage; hôte, invité",Ngam,mbä :
French,"youyou, faire",Bebote,‡-ndï• :
French,"youyou, faire",Bediondo,‡-nd¸•
French,"youyou, faire",Daba,njíl :
French,"youyou, faire",Gor,‡-ndï•
French,"youyou, faire",Gulay,ndï• :
French,"youyou, faire",Kaba_Na,njïlï
French,"youyou, faire",Kaba,‡-njï• :
French,"youyou, faire",Laka,‡-njíl
French,"youyou, faire",Mbay,ndï• :
French,"youyou, faire",Mango,‡-ndï•
French,"youyou, faire",Nar,ndíl :
French,"youyou, faire",Ngambay,ndï•
French,"youyou, faire",Sar,ndï•
French,zorille,Bediondo,‡-s¸nd‡ :
French,zorille,Kaba_Na,këndí
French,zorille,Mbay,këndí :
French,zorille,Nar,kïnd‡
French,zorille,Ngambay,kïndí
French,absence,Bebote,tó :
French,absence,Bediondo,tó :
French,absence,Gor,tór
French,absence,Gulay,gùtù :
French,absence,Kaba,tú® :
French,absence,Laka,tórö
French,absence,Mbay,gót‡ :
French,absence,Mango,gòtÕ
French,absence,Nar,gòtÕ :
French,absence,Ngambay,tór :
French,absence,Sar,gòt
French,accompany,Bebote,dän :
French,accompany,Bediondo,dän :
French,accompany,Daba,dän
French,accompany,Gor,dän :
French,accompany,Gulay,dän :
French,accompany,Kaba_Na,dänä
French,accompany,Kaba,dän :
French,accompany,Laka,dän :
French,accompany,Mbay,dän
French,accompany,Mango,dän :
French,accompany,Nar,dän :
French,accompany,Ngambay,dän :
French,accompany,Sar,dän
French,accompany,Ngam,dän
French,activate (fire),Bebote,ìbÕ :
French,activate (fire),Bediondo,ÕbÕ :
French,activate (fire),Daba,ìb
French,activate (fire),Gulay,ìbÕ :
French,activate (fire),Laka,pÆr :
French,activate (fire),Mbay,ìbÕ
French,activate (fire),Mango,ìbÕ :
French,activate (fire),Nar,túb¸ :
French,activate (fire),Ngambay,ìbì
French,activate (fire),Sar,sètÕ
French,adam's apple,Bebote,pó-m‡nd¸ :
French,adam's apple,Bediondo,‡-gî•
French,adam's apple,Daba,jûr-kôb :
French,adam's apple,Gor,jàm-mÉnd
French,adam's apple,Gulay,pèr-kôb‡ :
French,adam's apple,Kaba_Na,gîlë
French,adam's apple,Laka,kînjîr :
French,adam's apple,Mbay,jòr-kôô
French,adam's apple,Mango,tæb¸-mínd¸ :
French,adam's apple,Nar,gÅ
French,adam's apple,Ngambay,ngàdÕngÉ :
French,adam's apple,Sar,gÅ-mínd
French,"after, behind",Bebote,gö :
French,"after, behind",Bediondo,gö :
French,"after, behind",Gulay,gö
French,"after, behind",Kaba,gö :
French,"after, behind",Laka,gö :
French,"after, behind",Mbay,gö
French,"after, behind",Mango,gö :
French,"after, behind",Nar,gö :
French,"after, behind",Ngambay,gö :
French,"after, behind",Sar,gö
French,"after, behind",Ngam,gö
French,afterlife,Bediondo,köó :
French,afterlife,Gulay,köó
French,afterlife,Kaba_Na,hä…ä :
French,afterlife,Laka,jàbà€
French,afterlife,Mbay,köó :
French,afterlife,Mango,köó :
French,afterlife,Nar,ngóy
French,ahead of,Bebote,nÅ :
French,ahead of,Bediondo,nÅ :
French,ahead of,Daba,nÅ
French,ahead of,Gor,nÅ :
French,ahead of,Gulay,nÅ :
French,ahead of,Kaba,nÅ
French,ahead of,Laka,nÅ :
French,ahead of,Mbay,nÅ :
French,ahead of,Mango,nÅ
French,ahead of,Nar,nÅ :
French,ahead of,Ngambay,nÅ :
French,ahead of,Sar,nÅ
French,alcoholic drink,Bebote,árgè :
French,alcoholic drink,Daba,árgè
French,alcoholic drink,Gor,árgè :
French,alcoholic drink,Gulay,árgë
French,alcoholic drink,Kaba,árgè :
French,alcoholic drink,Laka,árgè
French,alcoholic drink,Mbay,árgè :
French,alcoholic drink,Mango,árgë
French,alcoholic drink,Nar,árgè :
French,alcoholic drink,Ngambay,árgè
French,alcoholic drink,Sar,yérgè
French,alone,Bebote,kár :
French,alone,Bediondo,kár
French,alone,Gor,kÕ-kár :
French,alone,Gulay,sÆ-kár-µ
French,Sara Languages,Kaba,kÕ-kár :
French,Sara Languages,Laka,"kár,gÕ-kár"
French,Sara Languages,Mbay,kÕ-k‡rä-µ
French,Sara Languages,Nar,k‡-kóg¸- :
French,Sara Languages,Ngambay,kárí :
French,Sara Languages,Sar,ké±
French,Sara Languages,Ngam,kërë
French,already,Bebote,ngàä :
French,already,Bediondo,ßá
French,already,Gor,"wòy, ngàä :"
French,already,Gulay,ßá
French,already,Mbay,wòy :
French,already,Mango,ngàä
French,already,Nar,kûô :
French,already,Ngambay,mbª :
French,already,Sar,"ßá,"
French,"always, often",Bebote,dûrô :
French,"always, often",Bediondo,ngándáng‡
French,"always, often",Gor,kÕ-ndû-g¸-pÉt‡
French,"always, often",Gulay,ndû-g¸ :
French,"always, often",Laka,jágá
French,"always, often",Mbay,kÕ-ndä-ndûû-g¸
French,"always, often",Mango,ndŸÏ-ndŸÏ :
French,"always, often",Nar,ngándáng
French,"always, often",Sar,kÕ-ndû-g¸
French,"always, often",Ngam,tÕ-ndûg¸ :
French,all,Bebote,láy :
French,all,Bediondo,láy
French,all,Daba,kéré :
French,all,Gor,pÉt‡
French,all,Gulay,màlàng :
French,all,Kaba,tÇy
French,all,Laka,tÇy
French,all,Mbay,túu-bè :
French,all,Mango,láy
French,all,Nar,màlàng :
French,all,Ngambay,láy :
French,all,Sar,màlàng
French,all,Ngam,kûráy
French,among,Bebote,p‡nð :
French,among,Bediondo,mbÕnæ
French,among,Gor,mbùnð :
French,among,Gulay,dàdän
French,among,Kaba,hör :
French,among,Laka,hörö
French,among,Mbay,mbÕnä :
French,among,Mango,mbùnð
French,among,Nar,mbÅbÇ :
French,among,Ngambay,mbùnä :
French,among,Sar,mbÕnä
French,among,Ngam,mbÕnä
French,and,Bebote,tî :
French,and,Daba,ö :
French,and,Gor,nç
French,and,Gulay,ä :
French,and,Laka,nÉm :
French,and,Mbay,hö
French,and,Mango,rÉm :
French,and,Nar,ö :
French,and,Ngambay,lÉm :
French,and,Sar,ö
French,and,Ngam,hö
French,"and, but",Bebote,É :
French,"and, but",Bediondo,ngà :
French,"and, but",Daba,mè
French,"and, but",Gor,"É,ªy‡ :"
French,"and, but",Gulay,nè :
French,"and, but",Kaba_Na,àbï
French,"and, but",Kaba,ngà : Kul=vï :
French,"and, but",Laka,nè
French,"and, but",Mbay,nà :
French,"and, but",Mango,É :
French,"and, but",Nar,bÆ
French,"and, but",Ngambay,nè :
French,"and, but",Sar,bà
French,"and, but",Ngam,bæ :
French,anger,Bebote,öng¸ :
French,anger,Bediondo,öng¸
French,anger,Daba,höng :
French,anger,Gor,öng¸ :
French,anger,Gulay,wöng
French,anger,Kaba_Na,yöngö :
French,anger,Kaba,üngü
French,anger,Laka,wüngü :
French,anger,Mbay,wöng :
French,anger,Mango,wöng a
French,anger,Nar,ßöng :
French,anger,Ngambay,wöng :
French,anger,Sar,wöng
French,anger,Ngam,wöng
French,animal a,Bebote,dä :
French,animal a,Bediondo,dä :
French,animal a,Daba,dä
French,animal a,Gor,dä :
French,animal a,Gulay,dº :
French,animal a,Kaba_Na,jä
French,animal a,Kaba,dä : Kul=jä :
French,animal a,Mbay,dº½
French,animal a,Mango,dä :
French,animal a,Nar,dº :
French,animal a,Ngambay,dä :
French,animal a,Sar,dº
French,animal a,Ngam,dº
French,ankle a,Bediondo,kúkÕlú-njà
French,ankle a,Kaba_Na,àlè-säkä
French,ankle a,Laka,dî-kàw-künjá
French,ankle a,Mbay,kù®-kôô-njà
French,"announcement, public",Bebote,mbë :
French,"announcement, public",Bediondo,mbþ
French,"announcement, public",Daba,mbër :
French,"announcement, public",Gor,mbær :
French,"announcement, public",Gulay,mbær a
French,"announcement, public",Kaba_Na,mbë :
French,"announcement, public",Kaba,mbær
French,"announcement, public",Laka,mbær¸ :
French,"announcement, public",Mbay,mbër :
French,"announcement, public",Mango,mbþ
French,"announcement, public",Nar,mbër :
French,"announcement, public",Ngambay,mbër
French,"announcement, public",Sar,mbëÈ a
French,"answer, reply : to",Bebote,ndìgÕ :
French,"answer, reply : to",Bediondo,ndÕgÕ
French,"answer, reply : to",Gor,ndìgÕ :
French,"answer, reply : to",Gulay,ndìgÕ
French,"answer, reply : to",Kaba,njìkì :
French,"answer, reply : to",Laka,njìgì
French,"answer, reply : to",Mbay,ndìgÕ :
French,"answer, reply : to",Mango,ndìgÕ
French,"answer, reply : to",Nar,ndìgÕ :
French,"answer, reply : to",Ngambay,"yàgÕdà, a"
French,"answer, reply : to",Sar,ndìgÕ
French,ant : red,Bebote,tƒyð :
French,ant : red,Bediondo,t‡yð
French,ant : red,Gor,tíyð :
French,ant : red,Gulay,tƒyð a
French,ant : red,Kaba_Na,tí…ä :
French,ant : red,Kaba,tƒyº
French,ant : red,Laka,‡-Žƒyº :
French,ant : red,Mbay,tƒyº
French,ant : red,Mango,tƒyð :
French,ant : red,Nar,tƒyð
French,ant : red,Ngambay,tƒyº :
French,ant : red,Sar,tƒyç
French,ant : small black,Bebote,tú :
French,ant : small black,Bediondo,‡-tú :
French,ant : small black,Gulay,túr
French,ant : small black,Kaba,túr :
French,ant : small black,Laka,‡-túr :
French,ant : small black,Mbay,tú® a
French,ant : small black,Mango,tú :
French,ant : small black,Ngambay,túr :
French,ant : small black,Sar,túÊ
French,ant : small black,Gulay,tòtè :
French,ant : small black,Laka,tò÷è
French,ant : small black,Mbay,k‡-tìtè a
French,ant : small red,Bediondo,tòÿ :
French,ant : small red,Gulay,tòÿ :
French,ant : small red,Laka,tòÿ
French,ant : small red,Mbay,tòÿ :
French,ant : small red,Mango,tòÿ :
French,ant : small red,Ngambay,tòÿ
French,ant : small red,Sar,tòÿ
French,t : type of,Gulay,bém :
French,t : type of,Mbay,t‡pá
French,t : type of,Mango,bémë :
French,t : type of,Sar,bé¯
French,teater : type of,Bebote,bärä :
French,teater : type of,Bediondo,bärä
French,teater : type of,Gor,bärä :
French,teater : type of,Kaba,njàrè
French,teater : type of,Laka,njèrè :
French,teater : type of,Mbay,bär :
French,teater : type of,Mango,bärä
French,teater : type of,Nar,ßë-tètè :
French,teater : type of,Ngambay,tàlbás¸
French,teater : type of,Sar,mbär
French,teater : type of,Bebote,màr-mángá
French,teater : type of,Bediondo,màrmángá :
French,teater : type of,Gulay,màrè-mángá
French,teater : type of,Kaba_Na,yúkà :
French,teater : type of,Laka,màr-mángá
French,teater : type of,Mbay,màrì-mángª
French,teater : type of,Mango,màr-mángá :
French,teater : type of,Nar,màr-máng
French,teater : type of,Ngambay,màr-mángá
French,telope : duiker,Bediondo,pàn :
French,telope : duiker,Daba,pèn :
French,telope : duiker,Laka,pàn
French,telope : duiker,Mbay,pàn :
French,telope : duiker,Mango,pàn :
French,telope : duiker,Nar,pànà
French,telope : duiker,Ngambay,pàn
French,telope : duiker,Bebote,dùl :
French,telope : duiker,Bediondo,dùl :
French,telope : duiker,Daba,dùl
French,telope : duiker,Gulay,dùl :
French,telope : duiker,Kaba_Na,jùlù :
French,telope : duiker,Kaba,dùl
French,telope : duiker,Laka,dùl :
French,telope : duiker,Mbay,dùl :
French,telope : duiker,Mango,dùl
French,telope : duiker,Nar,dùl :
French,telope : duiker,Ngambay,dùl
French,telope : duiker,Sar,dùl
French,telope : duiker,Ngam,dùl :
French,telope : oribi,Bediondo,wäl :
French,telope : oribi,Kaba_Na,wälë
French,telope : oribi,Laka,àrkàsÕ :
French,telope : oribi,Mbay,wäl :
French,telope : oribi,Mango,wäl
French,telope : oribi,Nar,wäl :
French,telope : oribi,Ngam,wäl
French,telope : roan,Bebote,nàs¸ :
French,telope : roan,Bediondo,nàs¸
French,telope : roan,Daba,nàs :
French,telope : roan,Gor,nàs¸ :
French,telope : roan,Gulay,nàs¸
French,telope : roan,Kaba_Na,nàsë :
French,telope : roan,Kaba,nàs¸
French,telope : roan,Laka,nàs¸ :
French,telope : roan,Mbay,nàs¸ :
French,telope : roan,Mango,nàs¸
French,telope : roan,Nar,nàs¸ :
French,telope : roan,Ngambay,nàs¸ :
French,telope : roan,Sar,nàs¸
French,telope : roan,Ngam,nàs¸
French,telope : Tragelaphus oryx,Bediondo,lúm :
French,telope : Tragelaphus oryx,Kaba_Na,ngônè
French,telope : Tragelaphus oryx,Laka,‡-lúlúm :
French,telope : Tragelaphus oryx,Mbay,dùd¸
French,telope : Tragelaphus oryx,Ngambay,lúm
French,telope : type of,Bediondo,kàyà :
French,telope : type of,Kaba_Na,kà
French,telope : type of,Mbay,kày :
French,telope : type of,Ngambay,kàyà
French,telope : type of,Ngam,kày
French,arbuste [Sesbannia pachyc,Gulay,tà :
French,arbuste [Sesbannia pachyc,Mbay,jÕngä
French,arbuste [Sesbannia pachyc,Mango,k‡-nª-jë :
French,arbuste [Sesbannia pachyc,Nar,jÕngæ
French,argue about : to,Bediondo,nàj¸ :
French,argue about : to,Daba,nàj
French,argue about : to,Gor,nàj¸ :
French,argue about : to,Gulay,nàj¸
French,argue about : to,Kaba,nàjï :
French,argue about : to,Mbay,nàj¸ :
French,argue about : to,Mango,nàj
French,argue about : to,Nar,nàj¸ :
French,argue about : to,Ngambay,näjï :
French,argue about : to,Sar,nàj¸
French,argue about : to,Ngam,nàj¸
French,argue with : to,Bebote,kûl :
French,argue with : to,Bediondo,kûl :
French,argue with : to,Daba,kûl
French,argue with : to,Gor,kûl :
French,argue with : to,Gulay,kûl :
French,argue with : to,Kaba_Na,kûlë
French,argue with : to,Kaba,kûl :
French,argue with : to,Laka,kûl :
French,argue with : to,Mbay,kûl
French,argue with : to,Mango,kûl :
French,argue with : to,Nar,kûl :
French,argue with : to,Ngambay,kûl :
French,argue with : to,Sar,kûl
French,argue with : to,Ngam,kûl
French,armpit,Bebote,màtÕ-kôl :
French,armpit,Bediondo,"mà,sôl"
French,armpit,Daba,sôl :
French,armpit,Gor,màkôy
French,armpit,Gulay,gír-sôl :
French,armpit,Kaba_Na,mîtî-käm
French,armpit,Kaba,mîtÕ-sôl :
French,armpit,Laka,mîdÕ-sô
French,armpit,Mbay,màsôl :
French,armpit,Mango,màsôl
French,armpit,Nar,mbÆ-sôl :
French,armpit,Ngambay,mà-sôl :
French,armpit,Sar,gír-sô¥
French,armpit,Ngam,kíl
French,arrive : to,Bebote,tŸþ :
French,arrive : to,Gulay,÷èë
French,arrive : to,Kaba_Na,káà :
French,arrive : to,Kaba,tèë :
French,arrive : to,Mbay,tèë
French,arrive : to,Mango,tŸþ :
French,arrive : to,Sar,ît¸
French,"artist, expert",Bediondo,gös¸ :
French,"artist, expert",Gor,gös¸
French,"artist, expert",Gulay,gös¸ :
French,"artist, expert",Kaba_Na,kîdë
French,"artist, expert",Kaba,gös¸ :
French,"artist, expert",Laka,"güsü,njè-gü"
French,"artist, expert",Mbay,gös¸ :
French,"artist, expert",Mango,gös¸
French,"artist, expert",Ngambay,gösö :
French,"artist, expert",Sar,gös¸
French,ash,Bebote,bü :
French,ash,Daba,bü :
French,ash,Gor,bú
French,ash,Gulay,bü :
French,ash,Kaba_Na,ßükü :
French,ash,Kaba,bü
French,ash,Mbay,búu :
French,ash,Mango,bü :
French,ash,Nar,bü
French,ash,Ngambay,bü :
French,ash,Sar,bü
French,ash,Ngam,bü :
French,ask : to,Bebote,dÆjÕ :
French,ask : to,Bediondo,dÆjÕ
French,ask : to,Daba,njìjò :
French,ask : to,Gor,dÆjÕ
French,ask : to,Gulay,dÆjÕ :
French,ask : to,Kaba_Na,jìrè
French,ask : to,Kaba,ndùjù : Kul=jí÷yö
French,ask : to,Laka,dÆjì :
French,ask : to,Mbay,ndìjè :
French,ask : to,Mango,dÆj
French,ask : to,Nar,dèjè :
French,ask : to,Ngambay,dÆjì :
French,ask : to,Sar,dÕjè
French,ask : to,Ngam,ndÕjè
French,assemble : to,Bebote,káw :
French,assemble : to,Bediondo,káw
French,assemble : to,Gor,káw :
French,assemble : to,Gulay,kÉb‡ :
French,assemble : to,Kaba,mbçÇ
French,assemble : to,Laka,mbÇ :
French,assemble : to,Mbay,káÛ
French,assemble : to,Mango,kÉw :
French,assemble : to,Nar,kán :
French,assemble : to,Ngambay,mbÇ :
French,assemble : to,Sar,káñ
French,assemble : to,Ngam,kán
French,aunt (paternal),Bebote,bÐñ :
French,aunt (paternal),Bediondo,bÆñ :
French,aunt (paternal),Daba,bŸ®
French,aunt (paternal),Gor,bÆñ :
French,aunt (paternal),Gulay,bèñ :
French,aunt (paternal),Kaba_Na,bè…ë
French,aunt (paternal),Kaba,bàn : Kul=vènü :
French,aunt (paternal),Laka,bìñ
French,aunt (paternal),Mbay,b¼® :
French,aunt (paternal),Mango,bÆñ :
French,aunt (paternal),Nar,bèñ
French,aunt (paternal),Ngambay,bèñ :
French,aunt (paternal),Sar,bèñ
French,avoid,Mbay,göng :
French,avoid,Nar,göng
French,avoid,Sar,göng
French,"away,off",Bebote,kûô :
French,"away,off",Bediondo,kûô
French,"away,off",Daba,kènèng :
French,"away,off",Gor,kûô
French,"away,off",Gulay,kûk‡ :
French,"away,off",Kaba,ràng :
French,"away,off",Laka,kûrô
French,"away,off",Mbay,kûô :
French,"away,off",Mango,kûô :
French,"away,off",Nar,kûô
French,"away,off",Ngambay,kûô :
French,"away,off",Sar,kûô
French,"away,off",Ngam,kûô :
French,axe,Bebote,k¸ngæ :
French,axe,Bediondo,k¸ngæ
French,axe,Daba,küngä :
French,axe,Gor,k¸ngæ
French,axe,Gulay,küngæ :
French,axe,Kaba_Na,küngä
French,axe,Kaba,tínä :
French,axe,Laka,Žínä
French,axe,Mbay,k¸ngä :
French,axe,Mango,küngæ
French,axe,Nar,k¸ngæ :
French,axe,Ngambay,tínä :
French,axe,Sar,k¸ngä
French,axe,Ngam,k¸ngû
French,baboon,Bebote,màdÕ :
French,baboon,Bediondo,màdÕ
French,baboon,Daba,màd :
French,baboon,Gor,màdÕ
French,baboon,Gulay,ßÆt¸-màdÕr :
French,baboon,Kaba_Na,màdà
French,baboon,Kaba,bàngÕràng :
French,baboon,Laka,bàngÕr¼
French,baboon,Mbay,màdÕ :
French,baboon,Mango,màdÕ
French,baboon,Nar,màdÕ :
French,baboon,Ngambay,bàngÕlà
French,baboon,Sar,màdÕ
French,back,Bebote,gìdÕ :
French,back,Bediondo,gÕdÕ
French,back,Daba,gìd :
French,back,Gor,gìdÕ :
French,back,Gulay,gìdÕ
French,back,Kaba_Na,ngìdì :
French,back,Kaba,gìr
French,back,Laka,bà-gìr
French,back,Mbay,gìdÕ :
French,back,Mango,gìdÕ
French,back,Nar,gìdÕ :
French,back,Ngambay,gìr :
French,back,Sar,gìdÕ
French,back,Ngam,gìdÕ
French,backwards b,Bebote,gòg‡ :
French,backwards b,Bediondo,gòg‡
French,backwards b,Daba,gòóg :
French,backwards b,Gor,gòg‡ :
French,backwards b,Gulay,gùgú
French,backwards b,Kaba,gùkú :
French,backwards b,Laka,gùgú
French,backwards b,Mbay,gòg‡ :
French,backwards b,Mango,gòg‡
French,backwards b,Nar,gòg‡ :
French,backwards b,Ngambay,gòg‡ :
French,backwards b,Sar,gòg‡
French,backwards b,Ngam,gòg‡
French,bachelor b,Bebote,bùwÆ :
French,bachelor b,Bediondo,bùwÆ
French,bachelor b,Daba,kàb :
French,bachelor b,Gor,bùwÆ :
French,bachelor b,Gulay,sùwÆ
French,bachelor b,Kaba_Na,mîdôî :
French,bachelor b,Kaba,ngá-bùwà
French,bachelor b,Laka,‡-ngàw-bà :
French,bachelor b,Mbay,bÕwà
French,bachelor b,Mango,ngábò :
French,bachelor b,Nar,sùwÆ
French,bachelor b,Ngambay,ngàw-bà
French,bachelor b,Sar,sÕßà b
French,bachelor b,Ngam,sÕßà :
French,bad : to be,Bebote,màjà• :
French,bad : to be,Bediondo,màjà•
French,bad : to be,Gor,màjÆ• :
French,bad : to be,Gulay,màjÕlé
French,bad : to be,Kaba_Na,àsü :
French,bad : to be,Kaba,mànjàÑg
French,bad : to be,Mbay,màjà• :
French,bad : to be,Mango,màjà•
French,bad : to be,Nar,màjà• :
French,bad : to be,Ngambay,màjÆ• :
French,bad : to be,Sar,màjà•
French,bad : to be,Ngam,màjà• b
French,bag,Bebote,ßôl :
French,bag,Bediondo,ßôl :
French,bag,Daba,ßôl
French,bag,Gor,ßôl :
French,bag,Gulay,sáng :
French,bag,Kaba,ßôl
French,bag,Laka,ßôl :
French,bag,Mbay,ßôl :
French,bag,Mango,mbù
French,bag,Nar,ngòng :
French,bag,Ngambay,ßôl :
French,bag,Sar,ngòng
French,bag,Ngam,ngîng b
French,balance : to,Bebote,yé® :
French,balance : to,Bediondo,yÉr :
French,balance : to,Gulay,÷è£
French,balance : to,Laka,yÉr :
French,balance : to,Mbay,yá® :
French,balance : to,Mango,yÉ® b
French,balance : to,Ngambay,yé® :
French,balance : to,Sar,yá®
French,bald : to be,Bebote,ngî :
French,bald : to be,Gor,ngî
French,bald : to be,Gulay,ngî :
French,bald : to be,Mbay,ngîî :
French,bald : to be,Mango,î®
French,bald : to be,Nar,ngî :
French,bald : to be,Ngambay,ngî :
French,bald : to be,Sar,ngî
French,bale of grass,Bebote,mônë :
French,bale of grass,Bediondo,mónë
French,bale of grass,Daba,míró :
French,bale of grass,Gulay,mórë :
French,bale of grass,Laka,mórö b
French,bale of grass,Mbay,m‡ró :
French,bale of grass,Mango,mónë
French,bale of grass,Ngambay,mórö :
French,bale of grass,Sar,móÈò
French,bark (of tree),Bebote,ngôy :
French,bark (of tree),Bediondo,ngôy
French,bark (of tree),Gor,ngôy :
French,bark (of tree),Gulay,ngô :
French,bark (of tree),Laka,ngôy b
French,bark (of tree),Mbay,ngôy :
French,bark (of tree),Nar,ngô
French,bark (of tree),Ngambay,ngôy
French,bark (of tree),Ngam,ngô :
French,"rk (of tree), dry",Bebote,màmä :
French,"rk (of tree), dry",Bediondo,màmä
French,"rk (of tree), dry",Daba,kô-mà« :
French,"rk (of tree), dry",Gor,màmä
French,"rk (of tree), dry",Gulay,màmä :
French,"rk (of tree), dry",Kaba,ngôy
French,"rk (of tree), dry",Laka,‡-màmä :
French,"rk (of tree), dry",Mbay,mò« :
French,"rk (of tree), dry",Mango,màmä
French,"rk (of tree), dry",Nar,mbàmbä :
French,"rk (of tree), dry",Ngambay,màmä
French,"rk (of tree), dry",Sar,kàdÕ
French,sket : large,Bebote,kàrè :
French,sket : large,Bediondo,kàrè
French,sket : large,Gor,kàrà :
French,sket : large,Gulay,jángá
French,sket : large,Kaba,kàrè :
French,sket : large,Laka,kàrè-bƒ
French,sket : large,Mbay,jáñg :
French,sket : large,Mango,kàrè
French,sket : large,Nar,döb¸ :
French,sket : large,Ngambay,kàrè
French,sket : large,Sar,jáng
French,sket (for winnowing),Bebote,kèë :
French,sket (for winnowing),Bediondo,kèë :
French,sket (for winnowing),Daba,kèë
French,sket (for winnowing),Gor,kèë :
French,sket (for winnowing),Gulay,kèë :
French,sket (for winnowing),Kaba_Na,kèë
French,sket (for winnowing),Kaba,kèë : Kul=kèë :
French,sket (for winnowing),Laka,kèë
French,sket (for winnowing),Mbay,kèë :
French,sket (for winnowing),Mango,kèë :
French,sket (for winnowing),Nar,kèë
French,sket (for winnowing),Ngambay,kèë :
French,sket (for winnowing),Sar,kèë
French,sket (for winnowing),Ngam,kèë :
French,t : type of,Bebote,döw :
French,t : type of,Bediondo,dö :
French,t : type of,Daba,döw
French,t : type of,Gor,döw :
French,t : type of,Gulay,dö :
French,t : type of,Kaba_Na,dòngì
French,t : type of,Kaba,döw :
French,t : type of,Mbay,döw :
French,t : type of,Mango,dö
French,t : type of,Nar,döw :
French,t : type of,Ngambay,dö
French,t : type of,Sar,döw
French,t : type of,Ngam,döw :
French,t : type of,Gulay,ngîkÕr :
French,t : type of,Laka,dö-kÜw
French,t : type of,Mbay,ngîkÕr :
French,t : type of,Nar,k‡-ngîkÕrî
French,t : type of,Ngambay,dî-lò
French,the : to,Bebote,ndòg¸ :
French,the : to,Bediondo,ndòg¸
French,the : to,Daba,ndòg :
French,the : to,Gor,ndòg¸
French,the : to,Gulay,ndògö :
French,the : to,Kaba_Na,njòbö
French,the : to,Kaba,ndòkö :
French,the : to,Laka,ndògö
French,the : to,Mbay,ndòg¸ :
French,the : to,Mango,ndòg¸
French,the : to,Nar,ndòg¸ :
French,the : to,Ngambay,ndògö :
French,the : to,Sar,ndòg¸
French,the : to,Ngam,ndògö
French,: to,Bebote,¡ :
French,: to,Bediondo,è :
French,: to,Daba,ì
French,: to,Gor,¡ :
French,: to,Gulay,è :
French,: to,Kaba,tö
French,: to,Laka,tö :
French,: to,Mbay,ì :
French,: to,Mango,tö :
French,: to,Nar,ì
French,: to,Ngambay,tö :
French,: to,Sar,ì
French,: to,Ngam,ì :
French,"like, as : to be",Bebote,tö :
French,"like, as : to be",Bediondo,tæk‡ :
French,"like, as : to be",Daba,tí
French,"like, as : to be",Gor,tök‡ :
French,"like, as : to be",Gulay,tït¸
French,English –,Kaba,tökú :
French,English –,Laka,tög‡
French,English –,Mbay,tït¸ :
French,English –,Mango,tït¸
French,English –,Nar,tït¸ :
French,English –,Ngambay,tög‡ :
French,English –,Sar,tït¸
French,English –,Ngam,tït¸
French,beads,Bebote,mÆdÕ :
French,beads,Bediondo,mÆdÕ
French,beads,Daba,mèd :
French,beads,Gor,mÆdÕ :
French,beads,Gulay,mÆdÕ
French,beads,Kaba_Na,kîßè-kúlë :
French,beads,Kaba,mÆr
French,beads,Laka,mÆr :
French,beads,Mbay,mèdÕ :
French,beads,Mango,mÆdÕ
French,beads,Nar,mèdè :
French,beads,Ngambay,mÆr :
French,beads,Sar,mèd
French,beans,Bebote,mùnjÕ :
French,beans,Bediondo,mÕnjÕ
French,beans,Daba,mònj :
French,beans,Gor,mùnjÕ
French,beans,Gulay,mùnjù :
French,beans,Kaba_Na,mìnjò
French,beans,Kaba,mùnjù : Kul=mònjò
French,beans,Laka,mÕnjì :
French,beans,Mbay,mùnjò
French,beans,Mango,mùnjù :
French,beans,Nar,mònjò
French,beans,Ngambay,mìnjì
French,beans,Sar,mùnjò
French,beans,Ngam,mÕnjò :
French,bear fruit : to,Bebote,ànd¸ :
French,bear fruit : to,Bediondo,ànd¸
French,bear fruit : to,Daba,ànd :
French,bear fruit : to,Gor,ànd¸ :
French,bear fruit : to,Gulay,àñ
French,bear fruit : to,Kaba_Na,ànä :
French,bear fruit : to,Kaba,ànd¸ :
French,bear fruit : to,Laka,ànd
French,bear fruit : to,Mbay,ànd¸ :
French,bear fruit : to,Mango,ànd¸
French,bear fruit : to,Nar,"àñ, ùdÕ :"
French,bear fruit : to,Ngambay,ànd¸
French,bear fruit : to,Sar,àñ
French,beard,Bebote,mbäý-tà :
French,beard,Bediondo,mbáy
French,beard,Daba,mbäý :
French,beard,Gor,mbáy-tà
French,beard,Gulay,mbäý-tà :
French,beard,Kaba_Na,mbïyá
French,beard,Kaba,mbäý :
French,beard,Laka,mbáy
French,beard,Mbay,mbäý :
French,beard,Mango,mbáy-tà
French,beard,Nar,mbäý :
French,beard,Ngambay,mbäý
French,beard,Sar,mbäý
French,because,Bebote,mbä :
French,because,Bediondo,tà-dû
French,because,Daba,kìtû :
French,because,Gor,mbä-k¡-k‡
French,because,Kaba_Na,lòhà-ré :
French,because,Kaba,mbä-tà-
French,because,Laka,mbä
French,because,Mbay,kÕtû-kàd¸ :
French,because,Mango,dû-tàlÆ
French,because,Nar,täm-kàd¸ :
French,because,Ngambay,mbä-tà
French,because,Sar,tòdö
French,because of,Bebote,mbä-tà-lÆ :
French,because of,Bediondo,tàdû
French,because of,Daba,kìtû :
French,because of,Gor,mbä-tà
French,because of,Gulay,tÆdæ :
French,because of,Mbay,kÕtû :
French,because of,Mango,kÕ-d
French,Sara Languages,Nar,täm-yä :
French,Sara Languages,Ngambay,mbä :
French,Sara Languages,Sar,nàj¸
French,Sara Languages,Ngam,täm-yä
French,bed,Bebote,t‡rÉ :
French,bed,Gor,t¸rÉ
French,bed,Gulay,tïrÉ :
French,bed,Kaba_Na,ßìdä
French,bed,Kaba,tïrä :
French,bed,Laka,Žïrä
French,bed,Mbay,t¸rá :
French,bed,Mango,tírÉ
French,bed,Nar,t¸rÉ :
French,bed,Ngambay,tïrä
French,bed,Sar,t¸Èá
French,bedbug,Bediondo,‡-ßÅmç :
French,bedbug,Gulay,ßî-ßî®
French,bedbug,Kaba,‡-ßî-ßûr :
French,bedbug,Laka,ßûr
French,bedbug,Mbay,tƒyº-ßûr :
French,bedbug,Mango,‡-ßáà-bÅç
French,bee; honey,Bebote,tÆjÕ :
French,bee; honey,Bediondo,tÆjÕ
French,bee; honey,Daba,tèj :
French,bee; honey,Gor,tÆjÕ :
French,bee; honey,Gulay,tùjù
French,bee; honey,Kaba_Na,tàgì :
French,bee; honey,Kaba,tèjì
French,bee; honey,Laka,tÆjì :
French,bee; honey,Mbay,tèjÕ :
French,bee; honey,Mango,tòjÕ
French,bee; honey,Nar,tèjÕ :
French,bee; honey,Ngambay,tènjì
French,bee; honey,Sar,tèjÕ
French,beehive,Bebote,rówë :
French,beehive,Bediondo,róbë
French,beehive,Gor,rówæ :
French,beehive,Gulay,pórë
French,beehive,Kaba_Na,nüßä :
French,beehive,Kaba,róbö
French,beehive,Laka,bórö :
French,beehive,Mbay,rúbö :
French,beehive,Mango,pÇnþ
French,beehive,Nar,róbö :
French,beehive,Ngambay,mbórö :
French,beehive,Sar,hórö
French,beehive,Ngam,j¸ngû
French,beer : millet,Bebote,bílbìl :
French,beer : millet,Bediondo,b‡lbÕl
French,beer : millet,Daba,bíl-bìl :
French,beer : millet,Gor,b‡l-bÕl
French,beer : millet,Gulay,bíl-bìl :
French,beer : millet,Kaba_Na,bílí-bìlì
French,beer : millet,Kaba,bíl-bìl :
French,beer : millet,Laka,ködö
French,beer : millet,Mbay,bí£-bìl :
French,beer : millet,Ngambay,bíl-bìl :
French,beer : millet,Sar,bíl-bìl
French,beer : millet,Ngam,kàsÕ-mbú®
French,beer : type of,Daba,yïb :
French,beer : type of,Gulay,yïb¸
French,beer : type of,Laka,ködö :
French,beer : type of,Mbay,yïb¸ :
French,beer : type of,Mango,yïb¸
French,ò bees (live in ground),Bebote,b¡yÐ :
French,ò bees (live in ground),Bediondo,bÕyÐ
French,ò bees (live in ground),Gor,b¡yÐ :
French,ò bees (live in ground),Gulay,tùjù-b¡
French,ò bees (live in ground),Kaba_Na,bèÿ :
French,ò bees (live in ground),Kaba,b¡y¼ :
French,ò bees (live in ground),Laka,b¡y¼
French,ò bees (live in ground),Mbay,b¡y¼ :
French,ò bees (live in ground),Mango,b¡yÐ
French,ò bees (live in ground),Nar,b¡yÐ :
French,ò bees (live in ground),Ngambay,b¡y¼
French,ò bees (live in ground),Sar,b¡y¼
French,beetle : blister beetle b,Bediondo,nj‡bæ
French,beetle : blister beetle b,Kaba_Na,kí-málá-gògórò
French,beetle : blister beetle b,Mbay,ngôlû :
French,beetle : blister beetle b,Ngambay,njúbä
French,before,Bebote,kété :
French,before,Bediondo,kÉté
French,before,Daba,kétë :
French,before,Gor,kété :
French,before,Gulay,kété b
French,before,Kaba_Na,gétè :
French,before,Kaba,kété
French,before,Laka,ké÷é :
French,before,Mbay,kété :
French,before,Mango,kété
French,before,Nar,jóÿ :
French,before,Ngambay,kédé :
French,before,Sar,kété
French,before,Ngam,kété
French,before,Bebote,tà :
French,before,Bediondo,tà :
French,before,Gor,tà b
French,before,Gulay,tà :
French,before,Kaba,tà :
French,before,Laka,tà
French,before,Mbay,tà :
French,before,Mango,tà :
French,before,Nar,tÆ
French,before,Ngambay,tà :
French,before,Sar,tà
French,beg for : to,Bediondo,kîy :
French,beg for : to,Daba,kî :
French,beg for : to,Gor,kîy b
French,beg for : to,Gulay,kî :
French,beg for : to,Kaba_Na,njîßè :
French,beg for : to,Kaba,kîy
French,beg for : to,Laka,kîwày :
French,beg for : to,Mbay,kîî :
French,beg for : to,Mango,kîy
French,beg for : to,Nar,gèdè :
French,beg for : to,Ngambay,kîy :
French,beg for : to,Sar,gÕdè
French,behind,Bebote,gìdÕ :
French,behind,Bediondo,gÕdÕ
French,behind,Daba,gìd :
French,behind,Gor,gìdÕ :
French,behind,Gulay,gìdÕ b
French,behind,Kaba_Na,gû :
French,behind,Kaba,gìr :
French,behind,Laka,gìr
French,behind,Mbay,gìdÕ :
French,behind,Mango,gìdÕ
French,behind,Nar,gìdÕ :
French,behind,Ngambay,gìr :
French,behind,Sar,gìdÕ
French,belly button,Bebote,küm :
French,belly button,Bediondo,küm :
French,belly button,Daba,kúm
French,belly button,Gor,kúm :
French,belly button,Gulay,kúm :
French,belly button,Kaba_Na,küm b
French,belly button,Kaba,küm :
French,belly button,Laka,kúm :
French,belly button,Mbay,kúm
French,belly button,Mango,kúm :
French,belly button,Nar,kúm :
French,belly button,Ngambay,küm b
French,belly button,Sar,kúm
French,bend : to,Bebote,ùd¸ :
French,bend : to,Gulay,bìndæ
French,bend : to,Mbay,bÕndä :
French,bend : to,Mango,rät‡
French,bend : to,Nar,bÕndæ :
French,bend : to,Sar,bÕndä
French,better,Bebote,só-t‡ :
French,better,Bediondo,só-t‡
French,b,Daba,só-tï :
French,b,Gor,só-t‡
French,b,Gulay,só-t‡ :
French,b,Kaba,sót‡
French,b,Mbay,só-t‡ :
French,b,Mango,só-t‡
French,b,Nar,só-t‡ :
French,b,Ngambay,só-d‡ :
French,b,Sar,só-t‡
French,b,Ngam,sóò-t‡
French,g : to be,Bebote,bòý :
French,g : to be,Daba,bò
French,g : to be,Gor,möng¸ :
French,g : to be,Gulay,bò :
French,g : to be,Kaba_Na,wòö
French,g : to be,Kaba,"ndæw, bò : Kul=kókò"
French,g : to be,Laka,bò :
French,g : to be,Mbay,bòo :
French,g : to be,Mango,bòý
French,g : to be,Nar,bò :
French,g : to be,Ngambay,bòý :
French,g : to be,Sar,bò
French,rd,Bebote,yÆ£ :
French,rd,Bediondo,yÆ£ :
French,rd,Daba,yè£
French,rd,Gor,yÆ£ :
French,rd,Gulay,Æ£ :
French,rd,Kaba_Na,àlï
French,rd,Kaba,Æ£ : Kul=kólë :
French,rd,Laka,yè£
French,rd,Mbay,yè£ :
French,rd,Mango,Æ£ :
French,rd,Nar,yè£
French,rd,Ngambay,è£ :
French,rd,Sar,yè£
French,rd,Ngam,yè£ :
French,rd : type of,Bediondo,däng¸ :
French,rd : type of,Kaba_Na,gü
French,rd : type of,Laka,‡-ngàw-yö-àÑg :
French,rd : type of,Mbay,jú«
French,rd : type of,Nar,júm :
French,rd : type of,Ngambay,jímï :
French,rd : type of,Sar,júmbü
French,rd : type of,Ngam,júmb¸
French,te : to,Bebote,dÅ :
French,te : to,Bediondo,dÅ :
French,te : to,Daba,dÅ
French,te : to,Gor,dÅ :
French,te : to,Gulay,dÅ :
French,te : to,Kaba_Na,jù…ù
French,te : to,Kaba,tÇ :
French,te : to,Laka,tÇ :
French,te : to,Mbay,dÅ¢
French,te : to,Mango,dÅ :
French,te : to,Nar,dÅ :
French,te : to,Ngambay,tÇ :
French,te : to,Sar,dÅ
French,te : to,Ngam,dÅ
French,tter : to be,Bebote,àt¸ :
French,tter : to be,Bediondo,àt¸ :
French,tter : to be,Daba,àt
French,tter : to be,Gor,àt¸ :
French,tter : to be,Gulay,àt¸ :
French,tter : to be,Kaba_Na,kátä
French,tter : to be,Kaba,àt¸ :
French,tter : to be,Laka,àd¸ :
French,tter : to be,Mbay,àt¸
French,tter : to be,Mango,àt¸ :
French,tter : to be,Nar,àt¸ :
French,tter : to be,Ngambay,àd¸ :
French,tter : to be,Sar,àt¸
French,tter : to be,Ngam,kát¸
French,"tter, acidic : to be",Gulay,ùdù :
French,"tter, acidic : to be",Laka,ùrü :
French,"tter, acidic : to be",Mbay,ìdè
French,ack : to be,Bebote,ndùl :
French,ack : to be,Bediondo,ndùl
French,ack : to be,Daba,ìl :
French,ack : to be,Gor,ndùl :
French,ack : to be,Gulay,ndùl
French,ack : to be,Kaba_Na,ìlì :
French,ack : to be,Kaba,ndùl : Kul=ìtì
French,ack : to be,Laka,ndùl :
French,ack : to be,Mbay,ìl :
French,ack : to be,Mango,ndùl
French,ack : to be,Nar,ndùl :
French,ack : to be,Ngambay,ndùl :
French,ack : to be,Sar,ndùl
French,ack : to be,Ngam,ndùl
French,acksmith,Bebote,kîd¸ :
French,acksmith,Bediondo,kîd¸
French,acksmith,Gor,"njÆ-kòw-yª,kîd¸"
French,acksmith,Gulay,kîd¸ :
French,acksmith,Kaba_Na,kîdë-kòkù
French,acksmith,Kaba,kîrü :
French,acksmith,Laka,njè-kî®
French,acksmith,Mbay,kîd¸ :
French,acksmith,Mango,kîd¸
French,acksmith,Nar,kîd¸ :
French,acksmith,Ngambay,njè-kî® :
French,acksmith,Sar,kîd¸
French,acksmith,Ngam,kîd¸
French,blind person,Gor,njè-kùm-tû
French,blind person,Gulay,njè-kùm-tû
French,blind person,Kaba,njè-kùm-tû
French,blind person,Laka,njè-kÆm-tû
French,blind person,Mbay,ngè-kùm-tûû
French,blind person,Mango,njè-kÆm-tû
French,blind person,Nar,ngè-kùm-tû
French,blind person,Ngambay,njè-kÆm-tû
French,blind person,Sar,ngè-kùm-tû
French,blind person (from birth),Bediondo,mÕnd¸ :
French,blind person (from birth),Daba,mìndö
French,blind person (from birth),Kaba,njè-kùm-tû :
French,blind person (from birth),Mbay,mùndö
French,blind person (from birth),Nar,mùndö :
French,blind person (from birth),Sar,mùndö
French,blister,Bebote,pólë :
French,blister,Bediondo,pólë
French,blister,Gor,pólë :
French,blister,Gulay,pólë
French,blister,Kaba,pólë :
French,blister,Laka,pólö
French,blister,Mbay,hílë :
French,blister,Mango,pólë
French,blister,Nar,hólö :
French,blister,Ngambay,pólë :
French,blister,Sar,hólö
French,blister,Ngam,hílë
French,blood,Bebote,mÉs¸ :
French,blood,Bediondo,mÉs¸
French,blood,Daba,mós :
French,blood,Gor,mós¸ :
French,blood,Gulay,mÉs¸
French,blood,Kaba_Na,másù :
French,blood,Kaba,mÉs¸
French,blood,Laka,mÉs¸ :
French,blood,Mbay,mós‡ :
French,blood,Mango,mÉs¸
French,blood,Nar,mós¸ :
French,blood,Ngambay,mÉs¸
French,blood,Sar,mósÕ
French,boar,Bebote,bÆ® :
French,boar,Bediondo,bÆ® :
French,boar,Daba,bò÷
French,boar,Gor,bò® :
French,boar,Gulay,bÆ® :
French,boar,Kaba_Na,bàrü
French,boar,Kaba,bÆ® :
French,boar,Laka,bÆræ :
French,boar,Mbay,bò®
French,boar,Mango,bÆ® :
French,boar,Nar,bò®-k‡-wàá
French,boar,Ngambay,bÆ® :
French,boar,Sar,bò®
French,boar,Ngam,bò® :
French,board,Mbay,bàr :
French,board,Mango,bÆgÕrÆ
French,board,Sar,bàr
French,boast : to,Bebote,bòrè :
French,boast : to,Bediondo,báj¸
French,boast : to,Gor,"gú,ngÅm :"
French,boast : to,Kaba_Na,…îgîrî
French,boast : to,Kaba,ngÆm :
French,boast : to,Laka,"ngòm, ùlà"
French,boast : to,Mbay,ngòm :
French,boast : to,Mango,ngòm
French,boast : to,Nar,ngòm :
French,boast : to,Ngambay,bélë :
French,boast : to,Sar,nj
French,body,Bebote,rû :
French,body,Bediondo,rû :
French,body,Daba,dä-rû
French,body,Gor,dä-rû :
French,body,Gulay,rä :
French,body,Kaba_Na,yû
French,body,Kaba,rû : Kul=yû :
French,body,Laka,dä-rû
French,Sara Languages,Mbay,rö :
French,Sara Languages,Mango,rû :
French,Sara Languages,Nar,rû
French,Sara Languages,Ngambay,dä-rû :
French,Sara Languages,Sar,Èû
French,Sara Languages,Ngam,Èö :
French,boil : to,Bebote,lëg‡ :
French,boil : to,Bediondo,læg‡
French,boil : to,Daba,lëg :
French,boil : to,Gor,òlë :
French,boil : to,Gulay,òlë
French,boil : to,Kaba,lëk‡ :
French,boil : to,Laka,læg‡
French,boil : to,Mbay,lëg‡ :
French,boil : to,Mango,òlë :
French,boil : to,Nar,èlë
French,boil : to,Ngambay,òlë :
French,boil : to,Sar,nëg‡
French,boil : to,Ngam,nëg‡ :
French,bone,Bebote,s¸ngæ :
French,bone,Bediondo,s¸ngæ
French,bone,Daba,kïngû :
French,bone,Gor,s¸ngæ
French,bone,Gulay,kïngæ :
French,bone,Kaba_Na,nüngä
French,bone,Kaba,sïngä : Kul=…ûngû
French,bone,Laka,"sïngä,kïngä :"
French,bone,Mbay,k¸ngä
French,bone,Mango,sïngæ :
French,bone,Nar,k¸ngæ
French,bone,Ngambay,sïngä
French,bone,Sar,k¸ngö
French,bone,Ngam,k¸ngû :
French,borrow; lend : to,Bebote,nd¸mð :
French,borrow; lend : to,Bediondo,nd¸mæ
French,borrow; lend : to,Daba,ndïmä :
French,borrow; lend : to,Gulay,nd¬mð
French,borrow; lend : to,Laka,njïmä :
French,borrow; lend : to,Mbay,nd¸mä
French,borrow; lend : to,Mango,ndïmæ :
French,borrow; lend : to,Nar,nd¸mð
French,borrow; lend : to,Ngambay,ndïmä
French,borrow; lend : to,Ngam,nd¸mä :
French,bother : to,Bebote,jûg¸ :
French,bother : to,Bediondo,nj‡bæ
French,bother : to,Daba,jéë :
French,bother : to,Gor,tápá :
French,bother : to,Gulay,ndîjÕ
French,bother : to,Kaba,jûkü :
French,bother : to,Laka,jûg¸
French,bother : to,Mbay,"nj‡ßä,táp¸ :"
French,bother : to,Mango,jûg¸
French,bother : to,Nar,nj‡bæ :
French,bother : to,Ngambay,táb¸ :
French,bother : to,Sar,nj‡ßä
French,bother : to,Ngam,nj‡ßä
French,bow and arrow,Bebote,kônd¸rû :
French,bow and arrow,Bediondo,kúndÕrú
French,bow and arrow,Gor,kônd¸rû :
French,bow and arrow,Gulay,mbándáng
French,bow and arrow,Kaba_Na,ßùlè :
French,bow and arrow,Kaba,kóndörö
French,bow and arrow,Laka,kóndöró :
French,bow and arrow,Mbay,kÕrº
French,bow and arrow,Mango,mändäng :
French,bow and arrow,Nar,g¸rð
French,bow and arrow,Ngambay,ßándáng :
French,bow and arrow,Sar,gÕÈä
French,bowl : small clay,Bebote,mbä-tà :
French,bowl : small clay,Bediondo,bày
French,bowl : small clay,Gulay,bày :
French,bowl : small clay,Kaba_Na,hàyà :
French,bowl : small clay,Kaba,bày
French,bowl : small clay,Laka,bày :
French,bowl : small clay,Mbay,bày :
French,bowl : small clay,Nar,bày
French,bowl : small clay,Ngambay,bày
French,bran,Bebote,bÕnð :
French,bran,Bediondo,bÕnæ
French,bran,Gor,bÕnð :
French,bran,Gulay,b¡nð
French,bran,Kaba_Na,gìrà :
French,bran,Kaba,‡-ßÆñg
French,bran,Laka,bìnä :
French,bran,Mbay,"bÕnä,bÕnº b"
French,bran,Mango,b¡nð :
French,bran,Nar,bÕnæ
French,bran,Ngambay,bìnä
French,bran,Sar,bÕnä
French,bran,Ngam,bÕnä :
French,bread,Bebote,mápà :
French,bread,Bediondo,mápà
French,bread,Daba,mápà :
French,bread,Gor,mápà :
French,bread,Gulay,mápà
French,bread,Kaba_Na,mápà :
French,bread,Kaba,mbæ :
French,bread,Laka,mápà
French,bread,Mbay,mápà :
French,bread,Mango,mápà b
French,bread,Nar,mápà :
French,bread,Ngambay,mápà
French,bread,Sar,mápà
French,break : to,Bebote,tÆtÕ :
French,break : to,Bediondo,tÆtÕ
French,break : to,Daba,tèt :
French,break : to,Gor,tÆtÕ :
French,break : to,Gulay,tètÕ
French,break : to,Kaba_Na,tàtè :
French,break : to,Kaba,tètÕ
French,break : to,Laka,ŽèdÕ :
French,break : to,Mbay,tètÕ :
French,break : to,Mango,tÆtÕ b
French,break : to,Nar,tètÕ :
French,break : to,Ngambay,tÆdÕ
French,break : to,Sar,tètÕ
French,break : to,Bebote,búd¸ :
French,break : to,Bediondo,tû :
French,break : to,Daba,tû b
French,break : to,Gor,tû :
French,break : to,Gulay,tû :
French,break : to,Kaba_Na,tûkû
French,break : to,Kaba,tû :
French,break : to,Laka,tû :
French,break : to,Mbay,tûû
French,break : to,Mango,tû :
French,break : to,Nar,tû :
French,break : to,Ngambay,tû
French,break : to,Sar,tû
French,breast,Bebote,mbà :
French,breast,Bediondo,mbà :
French,breast,Daba,mbà
French,breast,Gor,mbà :
French,breast,Gulay,mbà :
French,breast,Kaba_Na,mbàä b
French,breast,Kaba,mbà :
French,breast,Laka,mbà :
French,breast,Mbay,mbàa
French,breast,Mango,mbà :
French,breast,Nar,mbà :
French,breast,Ngambay,mbà :
French,breast,Sar,mbà
French,breast,Ngam,mbà
French,breath; rest,Bebote,kÐð :
French,breath; rest,Bediondo,kÐð :
French,breath; rest,Daba,kòö b
French,breath; rest,Gor,kÅç :
French,breath; rest,Gulay,kÆb¸ :
French,breath; rest,Kaba_Na,kàÛ
French,breath; rest,Kaba,kÆm :
French,breath; rest,Laka,kÐw :
French,breath; rest,Mbay,kòö
French,breath; rest,Mango,kÆæ :
French,breath; rest,Nar,kòö :
French,breath; rest,Ngambay,kÆmæ :
French,breath; rest,Sar,kòö
French,breath; rest,Ngam,kÅhç
French,bridge b,Bebote,ndª :
French,bridge b,Bediondo,bàbÕrà
French,bridge b,Kaba,ndá :
French,bridge b,Laka,ndá :
French,bridge b,Mbay,ndáa
French,bridge b,Mango,bàbÕrà :
French,bridge b,Ngambay,dá¥
French,bridge b,Sar,ndáà b
French,bright : to be; to light,Bebote,ùnj¸ :
French,bright : to be; to light,Bediondo,ùnj¸
French,bright : to be; to light,Gor,ùnj¸ :
French,bright : to be; to light,Gulay,ùnjü :
French,bright : to be; to light,Kaba_Na,òjï
French,bright : to be; to light,Mbay,ùnj¸ :
French,bright : to be; to light,Mango,ùnjü
French,bright : to be; to light,Nar,ùnj¸ :
French,bright : to be; to light,Ngambay,ìnjï :
French,bright : to be; to light,Sar,ùnj¸
French,bright : to be; to light,Ngam,wùnj¸
French,oom,Bebote,ndÕsæ :
French,oom,Bediondo,ndÕsæ
French,oom,Daba,ndìsä :
French,oom,Gor,ndÕsæ
French,oom,Gulay,ndìsæ :
French,oom,Kaba_Na,jàkö
French,oom,Kaba,ngìsä :
French,oom,Laka,‡-ngìsä
French,oom,Mbay,ndÕsä :
French,oom,Mango,ndìsæ
French,oom,Nar,ndÕsæ :
French,oom,Ngambay,ndìsä :
French,oom,Sar,ndÕsä
French,oom,Ngam,ndÕsä
French,other-in-law,Bebote,sáj¸ :
French,other-in-law,Bediondo,sáj¸
French,other-in-law,Daba,sáj :
French,other-in-law,Gor,sáj¸ :
French,other-in-law,Gulay,sáj‡
French,other-in-law,Kaba_Na,sáyò :
French,other-in-law,Kaba,sáj¸
French,other-in-law,Mbay,sáj‡ :
French,other-in-law,Mango,sáj¸
French,other-in-law,Nar,sáj¸ :
French,other-in-law,Sar,sáj‡
French,other-in-law,Ngam,sáj‡
French,"d, grow : to",Bebote,ÕbÆ :
French,"d, grow : to",Gulay,ùbÆ
French,"d, grow : to",Kaba,ùßà :
French,"d, grow : to",Laka,ùßà :
French,"d, grow : to",Mbay,ßà
French,"d, grow : to",Nar,ìtÕ
French,ffalo,Bebote,dîgÕ :
French,ffalo,Bediondo,dîgÕ
French,ffalo,Daba,dîg :
French,ffalo,Gor,dîgÕ :
French,ffalo,Gulay,dîgÕ
French,ffalo,Kaba_Na,dîgî :
French,ffalo,Kaba,dîkù
French,ffalo,Laka,dîgÕ :
French,ffalo,Mbay,dîgÕ :
French,ffalo,Mango,dîgÕ
French,ffalo,Nar,dîgÕ :
French,ffalo,Ngambay,dîgÕ :
French,ffalo,Sar,dîgÕ
French,ffalo,Ngam,dîgÕ
French,rn : to,Bebote,Å :
French,rn : to,Daba,Å :
French,rn : to,Gor,Å
French,rn : to,Gulay,Å :
French,rn : to,Kaba_Na,î…î :
French,rn : to,Kaba,Å
French,rn : to,Laka,Å :
French,rn : to,Mbay,Å¢ :
French,rn : to,Mango,Å :
French,rn : to,Nar,Å
French,rn : to,Ngambay,Å :
French,rn : to,Sar,“
French,rn base of tree : to,Bebote,îÛ :
French,rn base of tree : to,Bediondo,îb¸ :
French,rn base of tree : to,Gulay,îb¸
French,rn base of tree : to,Kaba_Na,îßû :
French,rn base of tree : to,Laka,îb¸ :
French,rn base of tree : to,Mbay,îÛ
French,rn base of tree : to,Mango,îb¸ :
French,rn base of tree : to,Nar,îb¸ :
French,rn base of tree : to,Ngambay,îb¸
French,rn base of tree : to,Sar,îÛ
French,rn hairs : to,Bebote,yòlè :
French,rn hairs : to,Bediondo,yòlè
French,rn hairs : to,Laka,yòlè :
French,rn hairs : to,Mbay,tùlò :
French,rn hairs : to,Mango,yòlè
French,rn hairs : to,Ngambay,yòlè :
French,rn hairs : to,Sar,g‡Èë
French,rp,Bebote,dÆjÕ :
French,rp,Bediondo,dÆjÕ
French,rp,Daba,òng :
French,rp,Gor,dÆjÕ :
French,rp,Gulay,gèdè
French,rp,Kaba,dùjù :
French,rp,Laka,dÆjì
French,rp,Mbay,gìjè :
French,rp,Mango,dÆjÕ
French,English –,Nar,gÕjÆ :
French,English –,Ngambay,dÆjì
French,English –,Sar,gÕjà
French,"bury, plant : to",Bebote,dìÛ :
French,"bury, plant : to",Bediondo,dÕb¸
French,"bury, plant : to",Daba,dùb :
French,"bury, plant : to",Gor,dùü :
French,"bury, plant : to",Gulay,dùbü
French,"bury, plant : to",Kaba_Na,jùbü :
French,"bury, plant : to",Kaba,dùbü
French,"bury, plant : to",Laka,dùbü :
French,"bury, plant : to",Mbay,dùb¸ :
French,"bury, plant : to",Mango,dùbü
French,"bury, plant : to",Nar,dùb¸ :
French,"bury, plant : to",Ngambay,dùbü :
French,"bury, plant : to",Sar,dùb¸
French,"bury, plant : to",Ngam,dùb¸
French,bush : type of,Bediondo,‡-möng‡ :
French,bush : type of,Gulay,möngíyö
French,bush : type of,Mbay,k‡-möng :
French,bush : type of,Mango,‡-möng¸
French,bush : type of,Ngambay,kám-móñg :
French,bush : type of,Sar,müng
French,"bush, leaf",Bebote,kám :
French,"bush, leaf",Bediondo,kám :
French,"bush, leaf",Daba,kám
French,"bush, leaf",Gor,kám :
French,"bush, leaf",Gulay,kám :
French,"bush, leaf",Kaba_Na,kámb
French,"bush, leaf",Kaba,kám : Kul=hámvà :
French,"bush, leaf",Laka,ká
French,"bush, leaf",Mbay,kám :
French,"bush, leaf",Mango,kám :
French,"bush, leaf",Nar,kám
French,"bush, leaf",Ngambay,kám
French,"bush, leaf",Sar,kámbÕ
French,"bush, leaf",Ngam,kámb‡ :
French,bushbuck,Bediondo,tÆbÕ :
French,bushbuck,Kaba_Na,tóßö
French,bushbuck,Mbay,tòw :
French,bushbuck,Mango,tòbÕ
French,bushbuck,Ngambay,"tÆbÕ,tòbÕ :"
French,bushbuck,Sar,tòw
French,butterfly,Bebote,‡-lèbë :
French,butterfly,Bediondo,‡-lá-bŸþ
French,butterfly,Gor,‡-lèwë :
French,butterfly,Gulay,bÉd-bæy
French,butterfly,Kaba_Na,kékéßë :
French,butterfly,Kaba,ømº
French,butterfly,Laka,pìpì :
French,butterfly,Mbay,k‡-bà-bél
French,butterfly,Mango,sábèlë
French,butterfly,Nar,k‡-lët¸-bérë
French,butterfly,Ngambay,ébë :
French,butterfly,Sar,bèl-bé¥
French,buttocks,Bebote,kùtÕ :
French,buttocks,Bediondo,g‡n
French,buttocks,Daba,gáy :
French,buttocks,Gor,kùtÕ :
French,buttocks,Gulay,mbù®
French,buttocks,Kaba_Na,mèy :
French,buttocks,Kaba,kùtù
French,buttocks,Laka,kùdù :
French,buttocks,Mbay,gír
French,buttocks,Mango,kùt¸ :
French,buttocks,Nar,gír :
French,buttocks,Ngambay,kùdù :
French,buttocks,Sar,mbùÊ
French,buttocks,Ngam,gír
French,"by, near",Bebote,mbô :
French,"by, near",Bediondo,rû
French,"by, near",Gor,gæd¸ :
French,"by, near",Gulay,rä :
French,"by, near",Kaba,rû
French,"by, near",Mbay,rö :
French,"by, near",Mango,mbô :
French,"by, near",Nar,rû
French,"by, near",Ngambay,rû :
French,"by, near",Sar,Èû
French,"by, near",Ngam,Èö :
French,calf,Gulay,ndàndän :
French,calf,Mbay,sôl
French,calf,Mango,ndän-njà :
French,calf,Sar,ßî£
French,calm,Gulay,ndìng :
French,calm,Mbay,ndìng
French,calm,Mango,ndìng :
French,calm,Sar,ndìng
French,call : to,Bebote,ßär :
French,call : to,Bediondo,ßä :
French,call : to,Daba,kô®
French,call : to,Gor,ßär :
French,call : to,Gulay,ßär :
French,call : to,Kaba_Na,njàmà
French,call : to,Kaba,ßär :
French,call : to,Laka,ßär :
French,call : to,Mbay,kô®
French,call : to,Mango,ßä :
French,call : to,Nar,ßär :
French,call : to,Ngambay,ßär :
French,call : to,Sar,ßäÈ
French,call : to,Ngam,kô®
French,"call, name : to",Bebote,pì :
French,"call, name : to",Gor,ßär :
French,"call, name : to",Gulay,ßär
French,"call, name : to",Laka,ßär :
French,"call, name : to",Mbay,kúñ
French,"call, name : to",Mango,"sîb¸-dî, ßä :"
French,"call, name : to",Nar,ßär
French,"call, name : to",Ngambay,ßär
French,calluses,Gulay,m¬ :
French,calluses,Mbay,sò• :
French,calluses,Mango,m“ÿ
French,calluses,Sar,mät¸-käË
French,camel,Bebote,jámbàl :
French,camel,Bediondo,jámbàl
French,camel,Daba,jámàl :
French,camel,Gor,jámbàl
French,camel,Gulay,lùgÕm¼ :
French,camel,Kaba_Na,jámàlà
French,camel,Kaba,jámbàl :
French,camel,Laka,jámbàl
French,camel,Mbay,jámbàl :
French,camel,Mango,jámbàl
French,camel,Nar,jámbàl :
French,camel,Ngambay,jámbàl :
French,camel,Sar,jámbàl
French,camel,Ngam,jámbàl
French,capsize : to,Bebote,ndùÿ :
French,capsize : to,Bediondo,ndùÿ
French,capsize : to,Gor,dów :
French,capsize : to,Gulay,ndùÿ :
French,capsize : to,Kaba,jï
French,capsize : to,Laka,ndùÿ :
French,capsize : to,Mbay,ndùy :
French,capsize : to,Ngambay,ndìï
French,"caracal,desert lynx",Bediondo,jæm :
French,"caracal,desert lynx",Kaba_Na,jëmë
French,"caracal,desert lynx",Laka,jëm :
French,"caracal,desert lynx",Mbay,jäm :
French,"caracal,desert lynx",Nar,jëm
French,"caracal,desert lynx",Ngambay,jæm
French,carry : to,Bebote,òt¸ :
French,carry : to,Bediondo,òt¸ :
French,carry : to,Daba,ìtö
French,carry : to,Gor,òt¸ :
French,carry : to,Gulay,"òtö, îy"
French,carry : to,Kaba_Na,ìtö :
French,carry : to,Kaba,òtö :
French,carry : to,Laka,òdö
French,carry : to,Mbay,tö :
French,carry : to,Mango,òtæ :
French,carry : to,Nar,òtö
French,carry : to,Ngambay,òdö :
French,carry : to,Sar,"òtö,"
French,carry : to,Ngam,j- :
French,cassava,Bebote,ngàlì :
French,cassava,Bediondo,ngàlì
French,cassava,Daba,gîjî :
French,cassava,Gor,ngàlì
French,cassava,Gulay,ngàlì :
French,cassava,Kaba_Na,ngàlè
French,cassava,Kaba,ngàlì : Kul=ngàlè
French,cassava,Laka,gîy-ngìrà :
French,cassava,Mbay,ngàrì
French,cassava,Mango,ngàlì :
French,cassava,Nar,ngàlìyà
French,cassava,Ngambay,ngàlì
French,cassava,Sar,ngàlì
French,cassava,Ngam,ngàÈìyà :
French,cat,Bebote,bàtú :
French,cat,Bediondo,bàtú
French,cat,Gor,bàtú :
French,cat,Gulay,bàtú c
French,cat,Kaba_Na,ndàÛ :
French,cat,Kaba,bàtú
French,cat,Laka,bàtú :
French,cat,Mbay,bàtú :
French,cat,Mango,bàtú
French,cat,Nar,bàtú :
French,cat,Ngambay,bàtú :
French,cat,Sar,mÕlà
French,cat,Ngam,mÕlà-kèm-ßëé
French,catch (in air) : to c,Bediondo,lá :
French,catch (in air) : to c,Gulay,lá :
French,catch (in air) : to c,Kaba_Na,kákä
French,catch (in air) : to c,Laka,lám :
French,catch (in air) : to c,Mbay,gáÛ :
French,catch (in air) : to c,Nar,lá
French,catch (in air) : to c,Ngambay,lám :
French,catch (in air) : to c,Sar,láä
French,"catch, seize : to",Bebote,ùwÆ :
French,"catch, seize : to",Bediondo,ùwÆ :
French,"catch, seize : to",Daba,ùwà
French,"catch, seize : to",Gor,ùwÆ :
French,"catch, seize : to",Gulay,ùwÆ :
French,"catch, seize : to",Kaba_Na,ùkà
French,"catch, seize : to",Kaba,ùwà :
French,"catch, seize : to",Laka,ùwà :
French,"catch, seize : to",Mbay,hî c
French,"catch, seize : to",Mango,ùwÆ :
French,"catch, seize : to",Nar,ùwÆ :
French,"catch, seize : to",Ngambay,ùwà :
French,"catch, seize : to",Sar,ìhî
French,"catch, seize : to",Ngam,Õhî
French,caterpillar : hairless,Bebote,tàÛ :
French,caterpillar : hairless,Bediondo,tàÛ :
French,caterpillar : hairless,Daba,tàÛ
French,caterpillar : hairless,Gor,tàÛ :
French,caterpillar : hairless,Gulay,tàÛ :
French,caterpillar : hairless,Kaba,tàÛ c
French,caterpillar : hairless,Laka,tàÛ :
French,caterpillar : hairless,Mbay,tàÛ :
French,caterpillar : hairless,Mango,tîÛ
French,caterpillar : hairless,Nar,tàä :
French,caterpillar : hairless,Ngambay,tàÛ :
French,caterpillar : hairless,Sar,tàÛ
French,caterpillar : hairy,Bebote,‡-läálä :
French,caterpillar : hairy,Gor,njúwæ
French,caterpillar : hairy,Gulay,njíb‡ :
French,caterpillar : hairy,Laka,bálè÷é c
French,caterpillar : hairy,Mbay,njúwá :
French,caterpillar : hairy,Nar,nj‡bæ
French,caterpillar : hairy,Ngambay,lág‡-làä :
French,caterpillar : hairy,Sar,nj‡bä
French,catfish : type of c,Bebote,gúr :
French,catfish : type of c,Bediondo,ndÆ£
French,catfish : type of c,Gulay,njìl :
French,catfish : type of c,Mbay,ndè£ :
French,catfish : type of c,Mango,ndÆ£
French,catfish : type of c,Nar,ndè£ :
French,catfish : type of c,Sar,ndè£
French,catfish : type of,Bediondo,gàgÕ :
French,catfish : type of,Kaba_Na,gàgà
French,c,Laka,gàgÕ :
French,c,Mbay,enlevent
French,c,Mango,gàgÕ :
French,c,Sar,gàgÕ
French,c,Ngam,gàgÕ :
French,centipede,Bediondo,ndànè :
French,centipede,Gulay,nd¼r¡
French,centipede,Kaba_Na,kí-ndà»-ndà :
French,centipede,Laka,ndàrè
French,centipede,Mbay,ndÅr¡ :
French,centipede,Nar,ndàrìy¼ c
French,centipede,Ngambay,ndàrè
French,"civet, african",Bebote,güjæ :
French,"civet, african",Bediondo,güjæ
French,"civet, african",Kaba_Na,jàmbá :
French,"civet, african",Kaba,güjä
French,"civet, african",Laka,tÐw :
French,"civet, african",Mbay,gïjä :
French,"civet, african",Mango,güjæ
French,"civet, african",Nar,g¸jæ
French,"civet, african",Ngambay,njä-ßòng-dîgÕ
French,"civet, african",Sar,g¸jä
French,aws,Gor,gíd‡ :
French,aws,Gulay,yäl-jï
French,aws,Kaba_Na,rélì-njàä
French,aws,Mbay,k‡-m¦r-jï :
French,aws,Mango,gín-njà
French,aws,Ngambay,gír-gîl :
French,aws,Sar,hþlþ
French,ay : black,Bebote,ánj¸ :
French,ay : black,Bediondo,wánj¸
French,ay : black,Gor,hánj¸ :
French,ay : black,Gulay,ánj¸
French,ay : black,Kaba_Na,kéngè :
French,ay : black,Kaba,ánjï
French,ay : black,Laka,Énjï :
French,ay : black,Mbay,hánj‡ :
French,ay : black,Mango,ánj¸
French,ay : black,Nar,bîr-jó :
French,ay : black,Ngambay,ánjï
French,ay : black,Sar,lánjÕ
French,ay : red,Bediondo,nÕbÆ :
French,ay : red,Gulay,nìbÆ
French,ay : red,Kaba_Na,kíyà :
French,ay : red,Laka,lìbà
French,ay : red,Mbay,ndÕbà :
French,ay : red,Nar,ndÕbÆ
French,ay : red,Ngambay,lìbà
French,ay : red,Ngam,ndÕbà :
French,"ear, clean : to be",Bebote,à® :
French,"ear, clean : to be",Bediondo,àÿ :
French,"ear, clean : to be",Daba,à®
French,"ear, clean : to be",Gor,à® :
French,"ear, clean : to be",Gulay,à® :
French,"ear, clean : to be",Kaba_Na,ndìsï
French,"ear, clean : to be",Kaba,à® :
French,"ear, clean : to be",Laka,à® :
French,"ear, clean : to be",Mbay,à®
French,"ear, clean : to be",Mango,à® :
French,"ear, clean : to be",Ngambay,à®
French,icking noise,Gulay,njôtÕ :
French,icking noise,Mbay,njô®
French,icking noise,Mango,njôtÕ :
French,icking noise,Sar,ngúr-màs¸
French,"imb, go up : to",Bebote,à£ :
French,"imb, go up : to",Bediondo,à£ :
French,"imb, go up : to",Daba,à£
French,"imb, go up : to",Gor,à£ :
French,"imb, go up : to",Gulay,à£ :
French,"imb, go up : to",Kaba_Na,àlö
French,"imb, go up : to",Kaba,à£ : Kul=àlö :
French,"imb, go up : to",Laka,àl
French,"imb, go up : to",Mbay,à£ :
French,"imb, go up : to",Mango,à£ :
French,"imb, go up : to",Nar,à£
French,"imb, go up : to",Ngambay,à£ :
French,"imb, go up : to",Sar,à£
French,"imb, go up : to",Ngam,à£ :
French,itoris,Bebote,kàñ :
French,itoris,Bediondo,ng¸r
French,itoris,Gulay,kàñ-ngïr :
French,itoris,Kaba_Na,süú
French,itoris,Kaba,ngïr :
French,itoris,Mbay,ngïr
French,itoris,Ngambay,ngàw-kàñ :
French,itoris,Sar,gÅ-ngïr
French,ose : to,Bebote,ùt¸ :
French,ose : to,Bediondo,ùt¸ :
French,ose : to,Daba,ùt
French,ose : to,Gor,ùt¸ :
French,ose : to,Gulay,ùtü :
French,ose : to,Kaba_Na,òtï
French,ose : to,Kaba,ùtü :
French,ose : to,Laka,ù÷ü :
French,ose : to,Mbay,ùt¸
French,ose : to,Mango,ùt¸ :
French,ose : to,Nar,ùt¸ :
French,ose : to,Ngambay,ùdü :
French,ose : to,Sar,ùt¸
French,ose : to,Ngam,wùt¸
French,closely,Gulay,ndìsæ :
French,closely,Kaba,ngìsæ
French,closely,Mbay,sám :
French,closely,Ngambay,ngìsä
French,clothes,Bebote,k¸b¸ :
French,clothes,Bediondo,k¸b¸
French,clothes,Daba,küb :
French,clothes,Gor,küw :
French,clothes,Gulay,kübü
French,clothes,Kaba_Na,…àmá :
French,clothes,Kaba,kübü
French,clothes,Laka,kübü
French,clothes,Mbay,küb¸ :
French,clothes,Mango,kübü
French,clothes,Nar,küb¸ :
French,clothes,Ngambay,kübü
French,clothes,Sar,küb¸
French,club,Bebote,gîl :
French,club,Bediondo,gîl :
French,club,Daba,gîl
French,club,Gor,gîl :
French,club,Gulay,gîl :
French,club,Kaba_Na,gîlè
French,club,Kaba,gùrù :
French,club,Laka,gùrù :
French,club,Mbay,gîl
French,club,Mango,gîl :
French,club,Nar,gîl :
French,club,Ngambay,gîl :
French,club,Sar,gîl
French,club,Ngam,÷¸ng
French,coals of fire,Bebote,yäl :
French,coals of fire,Bediondo,yäl
French,coals of fire,Gor,yäl :
French,coals of fire,Gulay,yäl :
French,coals of fire,Kaba,yël
French,coals of fire,Laka,yël :
French,coals of fire,Mbay,yäl :
French,coals of fire,Nar,yël
French,coals of fire,Ngambay,kûr-pÆr :
French,coals of fire,Sar,yþl
French,cold,Bebote,kül :
French,cold,Bediondo,kül :
French,cold,Daba,kül
French,cold,Gor,kül :
French,cold,Gulay,kül :
French,cold,Kaba_Na,külï
French,cold,Kaba,kül :
French,cold,Laka,kül :
French,cold,Mbay,kül
French,cold,Mango,kül :
French,cold,Nar,kül :
French,cold,Ngambay,kül :
French,cold,Sar,kül
French,cold,Ngam,kül
French,"cold, flu",Gulay,nÉl :
French,"cold, flu",Kaba,»-mbîkÕ
French,"cold, flu",Laka,‡-mbÅ
French,"cold, flu",Mbay,ngàmö :
French,"cold, flu",Nar,ngòmö
French,"cold, flu",Ngambay,küngä-ßënjï
French,color; lines; designs,Bebote,ßál :
French,color; lines; designs,Bediondo,ßál
French,color; lines; designs,Daba,kú÷á :
French,color; lines; designs,Gor,ßál :
French,color; lines; designs,Gulay,ndäj
French,color; lines; designs,Mbay,k‡rá :
French,color; lines; designs,Mango,ndäj‡
French,color; lines; designs,Nar,ßál :
French,color; lines; designs,Ngambay,ndäjí :
French,color; lines; designs,Sar,ßá¥
French,color; lines; designs,Ngam,k‡÷á
French,come : to,Bebote,÷èë :
French,come : to,Bediondo,rèë :
French,come : to,Daba,÷èë
French,come : to,Gor,÷èë :
French,come : to,Gulay,÷èë :
French,come : to,Kaba_Na,àbò
French,come : to,Kaba,÷èë : Kul=àvö :
French,come : to,Laka,÷è
French,come : to,Mbay,÷èë :
French,come : to,Mango,÷èë :
French,come : to,Nar,÷èë
French,come : to,Ngambay,÷èë :
French,come : to,Sar,rèë
French,come : to,Ngam,÷èë :
French,come down : to,Bebote,ÆdÕ :
French,come down : to,Bediondo,ÆdÕ :
French,come down : to,Daba,èd
French,come down : to,Gor,ÆdÕ :
French,come down : to,Gulay,ÆdÕ :
French,come down : to,Kaba_Na,àrì
French,come down : to,Kaba,Ær : Kul=àrì :
French,come down : to,Laka,Ær
French,come down : to,Mbay,èdÕ :
French,come down : to,Mango,ÆdÕ :
French,come down : to,Ngambay,Ær :
French,come down : to,Sar,èdÕ
French,come down : to,Ngam,yèdÕ
French,come from; get up : to,Bebote,¡ :
French,come from; get up : to,Bediondo,¡ :
French,come from; get up : to,Daba,¡
French,come from; get up : to,Gor,¡ :
French,come from; get up : to,Gulay,¡ :
French,come from; get up : to,Kaba_Na,àgà
French,come from; get up : to,Kaba,¡ :
French,come from; get up : to,Laka,¡ :
French,come from; get up : to,Mbay,ßày :
French,come from; get up : to,Mango,¡
French,come from; get up : to,Nar,¡ :
French,come from; get up : to,Ngambay,¡
French,come from; get up : to,Sar,¡
French,come from; get up : to,Ngam,ßày :
French,concern : to,Bebote,ùsÕ :
French,concern : to,Bediondo,ndÆt¸
French,concern : to,Daba,ndèt :
French,concern : to,Gor,lág¸ :
French,concern : to,Gulay,ùsü
French,concern : to,Laka,òsö :
French,concern : to,Mbay,"dùs¸,ndètÕ"
French,concern : to,Mango,ùsÕ :
French,concern : to,Nar,"ndètÕ, tèë"
French,concern : to,Ngambay,ùsü :
French,concern : to,Sar,ùsÕ
French,concern : to,Ngam,ùsÕ :
French,"congratulate, praise : to",Bebote,p‡t¸ :
French,"congratulate, praise : to",Bediondo,p‡t¸
French,"congratulate, praise : to",Daba,yít :
French,"congratulate, praise : to",Gor,pít‡ :
French,"congratulate, praise : to",Gulay,pít¸
French,"congratulate, praise : to",Kaba_Na,hítï :
French,"congratulate, praise : to",Kaba,wál
French,"congratulate, praise : to",Mbay,hít¸ :
French,"congratulate, praise : to",Mango,pít¸
French,"congratulate, praise : to",Ngambay,pídï :
French,"congratulate, praise : to",Sar,hít¸
French,console; rock : to,Bebote,gól :
French,console; rock : to,Bediondo,gól
French,console; rock : to,Gor,"gólö, gól :"
French,console; rock : to,Gulay,gî®
French,console; rock : to,Kaba,gôl :
French,console; rock : to,Laka,gól :
French,console; rock : to,Mbay,gó£
French,console; rock : to,Mango,gôl :
French,console; rock : to,Nar,gó£ :
French,console; rock : to,Ngambay,gól :
French,console; rock : to,Sar,gó£
French,console; rock : to,Ngam,gó£
French,cook : to,Bebote,ndïr :
French,cook : to,Bediondo,ndäá
French,cook : to,Daba,njïr :
French,cook : to,Gor,ndïr :
French,cook : to,Gulay,ndïr
French,cook : to,Kaba_Na,ndèrì :
French,cook : to,Kaba,njïrï
French,cook : to,Laka,nïr :
French,cook : to,Mbay,ndïr
French,cook : to,Mango,ndïr :
French,cook : to,Nar,ndïr
French,cook : to,Ngambay,ndïr
French,cook : to,Sar,ndïr
French,cook : to,Ngam,ndïr :
French,cook sauce : to,Bebote,kú£ :
French,cook sauce : to,Bediondo,kúl :
French,cook sauce : to,Daba,kú£
French,cook sauce : to,Gor,kúl :
French,cook sauce : to,Gulay,kúl :
French,cook sauce : to,Kaba,kúl
French,cook sauce : to,Laka,kúl :
French,cook sauce : to,Mbay,kú£ :
French,cook sauce : to,Mango,kúl
French,cook sauce : to,Nar,kúl :
French,cook sauce : to,Ngambay,kúl :
French,cook sauce : to,Sar,kú£
French,cooked enough : to be,Bebote,Æd¸ :
French,cooked enough : to be,Bediondo,Õd¸ :
French,cooked enough : to be,Daba,èd
French,cooked enough : to be,Gor,Æd¸ :
French,cooked enough : to be,Gulay,ìd¸ :
French,cooked enough : to be,Kaba_Na,kéjï
French,cooked enough : to be,Kaba,Æ® :
French,cooked enough : to be,Laka,Æ® :
French,cooked enough : to be,Mbay,èd¸
French,cooked enough : to be,Mango,ìd¸ :
French,cooked enough : to be,Nar,ìd¸ :
French,cooked enough : to be,Ngambay,Æ®
French,cooked enough : to be,Sar,ìd¸
French,cool : to be c,Bebote,sî£ :
French,cool : to be c,Bediondo,sî£ :
French,cool : to be c,Daba,sî£
French,cool : to be c,Gor,sî£ :
French,cool : to be c,Gulay,sî£ :
French,cool : to be c,Kaba_Na,káÿ
French,cool : to be c,Kaba,wù£ :
French,cool : to be c,Laka,"sî£, kül"
French,cool : to be c,Mbay,sî£ :
French,cool : to be c,Mango,sî£ :
French,cool : to be c,Nar,sî£
French,cool : to be c,Ngambay,kül :
French,cool : to be c,Sar,sî£
French,cool : to be c,Ngam,sî£ :
French,cool (by swishing) : to c,Bebote,lïyæ :
French,cool (by swishing) : to c,Bediondo,l¸yæ
French,cool (by swishing) : to c,Gor,tür :
French,cool (by swishing) : to c,Laka,pÉl :
French,cool (by swishing) : to c,Mbay,lïyä
French,"coop, pen",Bebote,bÕlÆ :
French,"coop, pen",Bediondo,bÕlÆ
French,"coop, pen",Daba,bùlà :
French,"coop, pen",Gor,bòlò :
French,"coop, pen",Gulay,bòlè
French,"coop, pen",Kaba_Na,bùlà :
French,"coop, pen",Kaba,bùlà
French,"coop, pen",Laka,bùlà :
French,"coop, pen",Mbay,bÕlà :
French,"coop, pen",Mango,bòlè c
French,"coop, pen",Nar,bÕlÆ :
French,"coop, pen",Ngambay,bùlà :
French,"coop, pen",Sar,bÕlà
French,"coop, pen",Ngam,bÕlà
French,corn,Bebote,njá-kÆd¸
French,corn,Bediondo,‡-ßôl‡mt‡ :
French,corn,Daba,njö c
French,corn,Gor,másàr :
French,corn,Gulay,dî
French,corn,Kaba_Na,bày-màngà
French,corn,Kaba,‡-ndá-kìrí :
French,corn,Laka,njá- c
French,kÆrí,Mbay,k‡-mbéré :
French,kÆrí,Mango,másàr
French,kÆrí,Nar,gîjÕ-dùwÆ :
French,kÆrí,Ngambay,másàr :
French,kÆrí,Sar,gîy-dî
French,kÆrí,Ngam,gîjÕ-dî
French,corpse,Bebote,nïÑ :
French,corpse,Bediondo,n¸Ñ :
French,corpse,Daba,nïÑ
French,corpse,Gor,nïÑ :
French,corpse,Gulay,nïÑ :
French,corpse,Kaba_Na,nünú c
French,corpse,Kaba,nïÑ :
French,corpse,Laka,nïÑ :
French,corpse,Mbay,nïÑ
French,corpse,Mango,nïÑ :
French,corpse,Nar,nïÑ :
French,corpse,Ngambay,nïÑ :
French,corpse,Sar,nïÑ
French,corpse,Ngam,nïÑ
French,cotton,Bebote,bøy :
French,cotton,Bediondo,búy
French,cotton,Gor,búy :
French,cotton,Gulay,búy
French,cotton,Kaba_Na,…àlw¨™ :
French,cotton,Kaba,bƒ :
French,cotton,Laka,bƒ c
French,cotton,Mbay,bù• :
French,cotton,Mango,búy :
French,cotton,Nar,küb¸
French,cotton,Ngambay,bƒ :
French,cotton,Sar,küb¸
French,cotton,Ngam,küb¸ :
French,cough : to,Bebote,kÉs¸ :
French,cough : to,Bediondo,kÉs¸ c
French,cough : to,Daba,kés :
French,cough : to,Gor,"kÉs¸,késï"
French,cough : to,Gulay,kás‡ :
French,cough : to,Kaba_Na,kásï
French,cough : to,Kaba,kÉs¸ :
French,cough : to,Laka,kés¸
French,cough : to,Mbay,kés¸ :
French,cough : to,Mango,kÉs¸
French,cough : to,Nar,kés¸ :
French,cough : to,Ngambay,kés¸
French,cough : to,Sar,kés¸
French,unsel : to,Bebote,îjÕ :
French,unsel : to,Daba,îj :
French,unsel : to,Gor,îjÕ
French,unsel : to,Kaba_Na,îyû :
French,unsel : to,Kaba,tûj¸
French,unsel : to,Laka,ndæjí :
French,unsel : to,Mbay,îj¸ :
French,unsel : to,Mango,îjÕ
French,unsel : to,Nar,gôr‡yû :
French,unsel : to,Ngambay,ndæjï
French,unsel : to,Sar,îj¸
French,unt : to,Bebote,t‡dæ :
French,unt : to,Bediondo,t‡dæ
French,unt : to,Gor,túdæ :
French,unt : to,Gulay,tútÉ
French,unt : to,Kaba_Na,tôjî :
French,unt : to,Kaba,túrä
French,unt : to,Laka,túrä :
French,unt : to,Mbay,t‡dá :
French,unt : to,Mango,tídæ
French,unt : to,Nar,t‡dæ :
French,unt : to,Ngambay,túrä
French,unt : to,Sar,t‡dä
French,untryside,Bebote,m“ :
French,untryside,Bediondo,m“ :
French,untryside,Gulay,wàlé
French,untryside,Kaba_Na,gûbë :
French,untryside,Kaba,m“-ø :
French,untryside,Laka,m“
French,untryside,Mbay,m“¾ :
French,untryside,Mango,wàlé :
French,untryside,Nar,wà
French,untryside,Ngambay,wàlà :
French,untryside,Sar,bèmbèé
French,ver : granary,Bediondo,kóbë-tà-dàm :
French,ver : granary,Mbay,t‡ßö
French,ver : granary,Mango,kób¸ :
French,ver : granary,Nar,kóbö :
French,ver : granary,Sar,kúbö
French,vet : to,Bebote,nd¸ngæ :
French,vet : to,Bediondo,nd¸ngæ
French,vet : to,Gor,nd¸ngæ :
French,vet : to,Gulay,ndïngæ
French,vet : to,Kaba,njïngä :
French,vet : to,Laka,njïngä
French,vet : to,Mbay,ndïngä/ndïngë
French,vet : to,Mango,ndïngæ :
French,vet : to,Ngambay,ndïngä
French,vet : to,Sar,nd¸ngä
French,w : cattle,Bebote,màng¸ :
French,w : cattle,Bediondo,màng¸
French,w : cattle,Daba,màñg :
French,w : cattle,Gor,màng¸
French,w : cattle,Gulay,màñg :
French,w : cattle,Kaba_Na,sä :
French,w : cattle,Kaba,màñg
French,w : cattle,Laka,màng¸ :
French,w : cattle,Mbay,màñg
French,w : cattle,Mango,màñg :
French,w : cattle,Nar,màñg
French,w : cattle,Ngambay,màñg :
French,w : cattle,Sar,màñg
French,ane,Bediondo,"dángá,däng¸"
French,ane,Kaba_Na,kí-däw :
French,ane,Mbay,däng
French,ane,Ngambay,däng
French,aving for,Bediondo,mä• :
French,aving for,Daba,mä•
French,aving for,Kaba_Na,mälá :
French,aving for,Laka,mä• :
French,aving for,Mbay,mä•
French,aving for,Ngambay,mä•
French,crawl,Bebote,àgÕ :
French,crawl,Bediondo,àgÕ :
French,crawl,Daba,àg
French,crawl,Gor,àgÕ :
French,crawl,Gulay,àgÕ :
French,crawl,Kaba_Na,ndág
French,crawl,Kaba,àkÕ : Kul=àlà :
French,crawl,Laka,àgÕ
French,crawl,Mbay,àgÕ :
French,crawl,Mango,àgÕ :
French,crawl,Nar,àgÕ
French,crawl,Ngambay,àgÕ :
French,crawl,Sar,àgÕ
French,crawl,Ngam,àgÕ :
French,crocodile,Bebote,mà :
French,crocodile,Bediondo,"màrà,màrÕm"
French,crocodile,Daba,màr :
French,crocodile,Gor,màr :
French,crocodile,Gulay,màrà
French,crocodile,Kaba_Na,kí-ßàlè :
French,crocodile,Kaba,màr
French,crocodile,Laka,màr :
French,crocodile,Mbay,màr :
French,crocodile,Mango,mà
French,crocodile,Ngambay,màr :
French,crocodile,Sar,màÈ
French,cross : to,Bebote,ùr :
French,cross : to,Bediondo,dæ :
French,cross : to,Gor,dær
French,cross : to,Gulay,dær :
French,cross : to,Kaba,gäng :
French,cross : to,Laka,ndày
French,cross : to,Mbay,dër :
French,cross : to,Mango,dæ :
French,cross : to,Nar,tèë
French,cross : to,Ngambay,dæs‡ :
French,cross : to,Sar,män
French,cross : to,Ngam,män :
French,cross : to,Laka,dðrÜ :
French,cross : to,Mbay,dër
French,cross : to,Sar,g‡lá
French,crotch,Bebote,gál :
French,crotch,Gor,bît¸
French,crotch,Gulay,gál :
French,crotch,Kaba,mbä :
French,crotch,Laka,búlä
French,crotch,Mbay,bár :
French,crotch,Mango,gál :
French,crotch,Nar,b‡læ
French,crotch,Ngambay,mŸ-mbä :
French,crotch,Sar,nÅ-mbä
French,crotch,Ngam,"nò-bár,nòm-bár,bár"
French,crotch; space between leg,Bediondo,bût¸ :
French,crotch; space between leg,Laka,hörö-gîl
French,crotch; space between leg,Mbay,gÕlä :
French,crotch; space between leg,Mango,"bál, gál"
French,crotch; space between leg,Nar,b‡læ :
French,crotch; space between leg,Ngambay,gál :
French,crotch; space between leg,Sar,gÕl
French,crow,Bebote,kªg¼ :
French,crow,Bediondo,kág¼º
French,crow,Gor,kágº :
French,crow,Gulay,g¼ª-gº
French,crow,Kaba_Na,káhä :
French,crow,Kaba,‡-g¼ª
French,crow,Laka,‡-g¼º :
French,crow,Mbay,kág¼ª
French,crow,Mango,gá-g¼ª :
French,crow,Nar,kó-gºª
French,crow,Ngambay,gágà :
French,crow,Sar,kª
French,crow,Ngam,kªhª :
French,"crowd, crowd about : to",Bebote,Õbæ :
French,"crowd, crowd about : to",Bediondo,Õbæ
French,"crowd, crowd about : to",Gor,ùwæ :
French,"crowd, crowd about : to",Gulay,ùbæ :
French,"crowd, crowd about : to",Kaba_Na,ùßä
French,"crowd, crowd about : to",Kaba,ùßä :
French,"crowd, crowd about : to",Laka,ùbä :
French,"crowd, crowd about : to",Mbay,ßä
French,"crowd, crowd about : to",Mango,ùbæ :
French,"crowd, crowd about : to",Nar,Õßæ :
French,"crowd, crowd about : to",Ngambay,ùbä
French,"crowd, crowd about : to",Sar,ìßä
French,crush : to,Bebote,tÉt¸ :
French,crush : to,Bediondo,rúnd¸
French,crush : to,Daba,dúd :
French,crush : to,Gor,búd¸ :
French,crush : to,Gulay,tét‡
French,Sara Languages,Kaba,gúrü :
French,Sara Languages,Laka,Žéd¸
French,Sara Languages,Mbay,dúd¸ :
French,Sara Languages,Nar,tút¸
French,Sara Languages,Ngambay,ræd¸
French,Sara Languages,Sar,dùd¸
French,Sara Languages,Ngam,dúd¸ :
French,cucumber,Bebote,kòs‡ :
French,cucumber,Bediondo,‡-kòs‡
French,cucumber,Daba,kòs :
French,cucumber,Gor,kòs‡ :
French,cucumber,Gulay,kòs‡
French,cucumber,Kaba_Na,kòkï :
French,cucumber,Kaba,kùsú
French,cucumber,Laka,kòsö
French,cucumber,Mbay,kòs‡ :
French,cucumber,Mango,kòs‡
French,cucumber,Nar,kòs‡ :
French,cucumber,Ngambay,kòs‡
French,cucumber,Sar,kòs‡
French,cure : to,Bebote,àjÕ :
French,cure : to,Bediondo,àjÕ :
French,cure : to,Daba,àj
French,cure : to,Gor,àjÕ :
French,cure : to,Gulay,àjÕ :
French,cure : to,Kaba_Na,àyà
French,cure : to,Kaba,àjì :
French,cure : to,Laka,àjì :
French,cure : to,Mbay,àjÕ
French,cure : to,Mango,àjÕ :
French,cure : to,Nar,àjÕ :
French,cure : to,Ngambay,àjì :
French,cure : to,Sar,àjÕ
French,cure : to,Ngam,àjÕ
French,curse : to,Bebote,màñ :
French,curse : to,Bediondo,màn
French,curse : to,Gor,màñ :
French,curse : to,Gulay,màn :
French,curse : to,Laka,ùgù
French,curse : to,Mbay,ßà® :
French,curse : to,Mango,màn :
French,curse : to,Nar,ßär
French,curse : to,Ngambay,màn :
French,curse : to,Sar,tÕmbë
French,cut,Mbay,séë :
French,cut,Mango,sÜy :
French,cut,Sar,séë
French,cut : to,Bebote,ÕjÆ :
French,cut : to,Bediondo,ÕjÆ :
French,cut : to,Daba,ìjà
French,cut : to,Gor,ùjÆ :
French,cut : to,Gulay,ùjÆ :
French,cut : to,Kaba_Na,jàhà
French,cut : to,Kaba,ùjà :
French,cut : to,Laka,ùnjà :
French,cut : to,Mbay,jà
French,cut : to,Mango,ìjÆ :
French,cut : to,Nar,ÕjÆ :
French,cut : to,Ngambay,ùnjà :
French,cut : to,Sar,ìjà
French,cut : to,Ngam,Õjà
French,cut up (several things),Gulay,tújÉ :
French,cut up (several things),Mbay,t‡jä
French,cut up (several things),Mango,tíjæ :
French,cut up (several things),Sar,t‡jä
French,"cut, sore",Bebote,dò :
French,"cut, sore",Bediondo,dò :
French,"cut, sore",Daba,dò
French,"cut, sore",Gor,dò :
French,"cut, sore",Gulay,dò :
French,"cut, sore",Kaba_Na,dòö
French,"cut, sore",Kaba,dò : Kul=dìyò :
French,"cut, sore",Mbay,dòo
French,"cut, sore",Mango,dò :
French,"cut, sore",Nar,dò :
French,"cut, sore",Ngambay,dò :
French,"cut, sore",Sar,dò
French,"cut, sore",Ngam,dò
French,"cyst, external cyst",Mbay,g‡lá :
French,"cyst, external cyst",Mango,kà
French,"cyst, external cyst",Nar,g‡læ :
French,"cyst, external cyst",Sar,g‡là
French,"chaff, husk",Bebote,t¸sÉ :
French,"chaff, husk",Bediondo,ngîy
French,"chaff, husk",Gor,tÕsÉ :
French,"chaff, husk",Gulay,tìsÉ
French,"chaff, husk",Kaba_Na,tìsá :
French,"chaff, husk",Laka,tìsá c
French,"chaff, husk",Mbay,tÕsá :
French,"chaff, husk",Nar,tÕgòn
French,"chaff, husk",Ngambay,tìsá :
French,"chaff, husk",Sar,tÕsá
French,chameleon,Bebote,‡-lƒyþ :
French,chameleon,Bediondo,‡-l¸yðy
French,chameleon,Daba,kƒyçy :
French,chameleon,Gor,‡-l¬yþ
French,chameleon,Gulay,lä-mïyóö
French,chameleon,Kaba_Na,kí-…ügäßälä
French,chameleon,Kaba,‡-lïyä-hôy :
French,chameleon,Laka,‡-lïyä
French,chameleon,Mbay,k‡-lºy :
French,chameleon,Nar,l¬yð c
French,chameleon,Ngambay,líyä
French,chameleon,Sar,l¬yº
French,chameleon,Ngam,k‡-nòhóÿ :
French,char : to,Bediondo,nÆt¸ :
French,char : to,Gor,nòtæ
French,char : to,Mbay,rùtö :
French,char : to,Nar,nùt¸
French,char : to,Sar,ÈÕtö
French,charcoal,Bebote,kúl :
French,charcoal,Bediondo,kúl :
French,charcoal,Daba,kúl c
French,charcoal,Gor,kúl :
French,charcoal,Gulay,kúl :
French,charcoal,Kaba_Na,kúlù
French,charcoal,Kaba,kúl :
French,charcoal,Laka,kúlü :
French,charcoal,Mbay,kúl
French,charcoal,Mango,kúl :
French,charcoal,Nar,kúl :
French,charcoal,Ngambay,kúlü :
French,charcoal,Sar,kúl
French,charcoal,Ngam,kúl
French,chase out,Mbay,sôk¸ :
French,chase out,Mango,sùk¸
French,chase out,Sar,sôk¸
French,chat at night : to c,Kaba_Na,ndálë :
French,chat at night : to c,Mbay,ndà£
French,chat at night : to c,Sar,ndà£
French,cheek,Bebote,mbô :
French,cheek,Bediondo,mbô :
French,cheek,Daba,kìl
French,cheek,Gor,mbô :
French,cheek,Gulay,kìl :
French,cheek,Kaba_Na,mbôî
French,cheek,Kaba,ßôl :
French,cheek,Laka,ßôl :
French,cheek,Mbay,mbóo c
French,cheek,Mango,sül :
French,cheek,Nar,mbôr :
French,cheek,Ngambay,ßôl
French,cheek,Sar,mbèÊ
French,chest,Bebote,gú :
French,chest,Bediondo,gú :
French,chest,Daba,ßò
French,chest,Gor,gú :
French,chest,Gulay,ngà-ndób‡
French,chest,Kaba,nÅ-gú :
French,chest,Laka,"kó,nÅ-kó"
French,chest,Mbay,gø¾ :
French,chest,Mango,nÅ-gúy c
French,chest,Nar,ngànjÕ :
French,chest,Ngambay,"sènè-kàr,"
French,chest,Sar,ngànjÕ
French,chew noisily : to,Bebote,ngÆ :
French,chew noisily : to,Gor,ngòr
French,chew noisily : to,Gulay,kîk‡£ :
French,chew noisily : to,Mbay,ngòr :
French,chew noisily : to,Mango,ngÆ
French,chew noisily : to,Nar,ngòrò :
French,chew noisily : to,Ngambay,ngÆr :
French,chew noisily : to,Sar,ngòÈ
French,chew noisily : to,Ngam,ngòr
French,icken,Bebote,k¸njÉ :
French,icken,Bediondo,k¸njÉ
French,icken,Daba,künjá :
French,icken,Gor,k¸njÉ
French,icken,Gulay,künjÉ :
French,icken,Kaba_Na,künjá
French,icken,Kaba,künjá : Kul=künjá
French,icken,Laka,künjá :
French,icken,Mbay,kïnjá
French,icken,Mango,künjÉ :
French,icken,Nar,k¸njÉ
French,icken,Ngambay,künjá
French,icken,Sar,k¸njá
French,icken,Ngam,k¸njá :
French,ief,Bebote,ngä± :
French,ief,Bediondo,ngä±
French,ief,Daba,màwkùnjè :
French,ief,Gor,ngä±
French,ief,Gulay,ngä± :
French,ief,Kaba_Na,kông™
French,ief,Kaba,mbáy : Kul=kông™
French,ief,Laka,mbáy :
French,ief,Mbay,ngä± :
French,ief,Mango,ngä±
French,ief,Nar,ngä± :
French,ief,Ngambay,mbàng :
French,ief,Sar,ngä°
French,ief,Ngam,ngä±
French,ild,Bebote,ngön :
French,ild,Bediondo,ngön
French,ild,Daba,ngön :
French,ild,Gor,ngön :
French,ild,Gulay,ngön
French,ild,Kaba_Na,mönö :
French,ild,Kaba,ngön
French,ild,Laka,ngön
French,ild,Mbay,ngön :
French,ild,Mango,ngün
French,ild,Nar,ngön :
French,ild,Ngambay,ngön :
French,ild,Sar,ngön
French,ild,Ngam,ngön
French,ildbirth,Bebote,‡-ndö :
French,ildbirth,Bediondo,‡-ndö
French,ildbirth,Daba,ndö :
French,ildbirth,Gor,‡-ndö :
French,ildbirth,Gulay,ndö
French,ildbirth,Kaba,ndö :
French,ildbirth,Laka,ndö :
French,ildbirth,Mbay,ndöo
French,ildbirth,Mango,ndö :
French,ildbirth,Nar,ndö :
French,ildbirth,Ngambay,ndö :
French,ildbirth,Sar,ndö
French,ildbirth,Ngam,ndö
French,"in, jaw",Bebote,‡-ngÆngÉræ :
French,"in, jaw",Bediondo,gîn
French,"in, jaw",Gor,mît‹gîn :
French,"in, jaw",Gulay,bÉg‡m-tà
French,"in, jaw",Kaba,gÉl-tà :
French,"in, jaw",Laka,gÉl-tà
French,"in, jaw",Mbay,bògÕ :
French,"in, jaw",Mango,gín-tà
French,"in, jaw",Nar,bògò :
French,"in, jaw",Ngambay,gél-tà
French,"in, jaw",Sar,bògò
French,oose : to,Bebote,mbÉt¸ :
French,oose : to,Bediondo,mbÉt¸
French,oose : to,Gor,mbát¸ :
French,oose : to,Gulay,mbÉr
French,oose : to,Kaba_Na,héë :
French,oose : to,Kaba,mbÉr¸
French,oose : to,Laka,mbÉr¸ :
French,oose : to,Mbay,mbéd¸
French,oose : to,Mango,mbÉt¸ :
French,oose : to,Ngambay,mbÉ®
French,oose : to,Sar,g¸rä
French,chop : to,Bebote,t‡gæ :
French,chop : to,Bediondo,t‡gæ
French,chop : to,Daba,túgá :
French,chop : to,Gor,túgæ :
French,chop : to,Kaba_Na,ùg
French,chop : to,Kaba,túkä :
French,chop : to,Laka,túgä :
French,chop : to,Mbay,gà
French,chop : to,Mango,túgæ :
French,chop : to,Nar,ÕgÆ :
French,chop : to,Ngambay,túgä :
French,chop : to,Sar,ìgà
French,chop : to,Ngam,Õgà
French,chop up,Bediondo,jág¸ :
French,chop up,Mbay,jág¸
French,chop up,Mango,ják¸ :
French,chop up,Sar,jéñg
French,dance,Bebote,ndäm :
French,dance,Bediondo,ndäm
French,dance,Daba,lä :
French,dance,Gor,ndäm :
French,dance,Gulay,ndäm
French,dance,Kaba_Na,njíkï :
French,dance,Kaba,ndäm
French,dance,Laka,"lä, ndäm :"
French,dance,Mbay,ndöm
French,dance,Nar,ndäm :
French,dance,Ngambay,ndäm
French,dance,Sar,ndäm
French,dark : to be,Bebote,dü :
French,dark : to be,Bediondo,d¸b¸ :
French,dark : to be,Gor,dü
French,dark : to be,Kaba,ndùl :
French,dark : to be,Mbay,"düu,dïw"
French,dark : to be,Mango,ndùl :
French,dark : to be,Ngambay,ndùl
French,"dark, cloudy : to be",Bebote,ì£ :
French,"dark, cloudy : to be",Bediondo,Õ£ :
French,"dark, cloudy : to be",Gor,ì£
French,"dark, cloudy : to be",Gulay,ì£ :
French,"dark, cloudy : to be",Kaba,ìl :
French,"dark, cloudy : to be",Laka,ìl
French,"dark, cloudy : to be",Mbay,ì£ :
French,"dark, cloudy : to be",Mango,¡ :
French,"dark, cloudy : to be",Nar,ì£
French,"dark, cloudy : to be",Ngambay,ì£ :
French,"dark, cloudy : to be",Sar,ì£
French,"dark, cloudy : to be",Ngam,yì£ :
French,dark; invisibleness,Bediondo,tÕl :
French,dark; invisibleness,Gor,tìl :
French,dark; invisibleness,Gulay,tìl
French,dark; invisibleness,Kaba_Na,sìlï :
French,dark; invisibleness,Kaba,tìl
French,dark; invisibleness,Laka,ŽìŽím¸rï :
French,dark; invisibleness,Mbay,tìl
French,dark; invisibleness,Mango,tìl :
French,dark; invisibleness,Nar,tìl :
French,dark; invisibleness,Ngambay,tìl :
French,dark; invisibleness,Sar,tìl
French,dark; invisibleness,Ngam,tìl
French,day,Bebote,ndû :
French,day,Bediondo,ndû :
French,day,Daba,ndû
French,day,Gor,ndû :
French,day,Gulay,ndû :
French,day,Kaba_Na,kàjà
French,day,Kaba,ndû :
French,day,Laka,ndû :
French,day,Mbay,ndûû
French,day,Mango,ndû :
French,day,Nar,ndû :
French,day,Ngambay,ndû :
French,day,Sar,ndû
French,day,Ngam,ndû
French,deaf-mute,Laka,njè-mbï-kù÷ü
French,deaf-mute,Mbay,mbóo :
French,deaf-mute,Mango,mbíkï
French,deaf-mute,Nar,mbíkï
French,death,Bebote,kòy :
French,death,Bediondo,kòy :
French,death,Daba,kòy
French,death,Gor,kòy :
French,death,Gulay,kòy :
French,death,Kaba_Na,ìlä
French,death,Kaba,kòy :
French,death,Laka,kùy :
French,death,Mbay,kòy
French,death,Mango,"kòy, yò :"
French,death,Nar,kòy
French,death,Ngambay,kòy :
French,death,Sar,"kòy, yò"
French,death; magic,Bebote,yò :
French,death; magic,Bediondo,yò :
French,death; magic,Daba,yò
French,death; magic,Gor,yò :
French,death; magic,Gulay,yò :
French,death; magic,Kaba,yò
French,death; magic,Laka,yò :
French,death; magic,Mbay,yòo :
French,death; magic,Mango,yò
French,death; magic,Nar,yò :
French,death; magic,Ngambay,yò
French,death; magic,Sar,yò
French,death; magic,Ngam,yò :
French,debt,Bebote,ßäng¸ :
French,debt,Bediondo,k¸ræ
French,debt,Gor,ßäng¸ :
French,debt,Gulay,küræ
French,debt,Kaba_Na,kürä :
French,debt,Kaba,ßäng
French,debt,Laka,ßäng¸ :
French,debt,Mbay,g¸rä :
French,debt,Mango,küræ
French,debt,Nar,k¸ræ :
French,debt,Ngambay,ßäng :
French,debt,Sar,k¸rä
French,debt,Ngam,k¸÷ä
French,deep : to be,Bebote,Æw :
French,deep : to be,Bediondo,ù :
French,deep : to be,Daba,ùr
French,deep : to be,Gor,òÛ :
French,deep : to be,Gulay,ÆbÕ :
French,deep : to be,Kaba_Na,wùlü
French,deep : to be,Kaba,ùrù :
French,deep : to be,Laka,ùrù :
French,deep : to be,Mbay,òo
French,deep : to be,Mango,ù :
French,deep : to be,Nar,lú :
French,deep : to be,Ngambay,ùr
French,deep : to be,Sar,lúü
French,deepness,Gulay,dúngÉ :
French,deepness,Laka,b¬
French,deepness,Mbay,ßül :
French,deepness,Nar,ßül
French,deepness,Ngambay,ngúl-jàmä :
French,deepness,Sar,ßül
French,deny : to,Bebote,mänj¸ :
French,deny : to,Bediondo,mäj¸
French,deny : to,Daba,näj :
French,deny : to,Gor,mänj¸ :
French,deny : to,Gulay,näj¸
French,deny : to,Kaba_Na,ngängä :
French,deny : to,Kaba,mºy
French,deny : to,Laka,mºy :
French,deny : to,Mbay,mäj¸ :
French,deny : to,Mango,näj¸
French,deny : to,Nar,nëj¸ :
French,deny : to,Ngambay,mºy :
French,deny : to,Sar,nëj¸
French,descend : to,Bebote,÷ùsÕ :
French,descend : to,Bediondo,"rÕsÕ,rùsÕ"
French,descend : to,Daba,÷ìs :
French,descend : to,Gor,ùr :
French,descend : to,Gulay,÷ìsÕ
French,descend : to,Kaba_Na,rèjì :
French,descend : to,Kaba,÷ìsì
French,descend : to,Laka,÷ìsì :
French,descend : to,Mbay,÷ìsÕ :
French,descend : to,Mango,÷ìsÕ
French,descend : to,Nar,÷ìsÕ :
French,descend : to,Ngambay,÷ìsì :
French,descend : to,Sar,rìsÕ
French,descend : to,Ngam,÷ìsÕ
French,"destroy, ruin : to",Bebote,túj¸ :
French,"destroy, ruin : to",Bediondo,nùjÕ
French,"destroy, ruin : to",Daba,túj :
French,"destroy, ruin : to",Gor,túj¸ :
French,"destroy, ruin : to",Gulay,tújú
French,"destroy, ruin : to",Kaba_Na,tújù :
French,"destroy, ruin : to",Kaba,tújü
French,"destroy, ruin : to",Laka,tújï :
French,"destroy, ruin : to",Mbay,"núj‡,túj‡"
French,"destroy, ruin : to",Mango,"bújúrü,tújü :"
French,"destroy, ruin : to",Nar,nùjÕ
French,"destroy, ruin : to",Ngambay,tújï :
French,"destroy, ruin : to",Sar,nùjÕ
French,dew,Bebote,tàl :
French,dew,Bediondo,tàl :
French,dew,Daba,tà£
French,dew,Gor,tàl :
French,dew,Gulay,tàl :
French,dew,Kaba_Na,tàlò
French,dew,Kaba,tàl :
French,dew,Laka,tà£ :
French,dew,Mbay,tàl d
French,dew,Mango,tàl :
French,dew,Nar,tàl :
French,dew,Ngambay,tàl :
French,dew,Sar,tàl
French,dew,Ngam,tàl
French,diarrhea : to have,Bebote,ndÆng¸ :
French,diarrhea : to have,Bediondo,ndÆng¸
French,diarrhea : to have,Daba,ndèñg :
French,diarrhea : to have,Gor,ndÆng¸ d
French,diarrhea : to have,Gulay,ndèñg :
French,diarrhea : to have,Kaba_Na,njômë
French,diarrhea : to have,Laka,njèng¸ :
French,diarrhea : to have,Mbay,ndèñg
French,diarrhea : to have,Mango,ndÆñg :
French,diarrhea : to have,Nar,ndèñg
French,diarrhea : to have,Ngambay,ndèñg :
French,diarrhea : to have,Sar,ndèñg
French,die : to,Bebote,òy :
French,die : to,Bediondo,òy :
French,die : to,Daba,òy d
French,die : to,Gor,òy :
French,die : to,Gulay,òy :
French,die : to,Kaba_Na,ò
French,die : to,Kaba,òy :
French,die : to,Laka,ùy :
French,die : to,Mbay,òy
French,die : to,Mango,òy :
French,die : to,Nar,òy :
French,die : to,Ngambay,ùy :
French,die : to,Sar,òy
French,die : to,Ngam,wòy
French,different,Bebote,k‡-÷àng
French,different,Gor,k‡-÷àngÕ :
French,different,Gulay,÷àng
French,different,Kaba_Na,kàkàlà :
French,different,Kaba,dáng d
French,different,Laka,"÷àngÕ,ßÉd‡ :"
French,different,Mbay,÷àng
French,different,Mango,ràng :
French,different,Nar,÷àng
French,different,Ngambay,ßÉd‡
French,different,Sar,k‡-ràng d
French,different,Ngam,k‡-÷àng :
French,dig : to,Bebote,ùr :
French,dig : to,Bediondo,ndær :
French,dig : to,Daba,ù÷
French,dig : to,Gor,ùr :
French,dig : to,Gulay,ndær :
French,dig : to,Kaba_Na,òrì
French,dig : to,Kaba,ùrù :
French,dig : to,Mbay,ùr :
French,dig : to,Mango,ùr
French,dig : to,Nar,ndër :
French,dig : to,Ngambay,ùr
French,dig : to,Sar,ndër
French,dig : to,Ngam,ndër :
French,dirtiness,Bebote,yöró :
French,dirtiness,Bediondo,ßÆbÕ d
French,dirtiness,Daba,mï÷ó :
French,dirtiness,Gor,yöró :
French,dirtiness,Gulay,yöró
French,dirtiness,Kaba_Na,kïró :
French,dirtiness,Kaba,yæró
French,dirtiness,Laka,yöró
French,dirtiness,Mbay,yüró :
French,dirtiness,Mango,yöró
French,dirtiness,Nar,höró :
French,dirtiness,Ngambay,yïró :
French,dirtiness,Sar,yöró
French,dirtiness,Ngam,nüró
French,distribute : to,Bebote,læw :
French,distribute : to,Bediondo,læb¸ d
French,distribute : to,Gor,löwæ :
French,distribute : to,Gulay,nöbö
French,distribute : to,Kaba_Na,nüßö :
French,distribute : to,Laka,læbæ
French,distribute : to,Mbay,lüwö :
French,distribute : to,Mango,læb¸
French,distribute : to,Sar,këng
French,vide among : to,Bebote,kºy :
French,vide among : to,Bediondo,gºyº
French,vide among : to,Gor,kºy :
French,vide among : to,Gulay,nöbö :
French,vide among : to,Kaba,kºy
French,vide among : to,Laka,käy :
French,vide among : to,Mbay,kºy :
French,vide among : to,Mango,käy
French,vide among : to,Nar,nübö :
French,vide among : to,Ngambay,käy :
French,vide among : to,Sar,këng
French,: to,Bebote,÷ä :
French,: to,Bediondo,rä :
French,: to,Daba,÷ä
French,: to,Gor,÷ä :
French,: to,Gulay,÷ä :
French,: to,Kaba_Na,tá¯
French,: to,Kaba,÷ä : Kul=tá¯ :
French,: to,Laka,÷ä
French,: to,Mbay,÷äa :
French,: to,Mango,÷ä :
French,: to,Nar,÷ä
French,: to,Ngambay,÷ä :
French,: to,Sar,rä
French,: to,Ngam,÷ähä :
French,g,Bebote,bús¸ :
French,g,Bediondo,b‡s¸
French,g,Daba,bís :
French,g,Gor,bús¸ :
French,g,Gulay,bís‡
French,g,Kaba_Na,bísì :
French,g,Kaba,bísï
French,g,Laka,bísï
French,g,Mbay,bís‡ :
French,g,Mango,bís¸
French,g,Nar,bís¸ :
French,g,Ngambay,bísï :
French,g,Sar,bísÕ
French,g,Ngam,bís‡
French,n't (negative command),Bebote,öt‡ :
French,n't (negative command),Bediondo,òt‡ :
French,n't (negative command),Daba,öt‡
French,n't (negative command),Gor,òt‡ :
French,n't (negative command),Mbay,òt‡ :
French,n't (negative command),Nar,ï-lö
French,n't (negative command),Sar,lö
French,nkey,Bebote,kòrö :
French,nkey,Bediondo,kòrö
French,nkey,Daba,kò÷ö :
French,nkey,Gor,kòrörö
French,nkey,Gulay,kòrö :
French,nkey,Kaba,kòrörö
French,nkey,Laka,kòrörö :
French,nkey,Mbay,kòrö
French,nkey,Mango,kòrö :
French,nkey,Nar,kòrö
French,nkey,Ngambay,kòrörö
French,nkey,Sar,kòrö
French,nkey,Ngam,kòrö :
French,or,Bebote,tà-kÉy :
French,or,Daba,tà-kúj
French,or,Gor,tà-kÉy :
French,or,Gulay,tà-kÉy
French,or,Kaba,tà-kÉy : Kul=tà-bïtí
French,or,Laka,tà-÷Éw :
French,or,Mbay,tà-÷ób‡
French,or,Mango,"tà-kÉy,tà-÷Éb¸"
French,or,Nar,tÆ-kúj¸ :
French,or,Ngambay,tà-kÉy :
French,or,Sar,tà-kúj¸
French,or,Ngam,tà-kúj‡
French,ubt : to,Bebote,mänj¸ :
French,ubt : to,Bediondo,mäj¸
French,ubt : to,Gor,mänj¸ :
French,ubt : to,Gulay,näj¸
French,ubt : to,Mbay,mäj¸ :
French,ubt : to,Mango,täd¸
French,ubt : to,Ngambay,mºy :
French,ubt : to,Sar,ßáj¸
French,"dove, pigeon",Bebote,dÉ :
French,"dove, pigeon",Bediondo,dÉ :
French,"dove, pigeon",Daba,dér
French,"dove, pigeon",Gor,dÉr :
French,"dove, pigeon",Gulay,dÉr :
French,"dove, pigeon",Kaba_Na,déè
French,"dove, pigeon",Kaba,dÉr :
French,"dove, pigeon",Laka,‡-dÉr :
French,"dove, pigeon",Mbay,dér
French,"dove, pigeon",Mango,dÉ :
French,"dove, pigeon",Nar,dér :
French,"dove, pigeon",Ngambay,dÉr :
French,"dove, pigeon",Sar,dé°
French,"dove, pigeon",Ngam,dér
French,"down, downwards",Bebote,nàng‡ :
French,"down, downwards",Daba,bè©
French,"down, downwards",Gor,nàngá :
French,"down, downwards",Gulay,nàÑg
French,"down, downwards",Kaba_Na,ngá :
French,"down, downwards",Laka,nàng‡ :
French,"down, downwards",Mbay,bè©
French,"down, downwards",Mango,bÆÉ :
French,"down, downwards",Nar,nàÑg :
French,"down, downwards",Ngambay,bÆ©
French,"down, downwards",Sar,nàÑg
French,doze off : to,Gulay,næl :
French,doze off : to,Laka,lÉng¸
French,doze off : to,Mbay,táñ :
French,doze off : to,Mango,lÉng¸
French,doze off : to,Nar,tún :
French,doze off : to,Sar,túñ
French,dragonfly,Bebote,‡-bÕndí :
French,dragonfly,Bediondo,b‡ndìí
French,dragonfly,Gor,‡-bÕndï :
French,dragonfly,Gulay,bínd¸
French,dragonfly,Kaba_Na,gímbï :
French,dragonfly,Laka,gí-gïndï
French,dragonfly,Mbay,"dúndö,bíndï"
French,dragonfly,Nar,díì-ndï :
French,dragonfly,Ngambay,bìr-bín
French,dream,Bebote,n¬ :
French,dream,Bediondo,n¬ :
French,dream,Daba,n¬
French,dream,Gor,n¬ :
French,dream,Gulay,n¬ :
French,dream,Kaba_Na,nï
French,dream,Kaba,n¬ :
French,dream,Laka,n¬ :
French,dream,Mbay,n¬¿
French,dream,Mango,n¬ :
French,dream,Nar,n¬ :
French,dream,Ngambay,n¬
French,dream,Sar,n¬
French,drink : to,Bebote,¼ÿ :
French,drink : to,Bediondo,¼ÿ :
French,drink : to,Daba,àÿ
French,drink : to,Gor,¼ÿ :
French,drink : to,Gulay,¼ÿ :
French,drink : to,Kaba_Na,™Š
French,drink : to,Kaba,àÿ :
French,drink : to,Laka,ày :
French,drink : to,Mbay,¼ÿ
French,drink : to,Mango,¼ÿ :
French,drink : to,Nar,¼ÿ :
French,drink : to,Ngambay,àÿ :
French,drink : to,Sar,¼ÿ
French,drink : to,Ngam,¼ÿ
French,drink (alcoholic),Bebote,yïw :
French,drink (alcoholic),Bediondo,kàsÕ
French,drink (alcoholic),Gor,y¸wï :
French,drink (alcoholic),Gulay,yïb¸
French,drink (alcoholic),Kaba,kötö :
French,drink (alcoholic),Mbay,kàsÕ
French,drink (alcoholic),Nar,kàsÕ :
French,drink (alcoholic),Ngambay,kïdö :
French,drink (alcoholic),Sar,kàsÕ
French,drink (alcoholic),Ngam,kàsÕ
French,drizzle : to,Bediondo,yÜm :
French,drizzle : to,Mbay,yú« :
French,drizzle : to,Mango,yÜm
French,drizzle : to,Sar,yó«
French,drum,Bebote,kîdÕ :
French,drum,Bediondo,kîdÕ
French,drum,Daba,kîd :
French,drum,Gor,kîdÕ :
French,drum,Gulay,kîdÕ
French,drum,Kaba,dàlè :
French,drum,Laka,dàlè
French,Sara Languages,Mbay,kîdÕ :
French,Sara Languages,Nar,kîdÕ
French,Sara Languages,Ngambay,dàlè
French,Sara Languages,Sar,kîdÕ
French,Sara Languages,Ngam,kîdÕ :
French,drum : type of,Bediondo,gáng¸ :
French,drum : type of,Gor,gáng¸
French,drum : type of,Gulay,gángá :
French,drum : type of,Kaba_Na,dälä
French,drum : type of,Kaba,gáñg :
French,drum : type of,Laka,bòlò
French,drum : type of,Mbay,gáng :
French,drum : type of,Mango,gáñg
French,drum : type of,Nar,gángá :
French,drum : type of,Ngambay,gáñg :
French,drum : type of,Sar,gángá
French,drum : type of,Ngam,gángá
French,drum : type of,Bebote,dàlè :
French,drum : type of,Bediondo,dàlè
French,drum : type of,Gor,dàlà :
French,drum : type of,Gulay,dàlè
French,drum : type of,Kaba_Na,ndùm :
French,drum : type of,Kaba,bïr¸m
French,drum : type of,Laka,dàlè :
French,drum : type of,Mbay,dàlì
French,drum : type of,Nar,dàlìyà :
French,drum : type of,Ngambay,dàlè
French,drum : type of,Sar,"dàlè,dàlyà"
French,dry : to be,Bebote,tùtÕ :
French,dry : to be,Bediondo,tùtÕ
French,dry : to be,Daba,tùt :
French,dry : to be,Gor,tùtÕ :
French,dry : to be,Gulay,tùtù
French,dry : to be,Kaba,tùtù :
French,dry : to be,Laka,tùdù
French,dry : to be,Mbay,tùtÕ :
French,dry : to be,Mango,tùtÕ
French,dry : to be,Nar,tùtÕ :
French,dry : to be,Ngambay,tùdù :
French,dry : to be,Sar,tùtÕ
French,dry : to be,Ngam,tùtÕ
French,dry : to be,Bebote,àÿ :
French,dry : to be,Bediondo,àÿ :
French,dry : to be,Daba,àÿ
French,dry : to be,Gor,àÿ :
French,dry : to be,Gulay,"àÿ, tùtù"
French,dry : to be,Kaba,àÿ :
French,dry : to be,Laka,àÿ :
French,dry : to be,Mbay,àÿ
French,dry : to be,Mango,àÿ :
French,dry : to be,Nar,àÿ :
French,dry : to be,Ngambay,àÿ
French,dry : to be,Sar,àÿ
French,"dry : up, to",Bebote,ìï :
French,"dry : up, to",Bediondo,ìï :
French,"dry : up, to",Daba,ìï
French,"dry : up, to",Gor,ìï :
French,"dry : up, to",Gulay,ìï :
French,"dry : up, to",Kaba_Na,ròkü
French,"dry : up, to",Kaba,ìï :
French,"dry : up, to",Laka,ìï :
French,"dry : up, to",Mbay,ìï
French,"dry : up, to",Mango,ìï :
French,"dry : up, to",Nar,ìï :
French,"dry : up, to",Ngambay,ìï
French,"dry : up, to",Sar,ìï
French,dry food,Gulay,sútú :
French,dry food,Mbay,sút‡
French,dry food,Ngambay,túdü
French,dry in the sun : to,Bebote,nàjÕ :
French,dry in the sun : to,Bediondo,nàjÕ
French,dry in the sun : to,Daba,làj :
French,dry in the sun : to,Gor,nàjÕ :
French,dry in the sun : to,Gulay,nàjÕ
French,dry in the sun : to,Kaba_Na,îbë :
French,dry in the sun : to,Kaba,nàjì
French,dry in the sun : to,Laka,"nàjì,nÆjì"
French,dry in the sun : to,Mbay,nàjÕ :
French,dry in the sun : to,Mango,nàjÕ
French,dry in the sun : to,Nar,nàjÕ :
French,dry in the sun : to,Ngambay,nàjì :
French,dry in the sun : to,Sar,nàjÕ
French,dry in the sun : to,Ngam,nàjÕ e
French,dry season,Bebote,nºy-kàdÕ
French,dry season,Bediondo,nºy-kàdÕ :
French,dry season,Daba,ßäl
French,dry season,Gor,nºy-kàdÕ :
French,dry season,Gulay,ßäl
French,dry season,Kaba,nþy-kàr :
French,dry season,Laka,nºy-kàr e
French,dry season,Mbay,ßäl :
French,dry season,Mango,nºy-kàdÕ
French,dry season,Nar,ßäl :
French,dry season,Ngambay,nºy-kàr
French,dry season,Sar,ßäl
French,duck,Bebote,ndä€ :
French,duck,Bediondo,ndäb‡ e
French,duck,Daba,ndäb :
French,duck,Gor,ndä€
French,duck,Gulay,ndäb‡ :
French,duck,Kaba_Na,ndäbá
French,duck,Kaba,‡-ndäb‡ :
French,duck,Laka,ndäb‡
French,duck,Mbay,ndäb‡ :
French,duck,Mango,ndäb‡
French,duck,Nar,ndäbá :
French,duck,Ngambay,ndäb‡ e
French,duck,Sar,ndäb‡
French,duck : to,Bebote,r¸ngæ :
French,duck : to,Bediondo,r¸ngæ e
French,duck : to,Mbay,rüngö
French,dung beetle,Bediondo,‡-b¡ƒ-s¡ :
French,dung beetle,Gulay,bƒ¡
French,dung beetle,Laka,‡-b¡ƒ-s¡ :
French,dung beetle,Mbay,k‡-b¡ƒ
French,dung beetle,Mango,b¬-yƒs¡ :
French,dung beetle,Nar,mÉng‡rÆ
French,dung beetle,Ngambay,bƒ-s¡ :
French,dung beetle,Sar,bƒ¡ e
French,dust,Bediondo,bàbúr :
French,dust,Gor,bú
French,dust,Mbay,sîôbürü :
French,dust,Ngambay,bábúrü
French,dust,Bebote,bú :
French,dust,Bediondo,bú :
French,dust,Daba,bú
French,dust,Gor,bú :
French,dust,Gulay,bùbúrü
French,dust,Kaba_Na,bàmbú :
French,dust,Kaba,búm :
French,dust,Laka,bü
French,dust,Mbay,búu :
French,dust,Mango,kòd¸ e
French,dust,Nar,bümbúrü :
French,dust,Ngambay,kò® :
French,dust,Sar,bùmbú±
French,dust,Ngam,bümbúr
French,ear,Bebote,mbï :
French,ear,Bediondo,mbï :
French,ear,Daba,mbï
French,ear,Gor,mbï :
French,ear,Gulay,mbï :
French,ear,Kaba_Na,mbï
French,ear,Kaba,mbï : Kul=mvï :
French,ear,Laka,mbï e
French,ear,Mbay,mbï :
French,ear,Mango,mbï :
French,ear,Nar,mbï
French,ear,Ngambay,mbï :
French,ear,Sar,mbï
French,ear,Ngam,mbï :
French,earthworm,Bediondo,ngá-s¡-sÆlèlè
French,earthworm,Gulay,kèlèl :
French,earthworm,Laka,‡-kèlélë
French,earthworm,Mbay,k‡-ngä-s¡¿-sèlì
French,earthworm,Nar,kèlèlë
French,t : to,Bebote,sî :
French,t : to,Bediondo,ùsò :
French,t : to,Daba,ùsà
French,t : to,Gor,sî :
French,t : to,Gulay,ùsÆ :
French,t : to,Kaba_Na,ìsà
French,t : to,Kaba,ùsà : Kul=ùsà :
French,t : to,Laka,ùsà
French,t : to,Mbay,sà :
French,t : to,Mango,ùsò :
French,t : to,Nar,ÕsÆ
French,t : to,Ngambay,ùsà :
French,t : to,Sar,ìsà
French,t : to,Ngam,Õsà :
French,t (boule) : to,Bebote,Å :
French,t (boule) : to,Bediondo,Å :
French,t (boule) : to,Gor,Å
French,t (boule) : to,Gulay,Å :
French,t (boule) : to,Kaba,Å : Kul=î…î
French,t (boule) : to,Laka,Å :
French,t (boule) : to,Mbay,Å¢ :
French,t (boule) : to,Mango,Å :
French,t (boule) : to,Nar,Å
French,t (boule) : to,Ngambay,Å :
French,t (boule) : to,Sar,“
French,t (boule) : to,Ngam,wÅ :
French,t (powder) : to,Gulay,m¦© :
French,t (powder) : to,Kaba_Na,mbírì
French,t (powder) : to,Laka,m¦rø :
French,t (powder) : to,Mbay,m¦© :
French,t (powder) : to,Mango,m¦ø
French,t (powder) : to,Nar,mü© :
French,t (powder) : to,Ngambay,"m¦rø,müÑ"
French,t (powder) : to,Sar,mü©
French,l,Bediondo,tüm :
French,l,Gor,tüm :
French,l,Laka,tüm
French,l,Mbay,tüm :
French,l,Ngambay,tüm
French,g,Bebote,kàw :
French,g,Bediondo,kàw :
French,g,Daba,kàw
French,g,Gor,kàw :
French,g,Gulay,kàw :
French,g,Kaba_Na,kîßè
French,g,Kaba,kàw : Kul=hàßè :
French,g,Laka,kàw
French,g,Mbay,kàw :
French,g,Mango,kîw :
French,g,Nar,kà
French,g,Ngambay,kàw :
French,g,Sar,kà
French,g,Ngam,kàw :
French,gplant,Bebote,njò :
French,gplant,Bediondo,njò
French,gplant,Daba,njòr :
French,gplant,Gor,njòr :
French,gplant,Gulay,njòr
French,gplant,Kaba_Na,njòrò :
French,gplant,Kaba,dùndáy
French,gplant,Laka,dùndáy
French,gplant,Mbay,njòr :
French,gplant,Mango,njò
French,gplant,Nar,njòr :
French,gplant,Ngambay,njòr
French,gplant,Sar,njòÈ
French,ret,Bebote,kæ€ :
French,ret,Bediondo,‡-kæ€
French,ret,Gor,kÉÛ :
French,ret,Gulay,kæ€ :
French,ret,Kaba_Na,kûwŠ
French,ret,Kaba,‡-kæw :
French,ret,Laka,‡-kæ€
French,ret,Mbay,köó :
French,ret,Mango,kæ€ :
French,ret,Nar,köó
French,ret,Ngambay,kÉw :
French,ret,Sar,köó
French,ght,Bebote,jï-jöó :
French,ght,Bediondo,jï-jöó
French,ght,Daba,÷ô-dì-sô :
French,ght,Gor,jï-jöó
French,ght,Gulay,sô-sô :
French,ght,Kaba_Na,sàlïnjä
French,ght,Kaba,jï-jöó : Kul=sàlënjä
French,ght,Laka,gènè-jöó :
French,ght,Mbay,jï-jöó
French,ght,Mango,jï-này-jöó :
French,ght,Nar,sô-sô
French,English –,Ngambay,jï-này-jöó
French,English –,Sar,sô-sô
French,English –,Ngam,sôsô :
French,elbow,Bebote,kàm-síl-jï :
French,elbow,Bediondo,s‡l
French,elbow,Daba,kíl-jï :
French,elbow,Gor,kíl
French,elbow,Gulay,kíl-jï :
French,elbow,Kaba,kÕ-kíl-jï
French,elbow,Laka,kíl-jï :
French,elbow,Mbay,kíl
French,elbow,Mango,síl-jï :
French,elbow,Nar,kíl
French,elbow,Ngambay,kíl :
French,elbow,Sar,kí¥
French,elephant,Bebote,kÆd¸ :
French,elephant,Bediondo,kÆd¸
French,elephant,Daba,kèd :
French,elephant,Gor,kÆd¸ :
French,elephant,Gulay,kÆd¸
French,elephant,Kaba_Na,kàjï :
French,elephant,Kaba,kÆ®
French,elephant,Laka,kÆræ
French,elephant,Mbay,kèd¸ :
French,elephant,Mango,kÆd¸
French,elephant,Nar,kèd¸ :
French,elephant,Ngambay,kÆ® :
French,elephant,Sar,kèd¸
French,elephant,Ngam,kèd¸
French,eleven,Bebote,dîg-gÕdé-kárë
French,eleven,Daba,dî-÷é-jö÷
French,eleven,Gor,dîgÕ-dë-kárë
French,eleven,Gulay,dîg-gìdÆ-kárë
French,eleven,Kaba,dîkÆ-rë-kárä
French,Kul=dîgî-jî-hàré,Laka,dîgÕ-gìré-kárä
French,Kul=dîgî-jî-hàré,Mbay,kÕlá-gìdÕ-k‡-k‡rä
French,Kul=dîgî-jî-hàré,Mango,dîg¸-gìd-é-kárë
French,Kul=dîgî-jî-hàré,Nar,kùtÕ-gìdì-kóg¸»
French,Kul=dîgî-jî-hàré,Ngambay,dîg-gìr-é-kárä
French,Kul=dîgî-jî-hàré,Sar,kùt-gìdì-kôgï
French,"encircle, go around : to",Bediondo,gæ :
French,"encircle, go around : to",Daba,güg :
French,"encircle, go around : to",Gulay,gügü
French,"encircle, go around : to",Kaba,gükü :
French,"encircle, go around : to",Laka,gügü
French,"encircle, go around : to",Mbay,güg¸ :
French,"encircle, go around : to",Nar,güg¸
French,enemy,Bebote,njè-b¼º :
French,enemy,Daba,ngè-b¼º
French,enemy,Gor,njÆ-b¼º :
French,enemy,Gulay,njè-b¼º
French,enemy,Kaba_Na,ní-bängä
French,enemy,Kaba,njè-kÆm-b¼º
French,enemy,Laka,njè-b¼º :
French,enemy,Mbay,màd¸-b¼º
French,enemy,Mango,njè-b¼º :
French,enemy,Nar,màd¸-b¼º
French,enemy,Ngambay,njè-b¼
French,enemy,Sar,"màd¸-kûl, màd¸-b¼º"
French,enemy,Ngam,màd¸-b¼º :
French,enough for : to be,Bebote,àsÕ :
French,enough for : to be,Bediondo,àsÕ :
French,enough for : to be,Daba,às
French,enough for : to be,Gor,àsÕ :
French,enough for : to be,Gulay,àsÕ :
French,enough for : to be,Kaba_Na,àsà
French,enough for : to be,Kaba,àsÕ : Kul=àsà :
French,enough for : to be,Laka,àsÕ
French,Sara Languages,Mbay,àsÕ :
French,Sara Languages,Mango,àsÕ :
French,Sara Languages,Nar,àsÕ
French,Sara Languages,Ngambay,àsÕ :
French,Sara Languages,Sar,àsÕ
French,Sara Languages,Ngam,àsÕ :
French,enter,Bebote,ànd¸ :
French,enter,Bediondo,ànd¸
French,enter,Gor,ànd¸ :
French,enter,Kaba_Na,ànjä
French,enter,Kaba,ànd¸ : Kul=häyé
French,enter,Laka,ànd¸ :
French,enter,Mbay,ànd¸ :
French,enter,Mango,ànd¸
French,enter,Ngambay,ànd¸ :
French,enter,Sar,ùdÕ
French,epilepsy,Gulay,kÇnÇ :
French,epilepsy,Laka,pìpì
French,epilepsy,Mbay,kí£ :
French,epilepsy,Mango,kÇnÇ
French,epilepsy,Nar,kÇnÇ :
French,epilepsy,Sar,kÇnç
French,escape : to,Gor,ìgÕ :
French,escape : to,Laka,ìgì
French,escape : to,Mbay,ìgÕ
French,evening,Gor,lò-sîlô :
French,evening,Gulay,lò-sî£
French,evening,Laka,kÕmà-tàg‡
French,evening,Mbay,lò-k‡-sî£-é
French,evening,Nar,lò-sîlí :
French,evening,Ngambay,kùmàtàg‡ :
French,evening,Sar,lò-sî£-í
French,evening,Ngam,lò-sî£
French,excrement,Bebote,s¡ :
French,excrement,Bediondo,s¡ :
French,excrement,Daba,k¡
French,excrement,Gor,s¡ :
French,excrement,Gulay,yÆd¸ :
French,excrement,Kaba_Na,kèÿ
French,excrement,Kaba,s¡ :
French,excrement,Laka,s¡ :
French,excrement,Mbay,k¡¿
French,excrement,Mango,s¡ :
French,excrement,Nar,yèd¸ :
French,excrement,Ngambay,s¡ :
French,excrement,Sar,yèd¸
French,excrement,Ngam,yèd¸
French,exchange : to,Bebote,mbÉl :
French,exchange : to,Bediondo,mbÉl
French,exchange : to,Gor,mbÉl :
French,exchange : to,Gulay,mbÉl
French,exchange : to,Kaba_Na,mbálï :
French,exchange : to,Kaba,mbÉl
French,exchange : to,Laka,mbÉl :
French,exchange : to,Mbay,mbé£
French,exchange : to,Nar,mbél :
French,exchange : to,Ngambay,mbél
French,exchange : to,Sar,mbé£
French,explode : to,Bebote,ndüwæ :
French,explode : to,Bediondo,ndü
French,explode : to,Gor,sänä :
French,explode : to,Gulay,ndübü
French,explode : to,Kaba,ndübü :
French,explode : to,Laka,ndübü
French,explode : to,Mbay,ndüu :
French,explode : to,Mango,ndübæ
French,explode : to,Nar,ndùb¸ :
French,explode : to,Ngambay,ndübü
French,explode : to,Sar,ndüb¸
French,eye,Bebote,kÆm :
French,eye,Bediondo,kÆm :
French,eye,Daba,kòm
French,eye,Gor,kùm :
French,eye,Gulay,kùm :
French,eye,Kaba_Na,kàm
French,eye,Kaba,kÆm :
French,eye,Laka,kÆm :
French,eye,Mbay,kùm
French,eye,Mango,kÆm :
French,eye,Nar,kùm :
French,eye,Ngambay,kÆm :
French,eye,Sar,kùm
French,eye,Ngam,kùm
French,fall : repeatedly f,Gulay,tósó :
French,fall : repeatedly f,Mbay,t‡sö
French,fall : repeatedly f,Mango,tús¸ :
French,fall : repeatedly f,Sar,t‡sö
French,fall : to,Bebote,òs¸ :
French,fall : to,Bediondo,òs¸ :
French,fall : to,Daba,ìsö
French,fall : to,Gor,òs¸ :
French,fall : to,Gulay,òsö :
French,fall : to,Kaba_Na,ìsö
French,fall : to,Kaba,òsö : Kul=ìsö :
French,fall : to,Laka,òsö
French,fall : to,Mbay,sö :
French,fall : to,Mango,ùs¸ :
French,fall : to,Nar,òsö f
French,fall : to,Ngambay,òsö :
French,fall : to,Sar,òsö
French,fall : to,Ngam,Õsö :
French,fall to the ground : to,Mbay,ù® :
French,fall to the ground : to,Mango,ùr :
French,fall to the ground : to,Sar,ùÊ
French,fallow field,Laka,dàl¸m :
French,fallow field,Mbay,gáw
French,fallow field,Mango,b¼y-lò f
French,fan : to,Bebote,ìw :
French,fan : to,Gor,Õw : Kul=ùtï
French,fan : to,Laka,pÆr :
French,fan : to,Mbay,ìbÕ :
French,fan : to,Mango,ìbÕ
French,fan : to,Ngambay,nº :
French,fan : to,Sar,ùmb¸
French,faraway,Bebote,sªy :
French,faraway,Bediondo,"s¼y,sªy f"
French,faraway,Daba,ù÷à :
French,faraway,Gor,sªy :
French,faraway,Gulay,"sár,"
French,faraway,Kaba,æw :
French,faraway,Laka,ÆÛ
French,faraway,Mbay,sªy :
French,faraway,Mango,s¼y :
French,faraway,Nar,sŸy
French,faraway,Ngambay,Æw :
French,faraway,Sar,s¼y
French,faraway,Ngam,s¼y :
French,"farm, plant : to",Bebote,ndîû :
French,"farm, plant : to",Bediondo,ndî® f
French,"farm, plant : to",Daba,ndîû :
French,"farm, plant : to",Gor,ndîû :
French,"farm, plant : to",Gulay,ndî®
French,"farm, plant : to",Kaba_Na,njàkä :
French,"farm, plant : to",Kaba,ndîû
French,"farm, plant : to",Laka,ndî f
French,"farm, plant : to",Mbay,ndîû :
French,"farm, plant : to",Mango,ndî®
French,"farm, plant : to",Nar,ndî® :
French,"farm, plant : to",Ngambay,ndîû :
French,"farm, plant : to",Sar,ndî®
French,"farm, plant : to",Ngam,ndî®
French,"farmer, master",Bebote,bÕrÆ-kîsÕ f
French,"farmer, master",Bediondo,bÕrÆ-kîsÕ :
French,"farmer, master",Daba,bùrà-kîs
French,"farmer, master",Gor,bÕrÆ-kîsÕ
French,"farmer, master",Gulay,bùrÆ-kîsÕ
French,"farmer, master",Kaba,bÕrà-kîsÕ :
French,"farmer, master",Laka,báw-ndîû
French,"farmer, master",Mbay,bÕrà-kîsÕ :
French,"farmer, master",Mango,bùrÆ-kîsÕ
French,"farmer, master",Nar,bÕrÆ-kîsÕ
French,"farmer, master",Ngambay,báw-ndîû :
French,"farmer, master",Sar,bÕÈà-kîsÕ
French,fat : to be f,Bebote,bòý :
French,fat : to be f,Bediondo,bò :
French,fat : to be f,Gor,bò
French,fat : to be f,Gulay,bòý :
French,fat : to be f,Kaba,bò :
French,fat : to be f,Laka,bòý
French,fat : to be f,Mbay,bòo :
French,fat : to be f,Mango,bòý :
French,fat : to be f,Nar,bò
French,fat : to be f,Ngambay,"bò, bòý :"
French,fat : to be f,Sar,bò
French,fat : to be f,Ngam,bò :
French,ther,Bebote,bàÛ :
French,ther,Bediondo,bàÛ
French,ther,Daba,bùrà :
French,ther,Gor,bàÛ :
French,ther,Gulay,bîû
French,ther,Kaba_Na,bìyà :
French,ther,Kaba,bî : Kul=vìyà
French,ther,Laka,bî :
French,ther,Mbay,bîû :
French,ther,Mango,bîb¸
French,ther,Nar,bîb¸ :
French,ther,Ngambay,bàÛ :
French,ther,Sar,bîb¸
French,ther,Ngam,bÕÈà
French,tigue,Bebote,kî :
French,tigue,Bediondo,kî :
French,tigue,Gor,kîr
French,tigue,Gulay,kîr :
French,tigue,Kaba_Na,kî
French,tigue,Kaba,rû-kùtä :
French,tigue,Laka,kîr
French,tigue,Mbay,kîr :
French,tigue,Mango,kî :
French,tigue,Nar,kîr
French,tigue,Ngambay,kîr
French,tigue,Ngam,kîÈ :
French,ar; to fear,Bebote,ßæ• :
French,ar; to fear,Bediondo,ßæ• :
French,ar; to fear,Daba,ßö•
French,ar; to fear,Gor,ßö• :
French,ar; to fear,Gulay,ßæ• :
French,ar; to fear,Kaba_Na,ßëlé
French,ar; to fear,Kaba,ßæ• :
French,ar; to fear,Laka,ßæ• :
French,ar; to fear,Mbay,ßö•
French,ar; to fear,Mango,ßæ• :
French,ar; to fear,Nar,ßö• :
French,ar; to fear,Ngambay,ßæ• :
French,ar; to fear,Sar,ßö•
French,ar; to fear,Ngam,ßö•
French,ather,Bebote,bÆ£ :
French,ather,Bediondo,bÆ£ :
French,ather,Daba,bè£
French,ather,Gor,bÆ£ :
French,ather,Gulay,bè£ :
French,ather,Kaba_Na,bèlé
French,ather,Kaba,bÆ£ :
French,ather,Laka,bÆ£ :
French,ather,Mbay,bè£
French,ather,Mango,bÆ£ :
French,ather,Nar,bè£ :
French,ather,Ngambay,bè£ :
French,ather,Sar,bè£
French,ather,Ngam,bè£
French,ncing,Mbay,gòng :
French,ncing,Mango,gàlì
French,ncing,Sar,gòng
French,tch [water] : to,Bebote,îdÕ :
French,tch [water] : to,Gor,îdÕ
French,tch [water] : to,Gulay,îdÕ :
French,tch [water] : to,Kaba,îrù :
French,tch [water] : to,Laka,tö
French,tch [water] : to,Mbay,îdî/îdë :
French,tch [water] : to,Mango,îdÕ
French,tch [water] : to,Nar,îdÕ :
French,tch [water] : to,Ngambay,tö :
French,tch [water] : to,Sar,îdÕ
French,eld,Bebote,"kÕlÆ, ndîû"
French,eld,Daba,kèm-ndîû :
French,eld,Gor,"mŸ-ndîû,"
French,eld,Gulay,kèm-kö
French,eld,Kaba,"tà-ndîû,ndîû : Kul=màgì"
French,eld,Laka,ndî :
French,eld,Mbay,kûr :
French,eld,Mango,ndî®
French,eld,Ngambay,ndîû
French,eld,Sar,ndî®
French,eld,Ngam,bèmbÕ :
French,ght : to,Bebote,÷û :
French,ght : to,Bediondo,rû :
French,ght : to,Daba,÷û
French,ght : to,Gor,÷û :
French,ght : to,Gulay,÷û :
French,ght : to,Kaba_Na,rû
French,ght : to,Kaba,÷û :
French,ght : to,Mbay,÷ûû :
French,ght : to,Mango,÷û
French,ght : to,Nar,÷û :
French,ght : to,Ngambay,÷û
French,ght : to,Sar,rû
French,ght : to,Ngam,÷û :
French,filter : to,Bebote,ndèë :
French,filter : to,Bediondo,ndèë
French,filter : to,Daba,ndèë :
French,filter : to,Gor,ndèë :
French,filter : to,Gulay,ndŸ
French,filter : to,Kaba,ndèë :
French,filter : to,Laka,ndÆÿ
French,filter : to,Mbay,ndèë :
French,filter : to,Mango,ndÆÿ
French,filter : to,Nar,ndèë :
French,filter : to,Ngambay,ndÆÿ
French,filter : to,Sar,ndŸþ
French,filter : type of,Bediondo,yàtè :
French,filter : type of,Gor,ìyàtìyà
French,filter : type of,Gulay,jÆng-læng :
French,filter : type of,Mbay,yàtÕ
French,filter : type of,Mango,yàtè :
French,filter : type of,Ngambay,yàdÕ
French,filter : type of,Sar,sàñ-ndíï
French,filter : type of,Bediondo,sàñ :
French,filter : type of,Daba,kírë
French,filter : type of,Gor,sàñ :
French,filter : type of,Laka,sàñ :
French,filter : type of,Mbay,sàñ
French,filter : type of,Ngambay,sàñ
French,filth,Daba,yè÷ :
French,filth,Laka,yŸ« :
French,filth,Mbay,yèr
French,filth,Mango,yŸ :
French,filth,Ngambay,yŸr
French,fill : to,Bebote,÷òsÕ :
French,fill : to,Bediondo,ròsÕ
French,fill : to,Daba,÷òs :
French,fill : to,Gor,÷òsÕ :
French,fill : to,Gulay,÷ùsù
French,fill : to,Kaba_Na,ròsò :
French,fill : to,Kaba,÷ùsù
French,fill : to,Laka,÷ùsù :
French,fill : to,Mbay,÷òsÕ :
French,fill : to,Mango,÷ùsÕ
French,fill : to,Nar,÷òsÕ :
French,fill : to,Ngambay,÷ùsù :
French,fill : to,Sar,ròsÕ
French,fill : to,Ngam,÷òsÕ
French,find : to,Bebote,ÕngÆ :
French,find : to,Bediondo,ÕngÆ
French,find : to,Daba,ìngà :
French,find : to,Gor,ÕngÆ :
French,find : to,Gulay,ìng
French,find : to,Kaba_Na,èmbè :
French,find : to,Kaba,ìngà
French,find : to,Laka,ìngà :
French,find : to,Mbay,ngà
French,find : to,Mango,ìngÆ :
French,find : to,Nar,ÕngÆ
French,find : to,Ngambay,ìngà
French,find : to,Sar,ìngà
French,find : to,Ngam,ndûd¸ :
French,find on ground : to,Bebote,ßàä :
French,find on ground : to,Bediondo,ßàä :
French,find on ground : to,Daba,ßàä
French,find on ground : to,Gor,ßàä :
French,find on ground : to,Gulay,ßàä :
French,find on ground : to,Kaba,ßàä
French,find on ground : to,Laka,ßà :
French,find on ground : to,Mbay,ßàä :
French,find on ground : to,Mango,ßàä
French,find on ground : to,Nar,ßàä :
French,find on ground : to,Ngambay,ßàä :
French,find on ground : to,Sar,ßàä
French,finger,Bebote,ngön-jï :
French,finger,Bediondo,ngön-jï
French,finger,Gor,ngön-jï :
French,finger,Gulay,ngön-jï
French,finger,Kaba,ngön-jï :
French,finger,Laka,ngön-jï
French,finger,Mbay,k‡-ngön-jï :
French,finger,Mango,ngön-j
French,finger,Nar,ngön-jï
French,Sara Languages,Ngambay,ngön-jï :
French,Sara Languages,Sar,ngön-jï
French,Sara Languages,Ngam,k‡-ngön-jï
French,finished : to be,Bebote,t¸gæ :
French,finished : to be,Bediondo,tÕgæ
French,finished : to be,Daba,tïgä :
French,finished : to be,Gor,t¸gÉ
French,finished : to be,Gulay,tìngæ :
French,finished : to be,Kaba_Na,nìngä
French,finished : to be,Kaba,tùngä :
French,finished : to be,Laka,tùngä
French,finished : to be,Mbay,t¸gä :
French,finished : to be,Mango,tìgæ
French,finished : to be,Nar,tÕgæ :
French,finished : to be,Ngambay,rùngä :
French,finished : to be,Sar,tÕgä
French,finished : to be,Ngam,t¸gä
French,fire,Bebote,pòr :
French,fire,Bediondo,pòr :
French,fire,Daba,wò÷
French,fire,Gor,pòr :
French,fire,Gulay,pòr :
French,fire,Kaba_Na,hàrù
French,fire,Kaba,pùrù : Kul=fàrù :
French,fire,Laka,pÆr
French,fire,Mbay,hòr :
French,fire,Mango,pÆr :
French,fire,Nar,hòr
French,fire,Ngambay,pÆr :
French,fire,Sar,hòr
French,fire,Ngam,hòr :
French,firefly,Bebote,‡-ndçy-dé
French,firefly,Bediondo,‡-ndçy-dé
French,firefly,Gor,‡-ndçy-dé
French,firefly,Gulay,ngà-ndÉl-wðy
French,firefly,Laka,kæ»-ngàÛ
French,firefly,Mbay,k‡-ndûû-mbél
French,firefly,Mango,‡-ndçy-dé
French,firefly,Nar,k‡-ndögö-mbélë
French,firefly,Ngambay,bùsú
French,firefly,Sar,ndç-bélé
French,firefly,Ngam,k‡-ndû-mbélé :
French,firewood,Bebote,sï :
French,firewood,Bediondo,sï :
French,firewood,Daba,kïr
French,firewood,Gor,tà-sï :
French,firewood,Gulay,kïr :
French,firewood,Kaba_Na,këy
French,firewood,Kaba,tà-kïr : Kul=këy
French,firewood,Laka,tà-kïr :
French,firewood,Mbay,kïr :
French,firewood,Mango,sï
French,firewood,Nar,kïr :
French,firewood,Ngambay,kïr :
French,firewood,Sar,kïÈ
French,firewood,Ngam,kÕndè
French,first,Bebote,dîsôy :
French,first,Bediondo,dî-sªy
French,first,Gulay,dæsÏy :
French,first,Kaba,dîngîr
French,first,Laka,dîngîr :
French,first,Mbay,dàsá
French,first,Mango,"ßÉy-ßäá,kété :"
French,first,Nar,dÆtál
French,first,Ngambay,ßád‡-ßá
French,first,Sar,tàgà-dî
French,first,Ngam,dîsá :
French,first,Bebote,täá :
French,first,Bediondo,täá
French,first,Daba,kém-tä :
French,first,Gor,täá :
French,first,Gulay,täá
French,first,Kaba,ßá :
French,first,Mbay,tºª :
French,first,Mango,ßäá
French,first,Nar,pá-tä :
French,first,Ngambay,ßá
French,first,Sar,"tá,pá-tä"
French,first,Ngam,tºª :
French,firstborn child f,Bebote,dÆ® :
French,firstborn child f,Bediondo,dÆ® :
French,firstborn child f,Daba,dè®
French,firstborn child f,Gor,dÆ® :
French,firstborn child f,Gulay,dÆ®
French,firstborn child f,Kaba_Na,ní-kòö :
French,firstborn child f,Kaba,dÆ®
French,firstborn child f,Laka,dÆ® :
French,firstborn child f,Mbay,dè® :
French,firstborn child f,Mango,dÆ®
French,firstborn child f,Nar,hág¸ :
French,firstborn child f,Ngambay,dÆ® :
French,firstborn child f,Sar,hàgÕ
French,fish f,Bebote,känj¸ :
French,fish f,Bediondo,känj¸
French,fish f,Daba,känj :
French,fish f,Gor,känj¸
French,fish f,Gulay,känj¸ :
French,fish f,Kaba_Na,känjë
French,fish f,Kaba,känj¸ : Kul=hänjë
French,fish f,Laka,känjï :
French,fish f,Mbay,känj¸
French,fish f,Mango,känj¸ :
French,fish f,Nar,känj¸ f
French,fish f,Ngambay,känjï
French,fish f,Sar,känj¸
French,fish f,Ngam,känj¸ :
French,fish : Lates niloticus,Bebote,gà»-sä :
French,fish : Lates niloticus,Bediondo,kÆsÆngÕ
French,fish : Lates niloticus,Kaba_Na,mönö-känjë f
French,fish : Lates niloticus,Kaba,‡-gámásä :
French,fish : Lates niloticus,Laka,kÆm-dÇy
French,fish : Lates niloticus,Mbay,kèsèng :
French,fish : Lates niloticus,Mango,kÆm-ndÇy
French,fish : Lates niloticus,Nar,kèsèng :
French,fish : Lates niloticus,Ngambay,kèm-ndûy :
French,fish : Lates niloticus,Sar,kèsèng
French,fish : Lates niloticus,Ngam,kèsèng
French,fish : type of,Laka,yùwà :
French,fish : type of,Mbay,wìyà
French,fish : type of,Sar,wìyà
French,fish : type of f,Daba,tìb :
French,fish : type of f,Kaba_Na,tíßì
French,fish : type of f,Laka,kìbì :
French,fish : type of f,Mbay,tìw :
French,fish : type of f,Mango,sìw
French,fish : type of,Mbay,wúd‡ :
French,fish : type of,Mango,wúd¸
French,fish : type of,Sar,wúd‡
French,fish : type of f,Bediondo,dæ• :
French,fish : type of f,Gulay,dæ• :
French,fish : type of f,Mbay,dö•
French,fish : type of f,Mango,dæ• :
French,fish : type of f,Ngambay,dæ•
French,fish net : type of,Laka,kòrö :
French,fish net : type of,Mbay,kò® :
French,fish net : type of,Mango,kò®
French,fish net : type of,Ngambay,kò® f
French,fisherman,Bebote,mbàw :
French,fisherman,Bediondo,mbàw
French,fisherman,Daba,ngè-ndò-känj :
French,fisherman,Gor,mbàw
French,fisherman,Gulay,mbàw :
French,fisherman,Kaba,mbàw
French,fisherman,Laka,mbàw
French,fisherman,Mbay,náw :
French,fisherman,Mango,mbîw :
French,fisherman,Nar,náw
French,fisherman,Ngambay,mbàw :
French,fisherman,Sar,"náÞ,"
French,fisherman,Ngam,ndÅ :
French,shhook,Bebote,kùÿ :
French,shhook,Bediondo,kùÿ :
French,shhook,Daba,kùÿ
French,shhook,Gor,kùÿ :
French,shhook,Gulay,kùÿ :
French,shhook,Kaba_Na,kùÿ
French,shhook,Kaba,kìÿ :
French,shhook,Laka,kùÿ :
French,shhook,Mbay,kùÿ
French,shhook,Mango,kùÿ :
French,shhook,Nar,kùÿ :
French,shhook,Ngambay,kìï
French,shhook,Sar,kùÿ
French,ve,Bebote,mƒ :
French,ve,Bediondo,mƒ :
French,ve,Daba,mƒ
French,ve,Gor,mƒ :
French,ve,Gulay,mƒ :
French,ve,Kaba_Na,mìí
French,ve,Kaba,mƒ : Kul=mìí :
French,ve,Laka,mƒ
French,ve,Mbay,mƒ¿ :
French,ve,Mango,mƒ :
French,ve,Nar,mƒ
French,ve,Ngambay,mƒ :
French,ve,Sar,mƒ
French,ve,Ngam,mí :
French,ash (lightning) : to,Bebote,tÆ£ :
French,ash (lightning) : to,Gor,tÆ£
French,ash (lightning) : to,Gulay,tè£ :
French,ash (lightning) : to,Laka,tÆ£ :
French,ash (lightning) : to,Mbay,tè£
French,ash (lightning) : to,Mango,tÆ£ :
French,ash (lightning) : to,Nar,tè£ :
French,ash (lightning) : to,Ngambay,tè£
French,ash (lightning) : to,Sar,tè£
French,ea,Bebote,ng‡sæ :
French,ea,Bediondo,ng‡sæ
French,ea,Daba,ngísä :
French,ea,Gor,ng‡sæ
French,ea,Gulay,ngísæ :
French,ea,Kaba_Na,ngísä
French,ea,Kaba,ngísä :
French,ea,Laka,ngísä
French,ea,Mbay,ngísä :
French,ea,Mango,ndísæ
French,ea,Nar,ng‡sæ :
French,ea,Ngambay,ngísä
French,ea,Sar,ng‡sä
French,ee : to,Bebote,¼ÿ :
French,ee : to,Bediondo,¼ÿ :
French,ee : to,Daba,¼ÿ
French,ee : to,Gor,¼ÿ :
French,ee : to,Gulay,¼ÿ :
French,ee : to,Kaba_Na,à…ä
French,ee : to,Kaba,¼ÿ :
French,ee : to,Laka,¼y :
French,ee : to,Mbay,¼ÿ
French,ee : to,Mango,¼ÿ :
French,ee : to,Nar,¼ÿ :
French,ee : to,Ngambay,¼ÿ :
French,ee : to,Sar,¼º
French,ee : to,Ngam,¼ÿ
French,"oat, flow : to",Bebote,læl :
French,"oat, flow : to",Gor,læl
French,"oat, flow : to",Gulay,ùlÆ :
French,"oat, flow : to",Kaba_Na,lülü :
French,"oat, flow : to",Laka,ùlà
French,"oat, flow : to",Mbay,n¦¾ :
French,"oat, flow : to",Mango,lö :
French,"oat, flow : to",Nar,ÕlÆ
French,"oat, flow : to",Ngambay,n¦ :
French,"oat, flow : to",Sar,nç
French,"oat, flow : to",Ngam,nühü :
French,our,Bebote,ndùj¸ :
French,our,Bediondo,ndùj¸
French,our,Daba,ndùj :
French,our,Gor,ndùj¸
French,our,Gulay,ndùjü :
French,our,Kaba_Na,ndùjú
French,our,Kaba,ndùjü :
French,our,Laka,ndùjï
French,our,Mbay,ndùj¸ :
French,our,Mango,ndùj¸
French,our,Nar,ndùj¸ :
French,our,Ngambay,ndùjï :
French,our,Sar,ndùj¸
French,our,Ngam,ndùj¸
French,flower : to,Bebote,pút¸ :
French,flower : to,Bediondo,pút¸
French,flower : to,Daba,wút :
French,flower : to,Gor,pút¸ :
French,flower : to,Gulay,pútü
French,flower : to,Kaba_Na,húrè :
French,flower : to,Kaba,pútü
French,flower : to,Laka,púdü :
French,flower : to,Mbay,hút¸ :
French,flower : to,Mango,pútü
French,flower : to,Nar,hút¸ :
French,flower : to,Ngambay,púdü
French,flower : to,Sar,hút¸
French,flute,Bediondo,nàl :
French,flute,Gor,gª :
French,flute,Kaba,làl
French,flute,Mbay,nàl :
French,flute,Nar,nàl
French,fly,Bebote,kóng¸ :
French,fly,Bediondo,kÉng¸
French,fly,Daba,kÇç :
French,fly,Gor,kóng¸ :
French,fly,Gulay,kÉn
French,fly,Kaba_Na,ká« :
French,fly,Kaba,kÉm :
French,fly,Laka,kÜw
French,fly,Mbay,kóñg :
French,fly,Mango,kÉm
French,fly,Nar,kóng :
French,fly,Ngambay,kÉm :
French,fly,Sar,kóñ
French,foam,Bediondo,kúlù» :
French,foam,Gor,púlù»
French,foam,Gulay,púlülú :
French,foam,Kaba_Na,húndúlú
French,foam,Laka,húhúgú :
French,foam,Mbay,húlù» :
French,foam,Mango,Æ
French,foam,Nar,húlüú :
French,foam,Sar,húlú
French,fog,Bebote,múm :
French,fog,Bediondo,múm
French,fog,Daba,bùúmbù® :
French,fog,Gor,m¦ :
French,fog,Gulay,bú
French,fog,Kaba_Na,gú¯séè :
French,fog,Kaba,mù»
French,fog,Laka,múm :
French,fog,Mbay,bùú :
French,fog,Mango,múm
French,fog,Nar,k‡-bü-bù :
French,fog,Ngambay,múm
French,fog,Sar,dím-sìl
French,follow,Gulay,ndòlè :
French,follow,Mbay,ndúlö
French,follow,Mango,ndòlè
French,food,Bebote,né-kùsî :
French,food,Bediondo,nÏ-kùsò
French,food,Daba,yª-kùsà :
French,food,Gor,yª-kùsî
French,food,Gulay,yª-kùsÆ :
French,food,Kaba_Na,nákü
French,food,Kaba,né :
French,food,Laka,né-kùsà
French,food,Mbay,yª½-k‡-sà :
French,food,Ngambay,né-sî :
French,food,Sar,yªà-kÕsà
French,food,Ngam,yª-kÕs
French,food (main dish for Saras,Bebote,mùd¸ :
French,food (main dish for Saras,Bediondo,"mùd¸,mù®"
French,food (main dish for Saras,Daba,bìnä :
French,food (main dish for Saras,Gor,mùd¸ :
French,food (main dish for Saras,Gulay,mù®
French,food (main dish for Saras,Kaba_Na,ròkù :
French,food (main dish for Saras,Kaba,mùrü
French,food (main dish for Saras,Laka,bìnä
French,food (main dish for Saras,Mbay,mbù® :
French,food (main dish for Saras,Mango,mù® :
French,food (main dish for Saras,Nar,mù®
French,food (main dish for Saras,Ngambay,mùrü :
French,food (main dish for Saras,Sar,mù®
French,food (main dish for Saras,Ngam,mù® :
French,"foot, leg",Bebote,njà :
French,"foot, leg",Bediondo,njà :
French,"foot, leg",Daba,njà
French,"foot, leg",Gor,njà :
French,"foot, leg",Gulay,njà :
French,"foot, leg",Kaba_Na,njàä
French,"foot, leg",Kaba,gîl : Kul=njà :
French,"foot, leg",Laka,gîl
French,"foot, leg",Mbay,njà :
French,"foot, leg",Mango,njà :
French,"foot, leg",Nar,njà
French,"foot, leg",Ngambay,gîl :
French,"foot, leg",Sar,njà
French,"foot, leg",Ngam,njà :
French,for,Bebote,tà-kül :
French,for,Bediondo,tà-kül
French,for,Gor,kÕtà-kül :
French,for,Gulay,tà-kül
French,for,Kaba,mbä-tàr :
French,for,Laka,mbôr-dî
French,for,Mbay,kÕtä-tûû :
French,for,Mango,"mbæl-dî,"
French,for,Nar,tÆ-kül
French,for,Ngambay,mbôl-dî
French,for,Sar,tà-kül
French,for,Ngam,kÕtä-kül :
French,forehead,Bebote,nÅ :
French,forehead,Bediondo,nàtÕ-nò
French,forehead,Daba,nÅ :
French,forehead,Gor,nÅ :
French,forehead,Gulay,kär-nÅ
French,forehead,Kaba_Na,dà»-nîû :
French,forehead,Kaba,nÅ
French,forehead,Laka,ßè-dà-nÅ
French,forehead,Mbay,nÅ :
French,forehead,Mango,nÅ :
French,forehead,Nar,nÅ
French,forehead,Ngambay,nÅ :
French,forehead,Sar,nÅ
French,forehead,Ngam,nò :
French,forest,Bediondo,kù :
French,forest,Daba,kù :
French,forest,Gulay,kù
French,forest,Kaba_Na,gàlà :
French,forest,Kaba,kù :
French,forest,Laka,kúdü
French,forest,Mbay,kùu :
French,forest,Nar,kù :
French,forest,Ngambay,kù
French,forge : to,Bebote,ò :
French,forge : to,Bediondo,ò :
French,forge : to,Gor,òw
French,forge : to,Gulay,ùwÆ :
French,forge : to,Mbay,òo :
French,forge : to,Mango,ò
French,forge : to,Nar,ò :
French,forge : to,Ngambay,òö
French,forge : to,Sar,ùwà
French,forge : to,Ngam,wòhò :
French,fork of tree,Gulay,gàjÕ :
French,fork of tree,Kaba_Na,bàrä
French,fork of tree,Laka,bàj¼ :
French,fork of tree,Mbay,bàjÕ :
French,fork of tree,Mango,gàjÕ
French,fork of tree,Nar,gàjÕ :
French,fork of tree,Ngambay,"mbº-käg¸, b¼"
French,forked : to be,Bebote,gàjÕ :
French,forked : to be,Bediondo,gàjÕ
French,forked : to be,Daba,gàj :
French,forked : to be,Gor,"bàjï,gàjÕ"
French,forked : to be,Gulay,gàjÕ :
French,forked : to be,Kaba,b¼ :
French,forked : to be,Laka,"gàjì,"
French,forked : to be,Mbay,gàjÕ :
French,forked : to be,Mango,gàjÕ
French,forked : to be,Nar,gàjÕ :
French,forked : to be,Ngambay,b¼
French,forked : to be,Sar,gàjÕ
French,forked : to be,Ngam,gàjÕ :
French,four,Bebote,sô :
French,four,Bediondo,sô :
French,four,Daba,sô
French,four,Gor,sô :
French,four,Gulay,sô :
French,four,Kaba_Na,sîô
French,four,Kaba,sô : Kul=sîô :
French,four,Laka,sô
French,four,Mbay,sôô :
French,four,Mango,sô :
French,four,Nar,sô
French,four,Ngambay,sô :
French,four,Sar,sô
French,four,Ngam,sôî :
French,frequently g,Laka,tà©-tà© :
French,frequently g,Mbay,sŸõ
French,frequently g,Nar,ngándáng
French,"fresh, wet : to be",Bediondo,mbæl :
French,"fresh, wet : to be",Daba,mböl
French,"fresh, wet : to be",Gulay,mbæl :
French,"fresh, wet : to be",Mbay,mböl :
French,"fresh, wet : to be",Mango,mbæl
French,friend g,Bebote,näm :
French,friend g,Bediondo,gàr
French,friend g,Gor,gàr :
French,friend g,Kaba_Na,ßàkúrà
French,friend g,Kaba,näm : Kul=tà-hàßë
French,friend g,Mbay,näm :
French,friend g,Mango,màd¸
French,friend g,Ngambay,kúrä-mà® :
French,friend g,Sar,màd¸
French,friend g,Bebote,màd¸ :
French,friend g,Daba,màd
French,friend g,Gor,màd¸ :
French,friend g,Gulay,màd¸
French,friend g,Laka,njè-kúrä
French,friend g,Mbay,màd¸-k‡rá :
French,friend g,Mango,màd¸
French,friend g,Ngambay,kúrä-mà® :
French,friend g,Sar,màd¸ g
French,frog : type of,Gulay,bª¼ :
French,frog : type of,Laka,"gŸ,jŸ"
French,frog : type of,Mbay,gÕmbà :
French,frog : type of,Nar,gÕmbÆ
French,fruit,Bebote,kànd¸ :
French,fruit,Bediondo,kànd¸
French,fruit,Daba,kànd :
French,fruit,Gor,kànd¸ :
French,fruit,Gulay,kàñ
French,fruit,Kaba_Na,kànä :
French,fruit,Kaba,kànd¸ g
French,fruit,Laka,kànd¸
French,fruit,Mbay,kànd¸ :
French,fruit,Mango,kànd¸
French,fruit,Nar,kàñ :
French,fruit,Ngambay,kánd¸ :
French,fruit,Sar,kàñ
French,fruit,Ngam,kàñ
French,fruit : karite tree,Mbay,yòÛ :
French,fruit : karite tree,Mango,yæb‡ g
French,fruit : karite tree,Sar,yò€
French,fruit : karite tree,Ngam,yòb‡ :
French,full : to be,Bebote,ndän :
French,full : to be,Bediondo,ndän
French,full : to be,Daba,ndän :
French,full : to be,Gor,ndän :
French,full : to be,Gulay,ndän
French,full : to be,Kaba,ndän :
French,full : to be,Mbay,ndän :
French,full : to be,Mango,ndän
French,full : to be,Nar,ndän :
French,full : to be,Ngambay,ndän g
French,full : to be,Sar,ndän
French,galago : type of,Bediondo,bàtàng¸ :
French,galago : type of,Kaba_Na,kí-mä…ä g
French,galago : type of,Kaba,bùtäng¸ :
French,galago : type of,Laka,bìtàng¸
French,galago : type of,Mbay,bÕràng :
French,galago : type of,Ngambay,bàtäng
French,gap,Gulay,mbÅrþ :
French,gap,Mbay,bürö g
French,gap,Nar,körö
French,ther : to,Bebote,îy :
French,ther : to,Bediondo,mbÇ :
French,ther : to,Daba,îy
French,ther : to,Gor,îy :
French,ther : to,Gulay,îy :
French,ther : to,Kaba,îy
French,ther : to,Laka,òdö :
French,ther : to,Mbay,îy :
French,ther : to,Mango,îy
French,ther : to,Nar,îy :
French,ther : to,Ngambay,"îy,"
French,ther : to,Sar,îy
French,ther : to,Ngam,wîy :
French,net,Bebote,täg¸ :
French,net,Bediondo,täg¸
French,net,Gulay,täk¸ :
French,net,Kaba_Na,tägö
French,net,Kaba,täk¸ :
French,net,Laka,täg¸
French,net,Mbay,täg¸ :
French,net,Mango,täg¸
French,net,Ngambay,täg¸
French,raffe,Bebote,käl :
French,raffe,Bediondo,kòl
French,raffe,Gulay,kÆrlòw :
French,raffe,Kaba_Na,kòlò
French,raffe,Mbay,kòl :
French,raffe,Mango,kòl
French,raffe,Nar,kòl :
French,raffe,Sar,kòl
French,rl being initiated,Bebote,b¼y¼ :
French,rl being initiated,Bediondo,b¼y¼
French,rl being initiated,Daba,b¼y¼ :
French,rl being initiated,Gor,b¼y¼
French,rl being initiated,Gulay,ndò-d¡yÜ :
French,rl being initiated,Kaba,màk¸
French,rl being initiated,Laka,màg¸ :
French,rl being initiated,Mbay,b¼y :
French,rl being initiated,Mango,b¼y¼
French,rl being initiated,Nar,b¼y¼ :
French,rl being initiated,Ngambay,màg¸
French,rl being initiated,Sar,b¼y¼
French,ve,Bebote,àd¸ :
French,ve,Bediondo,àd¸ :
French,ve,Daba,àd
French,ve,Gor,àd¸ :
French,ve,Gulay,àd¸ :
French,ve,Kaba_Na,ì…ä
French,ve,Kaba,à® : Kul=ìtö :
French,ve,Laka,à®
French,ve,Mbay,àd¸ :
French,ve,Mango,àd¸ :
French,ve,Nar,àd¸
French,ve,Ngambay,à® :
French,ve,Sar,àd¸
French,ve,Ngam,àd¸ :
French,ve birth to : to,Bebote,òjÕ :
French,ve birth to : to,Bediondo,òjÕ :
French,ve birth to : to,Daba,òj
French,ve birth to : to,Gor,òjÕ :
French,ve birth to : to,Gulay,òjÕ :
French,ve birth to : to,Kaba_Na,òyò
French,ve birth to : to,Kaba,ùjù :
French,ve birth to : to,Laka,ùjì :
French,ve birth to : to,Mbay,òjÕ
French,ve birth to : to,Mango,òjÕ :
French,ve birth to : to,Nar,òjÕ :
French,ve birth to : to,Ngambay,òjì :
French,ve birth to : to,Sar,òjÕ
French,ve birth to : to,Ngam,wòjÕ
French,ve to [s.o.] to hold : to,Bebote,ßû :
French,ve to [s.o.] to hold : to,Bediondo,ßû :
French,ve to [s.o.] to hold : to,Mbay,ßûû
French,ve to [s.o.] to hold : to,Ngam,ßûhû
French,ean : to,Bediondo,ßù :
French,ean : to,Kaba_Na,ngáÞ
French,ean : to,Laka,ßùrù :
French,ean : to,Mbay,bé£ :
French,ean : to,Mango,ßù
French,ean : to,Nar,ßù® :
French,ean : to,Ngambay,ßùr
French,ue,Bebote,tƒyð :
French,ue,Bediondo,t‡yð
French,ue,Daba,tƒyº :
French,ue,Gor,tƒyð :
French,ue,Gulay,làb¸
French,English –,Kaba_Na,tí…à :
French,English –,Kaba,tƒyº
French,English –,Laka,Žƒyº :
French,English –,Mbay,tƒyª :
French,English –,Mango,tƒyð
French,English –,Nar,tƒyð :
French,English –,Ngambay,tƒyº
French,English –,Sar,tƒyº
French,go : to,Bebote,àÛ :
French,go : to,Bediondo,àÛ :
French,go : to,Daba,àÛ
French,go : to,Gor,àÛ :
French,go : to,Gulay,àÛ :
French,go : to,Kaba_Na,àßë
French,go : to,Kaba,àÛ : Kul=àßë :
French,go : to,Laka,àw
French,go : to,Mbay,àÛ :
French,go : to,Mango,îÛ :
French,go : to,Nar,àÛ
French,go : to,Ngambay,àÛ :
French,go : to,Sar,àÛ
French,go : to,Ngam,àÛ :
French,go down; enter : to,Bebote,ùr :
French,go down; enter : to,Bediondo,ùr :
French,go down; enter : to,Daba,ùd
French,go down; enter : to,Gor,"ùr, ùr :"
French,go down; enter : to,Kaba,ùrù :
French,go down; enter : to,Laka,ù
French,go down; enter : to,Mbay,ùdÕ :
French,go down; enter : to,Mango,ùr :
French,go down; enter : to,Nar,ùdÕ
French,go down; enter : to,Ngambay,"ùr, ùr :"
French,go down; enter : to,Sar,"ùdÕ,"
French,go out : to,Bebote,tŸþ :
French,go out : to,Daba,tèë :
French,go out : to,Gulay,tèë
French,go out : to,Kaba_Na,tàkï :
French,go out : to,Kaba,tèë
French,go out : to,Laka,Žè :
French,go out : to,Mbay,tèë
French,go out : to,Mango,tŸþ :
French,go out : to,Nar,tèë :
French,go out : to,Ngambay,"tèë,"
French,go out : to,Sar,tèë
French,goat,Bebote,b¬yð :
French,goat,Bediondo,b¸yð
French,goat,Daba,b¬yº :
French,goat,Gor,b¬yð :
French,goat,Gulay,b¬y
French,goat,Kaba,b¬yº : Kul=vï…ä
French,goat,Laka,b¬yº :
French,goat,Mbay,b¬yº :
French,goat,Mango,b¬yð
French,goat,Nar,b¬yð :
French,goat,Ngambay,b¬yº :
French,goat,Sar,b¬yº
French,goat,Ngam,b¬yº
French,"goat, billygoat",Bebote,bàl :
French,"goat, billygoat",Bediondo,bàl :
French,"goat, billygoat",Daba,bàl
French,"goat, billygoat",Gor,bàl :
French,"goat, billygoat",Gulay,bàl :
French,"goat, billygoat",Kaba_Na,bàlà
French,"goat, billygoat",Kaba,bàl :
French,"goat, billygoat",Laka,bàl :
French,"goat, billygoat",Mbay,bàl
French,"goat, billygoat",Mango,bàl :
French,"goat, billygoat",Nar,bàl :
French,"goat, billygoat",Ngambay,bàl
French,"goat, billygoat",Sar,bàl
French,God; Luwa (brother of Su),Bebote,Lúwæ :
French,God; Luwa (brother of Su),Bediondo,Lúwæ
French,God; Luwa (brother of Su),Daba,Lúbä :
French,God; Luwa (brother of Su),Gulay,Núbæ :
French,God; Luwa (brother of Su),Kaba_Na,núß
French,God; Luwa (brother of Su),Kaba,Lúbä :
French,God; Luwa (brother of Su),Laka,Lúßä
French,God; Luwa (brother of Su),Mbay,Lúwä :
French,God; Luwa (brother of Su),Mango,Lúbæ
French,God; Luwa (brother of Su),Ngambay,Lúbä :
French,God; Luwa (brother of Su),Sar,N‡ßä
French,good : to be,Bebote,màjÕ :
French,good : to be,Bediondo,màjÕ
French,good : to be,Daba,mbþ :
French,good : to be,Gor,màjÕ :
French,good : to be,Gulay,màjÕ
French,good : to be,Kaba_Na,kòrï :
French,good : to be,Kaba,màjì :
French,good : to be,Laka,mà
French,good : to be,Mbay,màjÕ :
French,good : to be,Mango,màjÕ
French,Sara Languages,Nar,màjÕ :
French,Sara Languages,Ngambay,màjì :
French,Sara Languages,Sar,màjÕ
French,Sara Languages,Ngam,màjÕ
French,gourd,Bebote,‡-ngó :
French,gourd,Bediondo,‡-ngó
French,gourd,Daba,ngó :
French,gourd,Gulay,ngó :
French,gourd,Kaba_Na,kïhé
French,gourd,Kaba,‡-ngó : Kul=hárü
French,gourd,Laka,‡-ngó :
French,gourd,Mbay,ngó
French,gourd,Mango,‡-ngòó :
French,gourd,Nar,kär
French,gourd,Ngambay,ngó :
French,gourd,Sar,kûy
French,gourd : type of,Bediondo,kü :
French,gourd : type of,Gulay,kü :
French,gourd : type of,Kaba_Na,gúù
French,gourd : type of,Laka,kü :
French,gourd : type of,Mbay,küu :
French,gourd : type of,Mango,kü
French,gourd : type of,Ngambay,kä :
French,gourd : type of,Sar,kü
French,gourd : type of,Ngam,kühü :
French,gourd : type of,Bebote,gà£ :
French,gourd : type of,Bediondo,gà£
French,gourd : type of,Gor,gà£ :
French,gourd : type of,Gulay,gè£ :
French,gourd : type of,Kaba_Na,gálà
French,gourd : type of,Kaba,gà£ :
French,gourd : type of,Laka,kü-ngäw
French,gourd : type of,Mbay,gà£ :
French,gourd : type of,Mango,gà£ :
French,gourd : type of,Nar,kál
French,gourd : type of,Ngambay,gólë :
French,gourd : type of,Sar,gà£
French,gourd : type of,Ngam,gà£ :
French,gourd used as spoon,Bebote,‡-dïí :
French,gourd used as spoon,Bediondo,jÆnï
French,gourd used as spoon,Gor,kó-dïí :
French,gourd used as spoon,Gulay,jènï
French,gourd used as spoon,Kaba_Na,jènï :
French,gourd used as spoon,Kaba,kärämbë
French,gourd used as spoon,Laka,kîr-gè :
French,gourd used as spoon,Mbay,jènï
French,gourd used as spoon,Mango,kär-mbï :
French,gourd used as spoon,Nar,jènï
French,gourd used as spoon,Ngambay,kär-mbï :
French,gourd used as spoon,Sar,kù«-kûý
French,grain : crushed,Bebote,j‡ngæ :
French,grain : crushed,Bediondo,j‡ngæ
French,grain : crushed,Daba,jíngá :
French,grain : crushed,Gor,jíngæ
French,grain : crushed,Gulay,jíngæ :
French,grain : crushed,Kaba_Na,gínjà
French,grain : crushed,Kaba,jíngä :
French,grain : crushed,Laka,jíngä
French,grain : crushed,Mbay,jíngá :
French,grain : crushed,Mango,jíngæ
French,grain : crushed,Nar,j‡ngæ :
French,grain : crushed,Ngambay,jíngä
French,grain : crushed,Sar,j‡ngà
French,granary,Bebote,dàm :
French,granary,Bediondo,dàm :
French,granary,Daba,dàm
French,granary,Gor,dàm :
French,granary,Gulay,dàm :
French,granary,Kaba_Na,wä
French,granary,Kaba,dàm :
French,granary,Laka,dàm :
French,granary,Mbay,dàm
French,granary,Mango,dàm :
French,granary,Nar,mûy :
French,granary,Ngambay,dàm
French,granary,Sar,mçy
French,grandparent,Bebote,kàw :
French,grandparent,Bediondo,kà :
French,grandparent,Daba,kà
French,grandparent,Gor,kàw :
French,grandparent,Gulay,kà :
French,grandparent,Kaba_Na,kàká
French,grandparent,Kaba,kà : Kul=hàhä :
French,grandparent,Laka,kà
French,grandparent,Mbay,kàa :
French,grandparent,Mango,kà :
French,grandparent,Nar,kà
French,grandparent,Ngambay,kà :
French,grandparent,Sar,kà
French,grandparent,Ngam,kàhà :
French,grass : type of g,Kaba_Na,tèmbè :
French,grass : type of g,Laka,Žèmè
French,grass : type of g,Mbay,tàm :
French,grass : type of g,Mango,tèmè
French,grass : type of g,Ngambay,tèmè :
French,grass : type of g,Sar,tèmbÕ
French,grass : type of,Laka,häyä :
French,grass : type of,Mbay,häyä
French,grass : type of,Mango,käy :
French,grass : type of,Sar,häyä
French,grass fencing,Bebote,ndòg¸ :
French,grass fencing,Bediondo,"mbög¸, g"
French,grass fencing,Daba,ndòg :
French,grass fencing,Gor,ndòg¸
French,grass fencing,Gulay,ndògö :
French,grass fencing,Kaba_Na,kíyè
French,grass fencing,Kaba,ndòkö : Kul=dòbö
French,grass fencing,Laka,ndògö :
French,grass fencing,Mbay,ndòg¸
French,grass fencing,Mango,ndòg¸ :
French,grass fencing,Nar,ndòg¸
French,grass fencing,Ngambay,ndògö
French,grass fencing,Sar,ndòg¸
French,grass fencing,Ngam,ndòg¸ :
French,"grass, straw g",Bebote,m“ :
French,"grass, straw g",Bediondo,m“ :
French,"grass, straw g",Daba,m“
French,"grass, straw g",Gor,m“ :
French,"grass, straw g",Gulay,m“ :
French,"grass, straw g",Kaba_Na,ngàlï
French,"grass, straw g",Kaba,m“ : Kul=ùmù :
French,"grass, straw g",Laka,m“
French,"grass, straw g",Mbay,m“¾ :
French,"grass, straw g",Mango,wàlè
French,"grass, straw g",Nar,bèmbëé :
French,"grass, straw g",Ngambay,m“
French,"grass, straw g",Sar,m“
French,"grass, straw g",Ngam,m“ :
French,grasshopper,Gor,‡dä :
French,grasshopper,Gulay,g¼r¡ g
French,grasshopper,Kaba_Na,yìmï :
French,grasshopper,Kaba,‡-gàbÕrà
French,grasshopper,Laka,‡-sím :
French,grasshopper,Mbay,k‡-däa
French,grasshopper,Mango,gábrì :
French,grasshopper,Nar,gáj‡-sír
French,grasshopper,Ngambay,gábÕrà :
French,grasshopper,Sar,gàÛ
French,grasshopper : type of,Bediondo,‡-bÆt‡ :
French,grasshopper : type of,Gulay,k‡-bèté g
French,grasshopper : type of,Laka,‡-bèdé :
French,grasshopper : type of,Mbay,k‡-bèt‡
French,grasshopper : type of,Mango,‡-bétë :
French,grasshopper : type of,Nar,gá-kërë
French,greasy : to be,Bebote,ÆmÕ :
French,greasy : to be,Bediondo,ÆmÆ :
French,greasy : to be,Daba,èm
French,greasy : to be,Gor,èmè :
French,greasy : to be,Gulay,ÆmÆ :
French,greasy : to be,Kaba,èmè
French,greasy : to be,Laka,ÐmÐ :
French,greasy : to be,Mbay,yàm :
French,greasy : to be,Mango,ngùr
French,greasy : to be,Nar,yèmbÕ :
French,greasy : to be,Ngambay,ÆmÕ g
French,greasy : to be,Sar,yàmbÕ t
French,grill : to,Bebote,ndàÛ :
French,grill : to,Bediondo,ndàÛ
French,grill : to,Gor,ndàÛ :
French,grill : to,Gulay,ndàÛ :
French,grill : to,Laka,ndàw
French,grill : to,Mbay,ndàÛ :
French,grill : to,Mango,ndîÛ
French,grill : to,Nar,ndàä :
French,grill : to,Ngambay,ndàÛ
French,grill : to,Sar,ndàÛ
French,ound,Bebote,dî-nàng :
French,ound,Bediondo,dî-nàngÕ
French,ound,Daba,dî-nèng :
French,ound,Gor,"dî-kûr, ßë"
French,ound,Gulay,dÆ-nàng :
French,ound,Kaba_Na,ngáä
French,ound,Kaba,dî-nàng :
French,ound,Laka,dî-nàngÕ
French,ound,Mbay,dà-nàng :
French,ound,Mango,dî-nàng
French,ound,Nar,dî-nàng :
French,ound,Ngambay,dî-nàng :
French,ound,Sar,dî-nàng
French,ound,Ngam,nìng
French,"ound, earth",Bebote,nàngÕ :
French,"ound, earth",Bediondo,nàngÕ
French,"ound, earth",Daba,nèng :
French,"ound, earth",Gor,nàngÕ
French,"ound, earth",Gulay,nàng :
French,"ound, earth",Kaba,nàng
French,"ound, earth",Laka,nàngÕ
French,"ound, earth",Mbay,nàng :
French,"ound, earth",Mango,nàngá
French,"ound, earth",Nar,nàng :
French,"ound, earth",Ngambay,nàng :
French,"ound, earth",Sar,nàng
French,"ound, earth",Ngam,dî-nìngÕ
French,oundnuts,Bebote,wúl :
French,oundnuts,Bediondo,wúl
French,oundnuts,Daba,wú£-ndà :
French,oundnuts,Gor,wúl
French,oundnuts,Gulay,wúl :
French,oundnuts,Kaba,wúl-bò
French,oundnuts,Laka,úl-bò
French,oundnuts,Mbay,wú£-sà® :
French,oundnuts,Mango,bè-ßá
French,oundnuts,Nar,wúl :
French,oundnuts,Ngambay,ßúl-ndà
French,oundnuts,Sar,wú£
French,ow on ground (plants) : to,Bebote,àlè :
French,ow on ground (plants) : to,Bediondo,àlè :
French,ow on ground (plants) : to,Daba,àl
French,ow on ground (plants) : to,Gor,àlà :
French,ow on ground (plants) : to,Gulay,àlè :
French,ow on ground (plants) : to,Kaba_Na,àlà
French,ow on ground (plants) : to,Kaba,àlè :
French,ow on ground (plants) : to,Laka,àlè :
French,ow on ground (plants) : to,Mbay,àl
French,ow on ground (plants) : to,Mango,àlè :
French,ow on ground (plants) : to,Nar,àlìyà :
French,ow on ground (plants) : to,Ngambay,àlè
French,ow on ground (plants) : to,Sar,àl
French,"ow up, get big : to",Bebote,tîgÕ :
French,"ow up, get big : to",Bediondo,tîgÕ
French,"ow up, get big : to",Daba,tîg :
French,"ow up, get big : to",Gor,tîgÕ :
French,"ow up, get big : to",Gulay,tîgÕ
French,"ow up, get big : to",Kaba_Na,tîgî :
French,"ow up, get big : to",Kaba,tîkÕ
French,"ow up, get big : to",Laka,tîgÕ :
French,"ow up, get big : to",Mbay,tîgÕ :
French,"ow up, get big : to",Mango,tîgÕ
French,"ow up, get big : to",Nar,tîgÕ :
French,"ow up, get big : to",Ngambay,tîgÕ
French,"ow up, get big : to",Sar,tîgÕ
French,"ow, stuff into, step on :",Bebote,mbçy :
French,"ow, stuff into, step on :",Bediondo,mbçy
French,"ow, stuff into, step on :",Daba,ùßà :
French,"ow, stuff into, step on :",Gor,mb¸sæ :
French,"ow, stuff into, step on :",Gulay,òrè
French,"ow, stuff into, step on :",Kaba_Na,ùßà :
French,"ow, stuff into, step on :",Kaba,mbüsü :
French,"ow, stuff into, step on :",Mbay,ßà
French,"ow, stuff into, step on :",Mango,ùbÆ :
French,"ow, stuff into, step on :",Nar,mbús¸ :
French,"ow, stuff into, step on :",Ngambay,ùbà :
French,"ow, stuff into, step on :",Sar,"ìÈè,ìßà"
French,"ow, stuff into, step on :",Ngam,ßà
French,guinea fowl,Bebote,tànjÕ :
French,guinea fowl,Bediondo,tànjÕ
French,guinea fowl,Daba,tànj :
French,guinea fowl,Gor,tànjÕ
French,guinea fowl,Gulay,tànjÕ :
French,guinea fowl,Kaba_Na,tànjà
French,guinea fowl,Kaba,tànjì :
French,guinea fowl,Laka,tÆnjì
French,guinea fowl,Mbay,tànjÕ :
French,guinea fowl,Mango,tànjÕ
French,guinea fowl,Nar,tènjÕ :
French,guinea fowl,Ngambay,tànjì
French,guinea fowl,Sar,tànjÕ
French,"gummy, slimy : to be",Bebote,ùwÆ :
French,"gummy, slimy : to be",Bediondo,ndîl
French,"gummy, slimy : to be",Gulay,ndîl :
French,"gummy, slimy : to be",Kaba,wà :
French,"gummy, slimy : to be",Laka,lû
French,"gummy, slimy : to be",Mbay,ndîl :
French,"gummy, slimy : to be",Nar,ndîl
French,"gummy, slimy : to be",Sar,ndîl
French,gums,Bebote,yÕdæ :
French,gums,Bediondo,yÕdÕ
French,gums,Daba,ßüd-ngäng :
French,gums,Gor,yìdÕ
French,gums,Gulay,bìr-gîgÕ
French,gums,Laka,dà-kàsÕ-ngäng
French,gums,Mbay,dà-yìdè :
French,gums,Mango,yìd¸
French,gums,Nar,bórö :
French,gums,Ngambay,yì® :
French,gums,Sar,b‡r
French,hail,Bebote,kûs¸ :
French,hail,Bediondo,kûs¸
French,hail,Gor,kûs¸ :
French,hail,Gulay,kûŽ¸
French,hail,Kaba_Na,mbóö :
French,hail,Kaba,kûjï
French,hail,Laka,kûjï :
French,hail,Mbay,kûs¸ :
French,hail,Mango,kûs¸
French,hail,Nar,kûs¸ :
French,hail,Ngambay,kûjï
French,hail,Sar,kûs¸
French,hair,Bebote,bìs¸-dî :
French,hair,Bediondo,bÕs¸-dî
French,hair,Daba,b¡¬-dî :
French,hair,Gor,b¡¬-dî
French,hair,Gulay,b¡¬-dÆ :
French,hair,Kaba_Na,ngîû
French,hair,Kaba,b¡¬-dî :
French,hair,Laka,b¡-dî
French,hair,Mbay,bìs¸-dî :
French,hair,Mango,bÆ£-dî
French,hair,Nar,yìngà-dî :
French,hair,Ngambay,yìngà
French,hair,Sar,nÕngà
French,"hair, body hair",Bebote,b¡¬ :
French,"hair, body hair",Bediondo,b¡¬ :
French,"hair, body hair",Daba,b¡¬
French,"hair, body hair",Gor,b¡¬ :
French,"hair, body hair",Gulay,b¡¬ :
French,"hair, body hair",Kaba_Na,bèlé
French,"hair, body hair",Kaba,b¡¬ :
French,"hair, body hair",Mbay,b¡¬ :
French,"hair, body hair",Mango,bÆ£
French,"hair, body hair",Nar,b¡¬ :
French,"hair, body hair",Ngambay,b¡¬
French,"hair, body hair",Sar,b¡¬
French,"hair, body hair",Ngam,b¡¬ :
French,hand,Bebote,jï :
French,hand,Bediondo,jï :
French,hand,Daba,jï
French,hand,Gor,jï :
French,hand,Gulay,jï :
French,hand,Kaba_Na,jïlï
French,hand,Kaba,jï : Kul=jïnï :
French,hand,Laka,jï
French,hand,Mbay,jï :
French,hand,Mango,jï :
French,hand,Nar,jï
French,hand,Ngambay,jï :
French,hand,Sar,jï
French,hand,Ngam,jï :
French,handle (of tool),Bebote,kül :
French,handle (of tool),Bediondo,kül
French,handle (of tool),Gor,kül :
French,handle (of tool),Gulay,kül :
French,handle (of tool),Kaba_Na,kölï
French,handle (of tool),Laka,kül :
French,handle (of tool),Mbay,kül :
French,handle (of tool),Mango,kül
French,handle (of tool),Nar,kül :
French,handle (of tool),Ngambay,kül :
French,handle (of tool),Sar,kül
French,handsome : to be,Bebote,bàsá :
French,handsome : to be,Bediondo,bàsá
French,handsome : to be,Daba,bàsá :
French,handsome : to be,Gor,bàsá :
French,handsome : to be,Gulay,bàsá
French,handsome : to be,Kaba,kúrä : Kul=nàpà
French,handsome : to be,Laka,mày-ngàw :
French,handsome : to be,Mbay,bàsá
French,handsome : to be,Mango,bàsá :
French,handsome : to be,Nar,bàsá
French,handsome : to be,Ngambay,bàsá :
French,handsome : to be,Sar,bàlsáà
French,"happiness, joy",Bebote,rû-nÆ£ :
French,"happiness, joy",Daba,rö-kè
French,"happiness, joy",Gor,rû-nÆ£ :
French,"happiness, joy",Kaba,rû-nè£
French,"happiness, joy",Laka,rû-lÆ£ :
French,"happiness, joy",Mbay,rö-nè£
French,"happiness, joy",Nar,rû-nè£ :
French,"happiness, joy",Ngambay,rû-lè£ :
French,"happiness, joy",Sar,Èû-nè£
French,"happiness, joy",Ngam,Èö-nè£
French,"hard, difficult : to be",Bebote,ng¼º :
French,"hard, difficult : to be",Bediondo,ng¼º
French,"hard, difficult : to be",Daba,ngàñg :
French,"hard, difficult : to be",Gor,ng¼º
French,"hard, difficult : to be",Gulay,"möng, Å :"
French,"hard, difficult : to be",Kaba_Na,ngàngàrà
French,"hard, difficult : to be",Kaba,ngÆñg :
French,"hard, difficult : to be",Laka,ngàng¸
French,"hard, difficult : to be",Mbay,ngàñg :
French,"hard, difficult : to be",Mango,ngàñg
French,"hard, difficult : to be",Nar,ngàñg :
French,"hard, difficult : to be",Ngambay,ngàñg :
French,"hard, difficult : to be",Sar,ngàñg
French,"hard, difficult : to be",Ngam,ngàñg
French,hare,Bebote,dî-tîg¸m :
French,hare,Bediondo,dîtÕgù«
French,hare,Daba,höm :
French,hare,Gor,dîdîgüm
French,hare,Gulay,dÆg¸m :
French,hare,Kaba_Na,wömö :
French,hare,Kaba,üm
French,hare,Laka,öm
French,hare,Mbay,dîgÕ-dîg¸m :
French,hare,Mango,dîg¸m
French,hare,Nar,dîg¸m :
French,hare,Ngambay,dîdî-æm :
French,hare,Sar,dîgÕ«
French,hare,Ngam,dîg¸mb¸
French,harp,Bebote,kèndè :
French,harp,Bediondo,kÆndè
French,harp,Daba,kùndè :
French,harp,Gor,kèndè
French,harp,Gulay,kúndú-jèÑg :
French,harp,Kaba,kîndè
French,harp,Mbay,kìndè :
French,harp,Mango,kèndè
French,harp,Nar,kèndè :
French,harp,Ngambay,kòndè
French,harp,Sar,kèndè
French,"hatred, rancor",Bebote,b¼º :
French,"hatred, rancor",Bediondo,b¼º :
French,"hatred, rancor",Daba,b¼º
French,"hatred, rancor",Gor,gál :
French,"hatred, rancor",Gulay,b¼º :
French,"hatred, rancor",Kaba_Na,ßängä
French,"hatred, rancor",Kaba,b¼º :
French,"hatred, rancor",Laka,b¼º :
French,"hatred, rancor",Mbay,b¼º
French,"hatred, rancor",Mango,b¼º :
French,"hatred, rancor",Nar,b¼º :
French,"hatred, rancor",Ngambay,b¼º
French,"hatred, rancor",Sar,b¼º
French,have food prepared : to,Bebote,ndèë :
French,have food prepared : to,Bediondo,ndèë h
French,have food prepared : to,Gor,ndóg¸ :
French,have food prepared : to,Gulay,ndŸþ
French,have food prepared : to,Laka,ndÆy :
French,have food prepared : to,Mbay,ndèë :
French,have food prepared : to,Mango,ndÆÿ
French,have sex with : to,Bebote,ndà£ :
French,have sex with : to,Bediondo,ndà£
French,have sex with : to,Gulay,ànd¸ :
French,have sex with : to,Kaba,ndà£ :
French,have sex with : to,Laka,kÅrð
French,have sex with : to,Mbay,sò® :
French,have sex with : to,Mango,ndà£
French,have sex with : to,Nar,ànd¸ :
French,have sex with : to,Ngambay,ndà£
French,have sex with : to,Sar,ànd¸ h
French,"he, she",Bebote,µ- :
French,"he, she",Bediondo,µ- :
French,"he, she",Gor,µ-
French,"he, she",Gulay,µ- :
French,"he, she",Kaba,µ- : Kul=nì h
French,"he, she",Laka,µ- :
French,"he, she",Mbay,µ- :
French,"he, she",Mango,µ-
French,"he, she",Nar,µ- :
French,"he, she",Ngambay,µ-
French,"he, she",Ngam,µ- :
French,head,Bebote,dî :
French,head,Bediondo,dî :
French,head,Daba,dî
French,head,Gor,dî :
French,head,Gulay,dÆ :
French,head,Kaba_Na,jîû
French,head,Kaba,dî : Kul=jî :
French,head,Mbay,dî
French,head,Mango,dî :
French,head,Nar,dî :
French,head,Ngambay,dî :
French,head,Sar,dî
French,head,Ngam,dî h
French,head cloth,Gulay,ngÆæ :
French,head cloth,Mbay,ngòö
French,head cloth,Mango,ngÆæ :
French,head cloth,Sar,ngòö
French,hear : to,Bebote,òö :
French,hear : to,Bediondo,òö :
French,hear : to,Daba,òö h
French,hear : to,Gor,òö :
French,hear : to,Gulay,òö :
French,hear : to,Kaba_Na,òö
French,hear : to,Kaba,òö :
French,hear : to,Mbay,òö :
French,hear : to,Mango,òö
French,hear : to,Nar,òö :
French,hear : to,Ngambay,òö :
French,hear : to,Sar,òö
French,hear : to,Ngam,"òö, wòö"
French,heart,Bediondo,ßæng¸ræ :
French,heart,Daba,wùr h
French,heart,Kaba_Na,bólì :
French,heart,Laka,ßæng¸ræ
French,heart,Mbay,k‡-ngön-bïr
French,heart,Nar,kúj¸-mûs¸ :
French,heart,Ngambay,ßængæræ
French,hearthstone,Bebote,pïl :
French,hearthstone,Bediondo,p¸l
French,hearthstone,Daba,bût-yïl :
French,hearthstone,Gor,pïl h
French,hearthstone,Gulay,pïl :
French,hearthstone,Kaba_Na,sïlï :
French,hearthstone,Kaba,pïl
French,hearthstone,Laka,pïl :
French,hearthstone,Mbay,hïl
French,hearthstone,Mango,pïl :
French,hearthstone,Nar,hïl :
French,hearthstone,Ngambay,pïl :
French,hearthstone,Sar,sïl
French,hearthstone,Ngam,sïl
French,heavy h,Bebote,îÿ :
French,heavy h,Bediondo,îÿ :
French,heavy h,Daba,îÿ
French,heavy h,Gor,îÿ :
French,heavy h,Gulay,îÿ :
French,heavy h,Kaba,îÿ
French,heavy h,Laka,îÿ :
French,heavy h,Mbay,îÿ :
French,heavy h,Mango,îÿ
French,heavy h,Nar,îÿ :
French,heavy h,Ngambay,îÿ
French,heavy h,Sar,îÿ
French,heavy h,Ngam,îÿ :
French,dgehog,Bebote,ndú® :
French,dgehog,Bediondo,ndúr
French,dgehog,Daba,ndú÷ :
French,dgehog,Gor,‡-ndúr
French,dgehog,Gulay,ndúr :
French,dgehog,Kaba_Na,njúrù
French,dgehog,Kaba,ndúrü :
French,dgehog,Laka,ndúrü
French,dgehog,Mbay,ndúr :
French,dgehog,Mango,ndú®
French,dgehog,Nar,ndúr :
French,dgehog,Ngambay,ndú®
French,dgehog,Sar,ndú±
French,el,Bediondo,g‡d¸ :
French,el,Laka,gír-gîl
French,el,Mbay,gíd‡ :
French,el,Nar,gánd¸
French,rd : to,Bebote,ngæm :
French,rd : to,Bediondo,ngæm
French,rd : to,Daba,ßàt :
French,rd : to,Gor,ngöm :
French,rd : to,Gulay,ngöm
French,rd : to,Kaba,ngæm :
French,rd : to,Laka,ngæm
French,rd : to,Mbay,ngöm :
French,rd : to,Mango,ngæm
French,rd : to,Nar,ngöm :
French,rd : to,Ngambay,ngæm
French,rd : to,Sar,ngöm
French,re,Bebote,nŸ :
French,re,Bediondo,nŸ :
French,re,Daba,nèë
French,re,Gor,nè :
French,re,Gulay,nè :
French,re,Kaba_Na,jó
French,re,Kaba,nèÑ :
French,re,Laka,nè :
French,re,Mbay,làä
French,re,Mango,nè :
French,re,Nar,làä :
French,re,Ngambay,nè :
French,re,Sar,làä
French,re,Ngam,làä
French,rnia,Bebote,ngônj‡ :
French,rnia,Bediondo,ngónj‡
French,rnia,Gulay,ngónj‡ :
French,rnia,Laka,ngônjí
French,rnia,Mbay,ngónj‡ :
French,rnia,Mango,ngónj‡
French,rnia,Nar,ngônj¸ :
French,rnia,Ngambay,ngónjí
French,rnia,Sar,ngînjÕ
French,biscus,Bebote,yí :
French,biscus,Bediondo,yí :
French,biscus,Daba,yír
French,biscus,Gor,yír :
French,biscus,Gulay,yír :
French,biscus,Kaba_Na,yíì
French,biscus,Kaba,yírï :
French,biscus,Laka,írï :
French,biscus,Mbay,yír
French,biscus,Mango,yí :
French,biscus,Nar,yír :
French,biscus,Ngambay,írï
French,biscus,Sar,yí±
French,de : to,Bebote,déÛ :
French,de : to,Bediondo,ßûyû
French,de : to,Gor,dów :
French,de : to,Gulay,ßûyû :
French,de : to,Laka,dÉb¸
French,de : to,Mbay,déw :
French,de : to,Mango,dÆbÕ :
French,de : to,Nar,ßû
French,de : to,Ngambay,dÆbÕ :
French,de : to,Sar,dób¸
French,"de, skin",Bebote,ng¸ræ :
French,"de, skin",Bediondo,ng¸ræ
French,"de, skin",Gor,ng¸ræ :
French,"de, skin",Gulay,ngïræ
French,English –,Kaba,ngïrä :
French,English –,Laka,ngïrä
French,English –,Mbay,ng¸rä :
French,English –,Mango,ngïræ
French,English –,Nar,ng¸ræ :
French,English –,Ngambay,ngïrä :
French,English –,Sar,ng¸Èä
French,English –,Ngam,bömb¸
French,hide; set a trap : to,Bebote,ìyæ :
French,hide; set a trap : to,Bediondo,Õyæ :
French,hide; set a trap : to,Daba,ùyä
French,hide; set a trap : to,Gor,ìyæ :
French,hide; set a trap : to,Gulay,ùyæ :
French,hide; set a trap : to,Kaba_Na,ìyä
French,hide; set a trap : to,Kaba,ìyä :
French,hide; set a trap : to,Laka,ìyä :
French,hide; set a trap : to,Mbay,yä
French,hide; set a trap : to,Mango,ïyæ :
French,hide; set a trap : to,Nar,ìyæ :
French,hide; set a trap : to,Ngambay,ìyä :
French,hide; set a trap : to,Sar,ßû
French,hide; set a trap : to,Ngam,ßû
French,"him, her",Bebote,-É :
French,"him, her",Bediondo,-é :
French,"him, her",Daba,-á
French,"him, her",Gor,-É :
French,"him, her",Gulay,-é :
French,"him, her",Kaba,-é
French,"him, her",Laka,-é :
French,"him, her",Mbay,-á
French,"him, her",Mango,-é :
French,"him, her",Nar,-µ :
French,"him, her",Ngambay,-é :
French,"him, her",Sar,-µ
French,"him, her",Ngam,-á
French,hippopotamus,Bebote,àbÕ :
French,hippopotamus,Bediondo,yàbÕ
French,hippopotamus,Daba,hàb :
French,hippopotamus,Gor,àbÕ :
French,hippopotamus,Gulay,àbÕ
French,hippopotamus,Kaba_Na,jä-àbà :
French,hippopotamus,Kaba,hàbÕ
French,hippopotamus,Laka,àbÕ :
French,hippopotamus,Mbay,yàbÕ :
French,hippopotamus,Mango,àbÕ
French,hippopotamus,Nar,yàbÕ :
French,hippopotamus,Ngambay,àbÕ :
French,hippopotamus,Sar,yàb
French,"his, her",Bebote,-É :
French,"his, her",Bediondo,è :
French,"his, her",Daba,-á
French,"his, her",Gor,-nè :
French,"his, her",Gulay,-é :
French,"his, her",Kaba,-é
French,"his, her",Laka,-é :
French,"his, her",Mbay,-á :
French,"his, her",Mango,-é
French,"his, her",Nar,-µ :
French,"his, her",Ngambay,-é
French,"his, her",Sar,-µ
French,"his, her",Ngam,-µ :
French,hit : to,Bebote,ÕndÆ :
French,hit : to,Bediondo,ÕndÆ
French,hit : to,Daba,ùndà :
French,hit : to,Gor,ÕndÆ :
French,hit : to,Gulay,ùnd
French,hit : to,Kaba,ùndà : Kul=ìfï :
French,hit : to,Laka,ùnd
French,hit : to,Mbay,ndà :
French,hit : to,Mango,ìndÆ
French,hit : to,Nar,ÕndÆ :
French,hit : to,Ngambay,ùndà :
French,hit : to,Sar,ìndà
French,hit : to,Ngam,Õndà
French,hoe,Bebote,kîsÕ :
French,hoe,Bediondo,kîsÕ
French,hoe,Daba,kîs :
French,hoe,Gor,kîsÕ :
French,hoe,Gulay,kîsÕ
French,hoe,Kaba_Na,kîkè-njàkä :
French,hoe,Kaba,kîsÕ
French,hoe,Laka,kîsÕ :
French,hoe,Mbay,kîsÕ :
French,hoe,Mango,kîsÕ
French,hoe,Nar,kîsÕ :
French,hoe,Ngambay,kîsÕ :
French,hoe,Sar,kîsÕ
French,hoe,Ngam,kîsÕ
French,hole,Bebote,ßë :
French,hole,Bediondo,ßë :
French,hole,Daba,wól
French,hole,Gor,ßë :
French,hole,Gulay,bÉ :
French,hole,Kaba,büwá
French,Sara Languages,Mbay,ßëe :
French,Sara Languages,Mango,ßë :
French,Sara Languages,Nar,ßë
French,Sara Languages,Ngambay,ßë
French,hole,Bebote,bòlè :
French,hole,Bediondo,bòlè
French,hole,Daba,bìlò :
French,hole,Gor,"bòlò, ßë"
French,hole,Gulay,bÉ : Kul=vóhà :
French,hole,Laka,büwá
French,hole,Mbay,bÕlò :
French,hole,Mango,bòlè
French,hole,Nar,bòlò :
French,hole,Ngambay,"bòlè, büwá :"
French,hole,Sar,bòlò
French,hole,Ngam,bÕlò
French,honey,Bebote,ùb¸-tÆjÕ :
French,honey,Bediondo,tÆjÕ
French,honey,Gor,mbàñ-tÆjÕ :
French,honey,Gulay,ùbü-tùjù
French,honey,Kaba,ùbü-tèjì :
French,honey,Laka,ùbü
French,honey,Mbay,tèjì :
French,honey,Mango,ùb¸-tòjÕ
French,honey,Nar,yìb¸tèjÕ :
French,honey,Ngambay,tÆnjì
French,honey,Sar,tèjÕ
French,honeycomb,Bediondo,mb¼º :
French,honeycomb,Laka,mb¼r¸
French,honeycomb,Mbay,mbà® :
French,honeycomb,Nar,mbà£
French,honeycomb,Ngam,mbàÊ
French,honor : to,Bebote,tûj¸ :
French,honor : to,Bediondo,tûj¸
French,honor : to,Daba,ndüb :
French,honor : to,Gulay,÷îÿ :
French,honor : to,Laka,"pölö,"
French,honor : to,Mbay,ndüb¸ :
French,honor : to,Nar,ndüb¸
French,horn : animal,Bebote,gàjÕ :
French,horn : animal,Bediondo,gàjÕ
French,horn : animal,Daba,gàj :
French,horn : animal,Gor,gàjÕ :
French,horn : animal,Gulay,gàjÕ
French,horn : animal,Kaba_Na,gàjà :
French,horn : animal,Kaba,gàjì
French,horn : animal,Laka,gàjì :
French,horn : animal,Mbay,gàjÕ :
French,horn : animal,Mango,gàjÕ
French,horn : animal,Nar,gàjÕ :
French,horn : animal,Ngambay,gàjì :
French,horn : animal,Sar,gàjÕ
French,horn : animal,Ngam,gàjÕ
French,horse,Bebote,s‡ndæ :
French,horse,Bediondo,s‡ndæ
French,horse,Daba,súndá :
French,horse,Gor,s‡ndæ
French,horse,Gulay,síndæ :
French,horse,Kaba_Na,kúndä
French,horse,Kaba,súndä : Kul=súndä
French,horse,Laka,kúndä :
French,horse,Mbay,síndá
French,horse,Mango,síndæ :
French,horse,Nar,s‡ndæ
French,horse,Ngambay,kúndä
French,horse,Sar,s‡ndà
French,horse,Ngam,s‡ndà :
French,hot : to be,Bebote,t‡ngæ :
French,hot : to be,Bediondo,"tÕngæ,"
French,hot : to be,Daba,tíngä
French,hot : to be,Gor,n‡ngæ :
French,hot : to be,Gulay,tùngæ
French,hot : to be,Kaba,túngä :
French,hot : to be,Laka,nùngä
French,hot : to be,Mbay,tíngä :
French,hot : to be,Mango,túngæ
French,hot : to be,Nar,t‡ngæ :
French,hot : to be,Ngambay,túngä :
French,hot : to be,Sar,tÕngä
French,hot : to be,Ngam,t‡ngä
French,hot pepper h,Bebote,jál :
French,hot pepper h,Bediondo,dúgà
French,hot pepper h,Daba,ndóngó :
French,hot pepper h,Gor,jál
French,hot pepper h,Gulay,käb¸ :
French,hot pepper h,Kaba_Na,sítà :
French,hot pepper h,Kaba,jál h
French,hot pepper h,Laka,Žìdä :
French,hot pepper h,Mbay,sìtä :
French,hot pepper h,Mango,käb¸
French,hot pepper h,Nar,kªrª :
French,hot pepper h,Ngambay,"käbä,"
French,hot pepper h,Sar,kªÈº
French,house,Bebote,kÉy :
French,house,Bediondo,kÉy :
French,house,Daba,kúj
French,house,Gor,kÉy :
French,house,Gulay,kÉy :
French,house,Kaba_Na,káØ h
French,house,Kaba,kÉy : Kul=háØ :
French,house,Laka,kÉy
French,house,Mbay,kúj‡ :
French,house,Mango,kÉy
French,house,Nar,kúj¸ :
French,house,Ngambay,kÉy :
French,house,Sar,kújÕ
French,house,Ngam,kúj‡
French,how much,Bebote,bàÑ :
French,how much,Bediondo,bàÑ
French,how much,Daba,ßî÷í :
French,how much,Gor,bàÑ h
French,how much,Gulay,kándáng :
French,how much,Kaba_Na,ndökú
French,how much,Kaba,kánd‡ :
French,how much,Laka,kánd‡
French,how much,Mbay,b¼ý :
French,how much,Mango,kándáng
French,how much,Nar,kóndóng :
French,how much,Ngambay,bàÑ :
French,how much,Sar,kónóng
French,how much,Ngam,b¼ý
French,how?,Bebote,bàÑ :
French,how?,Bediondo,bàÑ :
French,how?,Daba,mbà
French,how?,Gor,bàÑ :
French,how?,Gulay,b¼ý I
French,how?,Kaba,tökú-bàÑ :
French,how?,Laka,bàÑ
French,how?,Mbay,b¼ý :
French,how?,Mango,bàÑ :
French,how?,Nar,b¼ý
French,how?,Ngambay,bàÑ :
French,how?,Sar,b¼ý
French,hunch (on back),Bebote,gÕnÐ :
French,hunch (on back),Bediondo,gÕnÆ
French,hunch (on back),Gor,g‡læ :
French,hunch (on back),Kaba_Na,gùy :
French,hunch (on back),Laka,gìnà i
French,hunch (on back),Mbay,"gÕnà,gÕn¼ :"
French,hunch (on back),Mango,gìnÐ
French,hunch (on back),Ngambay,gìnà
French,hundred,Bebote,ßú :
French,hundred,Bediondo,ßú :
French,hundred,Daba,ùgànà
French,hundred,Gor,ßú :
French,hundred,Gulay,àrü
French,hundred,Kaba_Na,kóò-mùtá-bï-dîgî
French,hundred,Kaba,dî-dîkÕ :
French,hundred,Laka,tûl i
French,hundred,Mbay,ßúu :
French,hundred,Mango,ßú :
French,hundred,Nar,ßú
French,hundred,Ngambay,tûl :
French,hundred,Sar,ßú
French,hundred,Ngam,ßú :
French,hunger,Bebote,ßö :
French,hunger,Bediondo,ßö :
French,hunger,Daba,ßö
French,hunger,Gor,ßö :
French,hunger,Gulay,ßö :
French,hunger,Kaba_Na,ßö
French,hunger,Kaba,ßö :
French,hunger,Laka,ßö :
French,hunger,Mbay,ßöo
French,hunger,Mango,ßö :
French,hunger,Nar,ßö :
French,hunger,Ngambay,ßö :
French,hunger,Sar,ßö
French,hunger,Ngam,ßö
French,nting; gods of hunting,Bebote,ndÅ :
French,nting; gods of hunting,Mbay,kôl :
French,nting; gods of hunting,Mango,ndÅ
French,nting; gods of hunting,Ngambay,ndÅ
French,rt : to,Bebote,tö :
French,rt : to,Bediondo,tö :
French,rt : to,Daba,tö
French,rt : to,Gor,tö :
French,rt : to,Gulay,tür :
French,rt : to,Kaba,tö
French,rt : to,Laka,tö :
French,rt : to,Mbay,töo
French,rt : to,Mango,tö :
French,rt : to,Nar,tör :
French,rt : to,Ngambay,tö :
French,rt : to,Sar,tör
French,rt : to,Ngam,tör
French,sband,Bebote,ngàw :
French,sband,Bediondo,ngàw
French,sband,Daba,ngàw :
French,sband,Gor,ngàw :
French,sband,Gulay,ngàw
French,sband,Kaba_Na,ngàßà :
French,sband,Kaba,ngàw
French,sband,Laka,ngàw :
French,sband,Mbay,ngàw :
French,sband,Mango,ngîw
French,sband,Nar,ngà :
French,sband,Ngambay,ngàw :
French,sband,Sar,ngà
French,sband,Ngam,ngàßÕ
French,ena,Bebote,«- :
French,ena,Bediondo,«- :
French,ena,Daba,«-
French,ena,Gor,"m-,«- :"
French,ena,Gulay,m- :
French,ena,Kaba_Na,mí
French,ena,Kaba,«- : Kul=m- :
French,ena,Laka,«-
French,ena,Mbay,«- :
French,ena,Mango,m- :
French,ena,Nar,m-
French,ena,Ngambay,«- :
French,ena,Sar,«-
French,ena,Ngam,»- :
French,iot,Bebote,sé :
French,iot,Bediondo,sé :
French,iot,Daba,ké
French,iot,Gor,ké :
French,iot,Gulay,ké :
French,iot,Kaba_Na,kàbànà :
French,iot,Kaba,sé
French,iot,Laka,sé :
French,iot,Mbay,ké :
French,iot,Mango,sé
French,iot,Nar,ké :
French,iot,Ngambay,sé :
French,iot,Sar,ké
French,iot,Ngam,ßòdÕ
French,iguana,Bebote,bür :
French,iguana,Bediondo,bür :
French,iguana,Daba,bür
French,iguana,Gor,bür :
French,iguana,Gulay,bür :
French,iguana,Kaba,bürü
French,iguana,Laka,bürü :
French,iguana,Mbay,bür :
French,iguana,Mango,bür
French,iguana,Nar,bür :
French,iguana,Ngambay,bür :
French,iguana,Sar,büÈ
French,iguana,Ngam,bühür
French,imitate : to,Bebote,ndáj¸ :
French,imitate : to,Bediondo,ndáj¸
French,imitate : to,Daba,ndáj :
French,imitate : to,Gor,nd‡ngæ
French,imitate : to,Gulay,ndáj‡ :
French,imitate : to,Kaba_Na,ndájö
French,imitate : to,Kaba,ndájï :
French,imitate : to,Laka,ndÉjï
French,imitate : to,Mbay,ndáj¸ :
French,imitate : to,Mango,ndáj¸
French,imitate : to,Nar,ndájæ :
French,imitate : to,Ngambay,ndájï :
French,imitate : to,Sar,ndáj¸
French,imitate : to,Ngam,ndáj¸
French,in,Bebote,mŸ :
French,in,Bediondo,mŸþ :
French,in,Daba,kèm
French,in,Gor,mŸ :
French,in,Gulay,kèm :
French,in,Kaba_Na,kàm
French,in,Kaba,mŸ : Kul=hàm :
French,in,Laka,mÐ
French,in,Mbay,kàm :
French,in,Mango,mŸþ :
French,in,Nar,kàm
French,in,Ngambay,mŸ :
French,in,Sar,kèm
French,in,Ngam,kèm :
French,"in order to, to",Gor,kàd¸ :
French,"in order to, to",Gulay,læ
French,"in order to, to",Kaba,kÕ-tà :
French,"in order to, to",Laka,mbä :
French,"in order to, to",Mbay,kÕ
French,"in order to, to",Ngambay,mbä :
French,"in order to, to",Sar,yä
French,"in order to, to",Ngam,tÕ :
French,in the past,Bebote,márí :
French,in the past,Bediondo,márí
French,in the past,Gor,márí :
French,in the past,Gulay,márí
French,in the past,Kaba,dîngîr-é :
French,in the past,Laka,læw
French,in the past,Mbay,márí :
French,in the past,Mango,"löw, ndûk‡"
French,in the past,Nar,márí
French,in vain,Bebote,pí :
French,in vain,Bediondo,sÉt‡ :
French,in vain,Gor,pí
French,in vain,Gulay,pí :
French,in vain,Kaba_Na,ké :
French,in vain,Kaba,pƒ
French,in vain,Laka,pƒ :
French,in vain,Mbay,sét‡ :
French,in vain,Mango,pí
French,in vain,Nar,sét¸ :
French,in vain,Ngambay,tás‡rá :
French,in vain,Sar,sét‡
French,in vain,Ngam,sét‡
French,incisor teeth,Mbay,s‡lé :
French,incisor teeth,Mango,kìyæ-ngäng¸
French,incisor teeth,Sar,sÕlë
French,incite,Bediondo,sülæ :
French,incite,Gulay,sülæ
French,incite,Laka,"tülä,sülä :"
French,incite,Mbay,s¸lä
French,incite,Mango,sülæ :
French,incite,Ngambay,"sülä,tülä"
French,increase volume : to,Bebote,sí :
French,increase volume : to,Bediondo,sí :
French,increase volume : to,Kaba_Na,àgö
French,increase volume : to,Mbay,àg¸ :
French,increase volume : to,Sar,àg¸
French,inheritance,Gulay,ndùbæ :
French,inheritance,Kaba_Na,körí
French,inheritance,Laka,ndùbä :
French,inheritance,Mbay,ndÕbä
French,inheritance,Sar,ndÕbä
French,injury,Bebote,mÆtÕ :
French,injury,Bediondo,mÆtÕ
French,injury,Daba,mòt :
French,injury,Gor,mòtè :
French,injury,Gulay,mÆtÕ
French,injury,Kaba_Na,mòtù :
French,injury,Kaba,mÆtÕ
French,injury,Laka,mÆndÆ :
French,injury,Mbay,mòtÕ :
French,injury,Mango,mÆtÕ
French,injury,Nar,líg¸rï :
French,injury,Ngambay,mÆdÕ :
French,injury,Sar,mòtÕ
French,injury,Ngam,mòtÕ
French,insect,Bebote,kùü :
French,insect,Bediondo,kùü :
French,insect,Daba,kù®
French,insect,Gor,kù® :
French,insect,Gulay,kù® :
French,insect,Kaba,kùrü
French,insect,Laka,kùrü :
French,insect,Mbay,kù® :
French,insect,Mango,kùü
French,insect,Nar,kù® :
French,insect,Ngambay,kù®
French,insect,Sar,kùÊ
French,insect,Ngam,kùÊ :
French,insect : bee-like,Gulay,kÇ-tŸÏ :
French,insect : bee-like,Kaba_Na,tàý
French,insect : bee-like,Laka,‡-ŽŸÏ :
French,insect : bee-like,Mbay,kó-tŸÏ
French,insect : bee-like,Ngambay,tÏ :
French,insect : bee-like,Sar,kó-tŸÿ
French,inside,Bebote,tït‡ :
French,inside,Bediondo,"t¸t‡,t¸t‡"
French,inside,Daba,tïtí :
French,inside,Gor,mŸ-t‡
French,inside,Gulay,tütú :
French,inside,Kaba,kÆt‡ :
French,inside,Laka,kÆné
French,inside,Mbay,tït‡ :
French,inside,Mango,tït‡
French,inside,Nar,tüt‡ :
French,inside,Ngambay,dàn-g‡ :
French,inside,Sar,tüt‡
French,inside,Ngam,tæ-t‡
French,inside out,Laka,‡-mbäwíyä :
French,inside out,Mbay,màý
French,inside out,Mango,mŸÏ :
French,inside out,Ngam,m¼ý
French,insult : to,Bebote,táj¸ :
French,insult : to,Bediondo,táj¸
French,insult : to,Daba,táj :
French,insult : to,Gor,táj¸ :
French,insult : to,Gulay,táj¸
French,insult : to,Kaba,tájï :
French,insult : to,Laka,tÉjï
French,insult : to,Mbay,táj¸ :
French,insult : to,Mango,táj¸
French,insult : to,Nar,táj¸ :
French,insult : to,Ngambay,tájï
French,insult : to,Sar,táj¸
French,intestines,Bebote,kùlæ-s¡ :
French,intestines,Bediondo,tìï
French,intestines,Daba,t¡¬ :
French,intestines,Gor,tìï :
French,intestines,Gulay,t¡¬
French,intestines,Kaba_Na,tìhï :
French,intestines,Kaba,jÆ
French,intestines,Laka,sÕmbàdÕ :
French,intestines,Mbay,tìï :
French,intestines,Mango,t¡¬
French,intestines,Nar,t¡¬ :
French,intestines,Ngambay,ngán-sì :
French,intestines,Sar,tìï
French,intestines,Ngam,tìhï
French,invite : to k,Gulay,ßär :
French,invite : to k,Laka,ßär :
French,invite : to k,Mbay,kúñ
French,invite : to k,Mango,ßä :
French,invite : to k,Ngambay,ßär :
French,invite : to k,Sar,ßëÈ
French,"iron, metal",Bebote,gìnd¸ :
French,"iron, metal",Bediondo,gÕnd¸
French,"iron, metal",Daba,"wþy,gìnd :"
French,"iron, metal",Gor,gìnd¸
French,"iron, metal",Gulay,gìnd¸ :
French,"iron, metal",Laka,ngàw-lar k
French,"iron, metal",Mbay,gìnd¸ :
French,"iron, metal",Mango,gìnd¸
French,"iron, metal",Nar,gìnd¸ :
French,"iron, metal",Sar,gìnd¸
French,"iron, metal",Ngam,gïnd¸
French,"itch, to; to be itchy",Bebote,ndÅç :
French,"itch, to; to be itchy",Bediondo,ndÅç
French,"itch, to; to be itchy",Daba,ndÅç :
French,"itch, to; to be itchy",Gor,ndÅç
French,"itch, to; to be itchy",Kaba_Na,njù…ü :
French,"itch, to; to be itchy",Kaba,ndÅç k
French,"itch, to; to be itchy",Laka,ndÅç :
French,"itch, to; to be itchy",Mbay,ndÅç :
French,"itch, to; to be itchy",Mango,ndÅç
French,"itch, to; to be itchy",Nar,ndÅç :
French,"itch, to; to be itchy",Ngambay,ndÅç
French,"itch, to; to be itchy",Sar,ndÅç k
French,jackal,Bebote,tà£ :
French,jackal,Bediondo,tà£ :
French,jackal,Gulay,tà£
French,jackal,Kaba_Na,tà£-bòó :
French,jackal,Laka,tà£
French,jackal,Mbay,tà£ :
French,jackal,Mango,tà£ :
French,jackal,Ngambay,tà£
French,jackal,Sar,tà£
French,jealous of,Gulay,ì« :
French,jealous of,Mbay,ndör :
French,jealous of,Mango,ì« k
French,jealous of,Sar,y¡«
French,jealousy between co-wives,Bebote,n¡ :
French,jealousy between co-wives,Bediondo,n¡ :
French,jealousy between co-wives,Daba,n¡
French,jealousy between co-wives,Gor,n¡ :
French,jealousy between co-wives,Gulay,n¡ :
French,jealousy between co-wives,Kaba_Na,néØ
French,jealousy between co-wives,Kaba,n¡ :
French,jealousy between co-wives,Laka,n¡ :
French,jealousy between co-wives,Mbay,n¡¿ k
French,jealousy between co-wives,Mango,n¡ :
French,jealousy between co-wives,Nar,n¡ :
French,jealousy between co-wives,Ngambay,n¡
French,jealousy between co-wives,Sar,n¡
French,jump,Bebote,bàl :
French,jump,Bediondo,bàl :
French,jump,Gulay,bàl
French,jump,Mbay,bàl :
French,jump,Nar,bàl :
French,jump,Ngambay,tál
French,jump,Sar,bàl
French,justice k,Laka,nàjï :
French,justice k,Mbay,nàj¸
French,justice k,Nar,nàj¸ :
French,justice k,Ngambay,nàjï
French,karite tree,Bebote,s¬yð :
French,karite tree,Bediondo,s¸yð
French,karite tree,Daba,÷ûý :
French,karite tree,Gor,s¬yð :
French,karite tree,Gulay,k¬yð
French,karite tree,Kaba_Na,kï…ö :
French,karite tree,Kaba,‡-÷ûý
French,karite tree,Laka,‡-÷ûý :
French,karite tree,Mbay,k¬yº :
French,karite tree,Mango,sçyç k
French,karite tree,Nar,k¬yð :
French,karite tree,Ngambay,÷ûý :
French,karite tree,Sar,k¬yº k
French,karite tree,Ngam,k¬yç
French,ll : to,Bebote,tûl :
French,ll : to,Bediondo,tûl :
French,ll : to,Daba,tûl
French,ll : to,Gor,tûl :
French,ll : to,Gulay,tûl :
French,ll : to,Kaba_Na,tûlë
French,ll : to,Kaba,tûl : Kul=tûlë :
French,ll : to,Laka,tûl
French,ll : to,Mbay,tûl :
French,ll : to,Mango,tûl :
French,ll : to,Nar,tûl
French,ll : to,Ngambay,tûl :
French,ll : to,Sar,tûl
French,ll : to,Ngam,tûl :
French,ndling : firewood,Bebote,ngæw :
French,ndling : firewood,Bediondo,ngængÕræ
French,ndling : firewood,Daba,ngö :
French,ndling : firewood,Gulay,ngÉng-ræng
French,ndling : firewood,Kaba_Na,ngäw :
French,ndling : firewood,Kaba,ngæw
French,ndling : firewood,Laka,ngæw
French,ndling : firewood,Mbay,ngöo :
French,ndling : firewood,Ngambay,ngæw :
French,ndling : firewood,Sar,ngö
French,ndling : firewood,Ngam,ngö
French,tchen,Mbay,gàr :
French,tchen,Mango,kÉy-pàkÕ
French,tchen,Nar,gàrà :
French,tchen,Sar,gàr
French,te (type of bird),Bebote,‡-yælíyæ
French,te (type of bird),Gor,‡-ndögÉrö :
French,te (type of bird),Gulay,kÉylÉ
French,te (type of bird),Kaba_Na,yàngàlì
French,te (type of bird),Laka,‡-mbàylá-pëlë
French,te (type of bird),Mbay,k‡-sòlï :
French,te (type of bird),Mango,nìngÆ
French,te (type of bird),Nar,nÕngÆ :
French,te (type of bird),Sar,nÕngà
French,ee,Gulay,mÆr-kÆjÕ :
French,ee,Kaba_Na,jè
French,ee,Mbay,gòjÕ :
French,ee,Mango,ßúgúlú-njà
French,ee,Nar,kèsÕ :
French,ee,Ngambay,-sí
French,ee,Sar,kèjÕ
French,ee,Ngam,-jÕ :
French,ife,Bebote,kìyæ :
French,ife,Bediondo,kÕyæ
French,ife,Daba,kùyä :
French,ife,Gor,kìyæ :
French,ife,Gulay,kùyæ
French,ife,Kaba_Na,kùyä :
French,ife,Kaba,kìyä
French,ife,Laka,kìyä :
French,ife,Mbay,kìyä :
French,ife,Mango,kìyæ
French,ife,Nar,kìyæ :
French,ife,Ngambay,kìyä
French,ife,Sar,kìyä
French,ife : throwing,Bebote,m¡yð :
French,ife : throwing,Bediondo,"gîng¸rî,"
French,ife : throwing,Daba,m¡yº :
French,ife : throwing,Gor,m¡yð
French,ife : throwing,Gulay,m¡yð :
French,ife : throwing,Kaba_Na,bîkî
French,ife : throwing,Kaba,m¡yº :
French,ife : throwing,Laka,m¡yº
French,ife : throwing,Mbay,m¡yº :
French,ife : throwing,Mango,m¡yð
French,ife : throwing,Nar,m¡yð :
French,ife : throwing,Ngambay,ßám :
French,ife : throwing,Sar,m¡yº
French,ot,Mbay,ngùm :
French,ot,Mango,÷ò :
French,ot,Sar,kÕÈò
French,ow : to,Bebote,gÆ® :
French,ow : to,Bediondo,gÆæ :
French,ow : to,Daba,gè®
French,ow : to,Gor,gÆ® :
French,ow : to,Gulay,gÆ® :
French,ow : to,Kaba_Na,gèÿ
French,English –,Kaba,gÆ® : Kul=g™Š :
French,English –,Laka,gÆræ
French,English –,Mbay,gè® :
French,English –,Mango,gÆ® :
French,English –,Nar,gè®
French,English –,Ngambay,gÆ® :
French,English –,Sar,gèÊ
French,English –,Ngam,gèÊ :
French,kob : type of,Bediondo,jà£ :
French,kob : type of,Kaba_Na,yàlö
French,kob : type of,Laka,jà£ :
French,kob : type of,Mbay,jà£
French,kob : type of,Mango,jà£ :
French,kob : type of,Ngambay,jà£ :
French,kob : type of,Sar,jà£
French,kola nut,Bebote,górö :
French,kola nut,Bediondo,górö
French,kola nut,Gor,gôrû :
French,kola nut,Gulay,górò
French,kola nut,Kaba_Na,kí-rûô :
French,kola nut,Kaba,górò
French,kola nut,Laka,górò :
French,kola nut,Mbay,górö :
French,kola nut,Mango,gôrî
French,kola nut,Nar,górò :
French,kola nut,Ngambay,gôrî
French,kola nut,Sar,górò
French,language; speech,Bebote,tà :
French,language; speech,Bediondo,tà :
French,language; speech,Daba,tà
French,language; speech,Gor,tà :
French,language; speech,Gulay,tà :
French,language; speech,Kaba_Na,tà
French,language; speech,Kaba,tàr :
French,language; speech,Laka,tàr :
French,language; speech,Mbay,tàa
French,language; speech,Mango,tà :
French,language; speech,Nar,tà :
French,language; speech,Ngambay,tàr :
French,language; speech,Sar,tà
French,language; speech,Ngam,tà
French,last a long time : to,Bebote,ì :
French,last a long time : to,Bediondo,ìi :
French,last a long time : to,Daba,túdä
French,last a long time : to,Gor,ì :
French,last a long time : to,Gulay,ì :
French,last a long time : to,Kaba_Na,àhä
French,last a long time : to,Laka,ìï :
French,last a long time : to,Mbay,ìi :
French,last a long time : to,Mango,ì
French,last a long time : to,Nar,ìi :
French,last a long time : to,Sar,ìi
French,last born child,Gulay,"tà-mbà,÷útú :"
French,last born child,Mbay,÷út‡
French,last born child,Mango,÷út¸ :
French,last born child,Sar,tà-rút‡
French,last year,Bebote,kà•-nè :
French,last year,Bediondo,kà•-nè
French,last year,Gor,ßälí :
French,last year,Gulay,kà•
French,last year,Kaba,kál-nè :
French,last year,Laka,kà•-nè
French,last year,Mbay,kàlèë :
French,last year,Mango,kä•-nè
French,last year,Nar,kà•-ßëé :
French,last year,Ngambay,kà•-nè :
French,last year,Sar,kà•-ßë
French,last year,Ngam,ßäl-ä-b
French,laugh : to,Bebote,kòg¸ :
French,laugh : to,Bediondo,kòg¸
French,laugh : to,Daba,ìgö :
French,laugh : to,Gor,kòg¸ :
French,laugh : to,Gulay,ògö
French,laugh : to,Kaba_Na,túbö :
French,laugh : to,Kaba,kòkö
French,laugh : to,Laka,kògö :
French,laugh : to,Mbay,gö :
French,laugh : to,Mango,kòg¸
French,laugh : to,Nar,ògö :
French,laugh : to,Ngambay,kòg
French,laugh : to,Sar,"kÕgö,ògö"
French,laugh : to,Ngam,Õgö :
French,laziness,Bebote,dàw :
French,laziness,Bediondo,dàbÕ
French,laziness,Gor,dàw :
French,laziness,Gulay,dàbÕ :
French,laziness,Kaba_Na,™Š
French,laziness,Kaba,dàbÕ :
French,laziness,Laka,dàbÕ
French,Sara Languages,Mbay,ngŸõ :
French,Sara Languages,Mango,dàbÕ
French,Sara Languages,Nar,yày :
French,Sara Languages,Ngambay,ræm :
French,Sara Languages,Sar,yày
French,lean : to,Gulay,ndünæ :
French,lean : to,Mbay,nd¸nä
French,lean : to,Mango,ndünæ :
French,lean : to,Sar,nd¸nä
French,lean (to pour),Mbay,÷Õlè :
French,lean (to pour),Mango,ùy :
French,lean (to pour),Sar,÷èl
French,leave : to,Bebote,îtÕ :
French,leave : to,Bediondo,îtÕ :
French,leave : to,Gulay,îtÕ
French,leave : to,Laka,îdÕ :
French,leave : to,Mbay,tîÿ :
French,leave : to,Ngambay,ndîy
French,leave [s.t.] : to,Bebote,¡yÐ :
French,leave [s.t.] : to,Bediondo,ÕyÐ :
French,leave [s.t.] : to,Daba,¡y¼
French,leave [s.t.] : to,Gor,¡yÐ :
French,leave [s.t.] : to,Gulay,¡yÐ :
French,leave [s.t.] : to,Kaba_Na,ì…ä
French,leave [s.t.] : to,Kaba,¡y¼ : Kul=ì…à :
French,leave [s.t.] : to,Laka,¡y¼
French,leave [s.t.] : to,Mbay,y¼ :
French,leave [s.t.] : to,Mango,¡yÐ :
French,leave [s.t.] : to,Nar,¡yÐ
French,leave [s.t.] : to,Ngambay,¡y¼ :
French,leave [s.t.] : to,Sar,¡y¼
French,leave [s.t.] : to,Ngam,¡y¼ :
French,leech,Bebote,‡-tænd¸ :
French,leech,Bediondo,‡-tænd¸
French,leech,Gulay,tænd¸ :
French,leech,Kaba_Na,täl-njï
French,leech,Kaba,‡-tænd¸ :
French,leech,Laka,‡-tænd¸
French,leech,Mbay,k‡-tänd¸ :
French,leech,Mango,tÉnd‡
French,leech,Nar,tënd¸ :
French,leech,Ngambay,tÉnd¸
French,leech,Sar,tënd¸
French,left side,Bebote,gÆl :
French,left side,Bediondo,gÆl :
French,left side,Daba,gèl
French,left side,Gor,gÆl :
French,left side,Gulay,gÆl :
French,left side,Kaba_Na,gálì
French,left side,Kaba,gÆl :
French,left side,Laka,gÆl :
French,left side,Mbay,gèl
French,left side,Mango,gÆl :
French,left side,Nar,gèl :
French,left side,Ngambay,gèl :
French,left side,Sar,gèl
French,left side,Ngam,gèl
French,"lend, borrow : to",Bebote,tünæ :
French,"lend, borrow : to",Bediondo,t¸næ
French,"lend, borrow : to",Daba,tünä :
French,"lend, borrow : to",Gor,tünð :
French,"lend, borrow : to",Gulay,tünæ
French,"lend, borrow : to",Kaba,tünä :
French,"lend, borrow : to",Laka,tünä
French,"lend, borrow : to",Mbay,t¸nä :
French,"lend, borrow : to",Mango,tünæ
French,"lend, borrow : to",Nar,t¸nð :
French,"lend, borrow : to",Ngambay,tünä :
French,"lend, borrow : to",Sar,t¸nä
French,"lend, borrow : to",Ngam,t¸nä
French,leopard,Bebote,kàgÕ :
French,leopard,Bediondo,kàgà
French,leopard,Daba,kùßà :
French,leopard,Gor,kàgà :
French,leopard,Gulay,kàkÕ
French,leopard,Kaba_Na,kàbà :
French,leopard,Kaba,kàkÕ
French,leopard,Laka,kàgÕ :
French,leopard,Mbay,kàgÕ :
French,leopard,Mango,kàgÕ
French,leopard,Nar,kàgÕ :
French,leopard,Ngambay,kàgÕ
French,leopard,Sar,kàgÕ
French,leprosy,Bebote,bänj¸ :
French,leprosy,Bediondo,bänj¸
French,leprosy,Daba,bänj :
French,leprosy,Gor,bänj¸
French,leprosy,Gulay,bänj¸ :
French,leprosy,Kaba_Na,kínjï
French,leprosy,Kaba,bänjï :
French,leprosy,Laka,bänjï
French,leprosy,Mbay,bänj¸ :
French,leprosy,Mango,bänj¸
French,leprosy,Nar,bänj¸ :
French,leprosy,Ngambay,bänjï l
French,leprosy,Sar,bänj¸
French,lick : to,Bebote,tûÑ :
French,lick : to,Bediondo,tûÑ :
French,lick : to,Daba,töÑ
French,lick : to,Gor,töÑ :
French,lick : to,Gulay,ìl :
French,lick : to,Kaba_Na,tûnë
French,lick : to,Kaba,töÑ :
French,lick : to,Laka,töÑ :
French,lick : to,Mbay,töÑ
French,lick : to,Mango,töÑ :
French,lick : to,Nar,töÑ :
French,lick : to,Ngambay,tûÑ :
French,lick : to,Sar,töÑ l
French,lick : to,Ngam,töÑ
French,lie down : to,Bebote,tò :
French,lie down : to,Bediondo,tò :
French,lie down : to,Daba,tò
French,lie down : to,Gor,tò :
French,lie down : to,Gulay,tò :
French,lie down : to,Kaba_Na,ndäy
French,lie down : to,Kaba,tò :
French,lie down : to,Laka,tò :
French,lie down : to,Mbay,tò
French,lie down : to,Mango,tò :
French,lie down : to,Nar,tò :
French,lie down : to,Ngambay,tò :
French,lie down : to,Sar,tò l
French,lie down : to,Ngam,tò
French,like so; only,Bebote,bè :
French,like so; only,Bediondo,bè :
French,like so; only,Gor,bàä
French,like so; only,Gulay,bè :
French,like so; only,Mbay,"bè, bèé :"
French,like so; only,Mango,bè
French,like so; only,Nar,bèé :
French,like so; only,Ngambay,bè :
French,like so; only,Sar,bèë
French,lion l,Bebote,ßîl :
French,lion l,Bediondo,ßîl
French,lion l,Daba,tìbò :
French,lion l,Gor,ßîl :
French,lion l,Gulay,tòbòy
French,lion l,Kaba_Na,ngèsè :
French,lion l,Kaba,‡-nä»
French,lion l,Laka,"tòb¡,ßîl :"
French,lion l,Mbay,tùbò
French,lion l,Mango,ßîl :
French,lion l,Nar,ßîl :
French,lion l,Ngambay,tòbÐy
French,lion l,Sar,ßîl l
French,lips,Gulay,ndä©-tà :
French,lips,Laka,ndä©-tà
French,lips,Mbay,ndä©-tà :
French,lips,Nar,ndä©-tà
French,"little, a",Bebote,ndÏ :
French,"little, a",Bediondo,jál :
French,"little, a",Daba,jô
French,"little, a",Gor,ndÏ :
French,"little, a",Gulay,ndÏy :
French,"little, a",Kaba_Na,ßîý
French,"little, a",Kaba,sÏ : Kul=yûsôn :
French,"little, a",Laka,njÏ l
French,"little, a",Mbay,sƒ¿ :
French,"little, a",Mango,sÏ :
French,"little, a",Nar,sÏ
French,"little, a",Ngambay,ßÉl :
French,"little, a",Sar,sÏy
French,"little, a",Ngam,sÏ :
French,liver,Bediondo,ùr :
French,liver,Gor,ùr :
French,liver,Gulay,wùr
French,liver,Kaba_Na,wù :
French,liver,Laka,ùr :
French,liver,Mbay,wùr
French,liver,Mango,ùr :
French,liver,Nar,ùr :
French,liver,Ngambay,ùr l
French,lizard : type of,Bebote,‡-bîô :
French,lizard : type of,Bediondo,báylà
French,lizard : type of,Daba,kí£ :
French,lizard : type of,Gor,‡-bîô
French,lizard : type of,Gulay,k‡-ngäl-bÆnï :
French,lizard : type of,Kaba_Na,kélï
French,lizard : type of,Kaba,‡-bàylà : Kul=kílï
French,lizard : type of,Laka,‡-bàýlà :
French,lizard : type of,Mbay,k‡-bîô
French,lizard : type of,Mango,báylà :
French,lizard : type of,Nar,kíl
French,lizard : type of,Ngambay,báylà :
French,lizard : type of,Sar,kí£
French,zard : type of,Bebote,ngàrÕm :
French,zard : type of,Bediondo,ngàrÕm
French,zard : type of,Daba,ngàrw¼y :
French,zard : type of,Gor,ngàrwày
French,zard : type of,Gulay,ngàrw¼y :
French,zard : type of,Kaba,ngàrò
French,zard : type of,Laka,ngàrò :
French,zard : type of,Mbay,ngàrwày
French,zard : type of,Mango,ngàrÕm :
French,zard : type of,Nar,ngàrw¼y
French,zard : type of,Ngambay,ngàrù :
French,zard : type of,Sar,ngàÈw¼y
French,cative marker,Bebote,t‡ :
French,cative marker,Bediondo,t‡ :
French,cative marker,Daba,tí
French,cative marker,Gor,t‡ :
French,cative marker,Gulay,t‡ :
French,cative marker,Kaba,t‡
French,cative marker,Laka,g‡ :
French,cative marker,Mbay,t‡ :
French,cative marker,Mango,t‡
French,cative marker,Nar,t‡ :
French,cative marker,Ngambay,d‡
French,cative marker,Sar,t‡
French,cative marker,Ngam,t‡ :
French,"g, dead tree trunk",Bebote,ngî :
French,"g, dead tree trunk",Bediondo,ngî
French,"g, dead tree trunk",Gor,ngî :
French,"g, dead tree trunk",Gulay,ngî :
French,"g, dead tree trunk",Mbay,ngî
French,"g, dead tree trunk",Mango,ngî :
French,"g, dead tree trunk",Nar,ngî :
French,"g, dead tree trunk",Ngambay,ngî
French,"g, dead tree trunk",Sar,ngî
French,ng : to be,Bebote,ngäl :
French,ng : to be,Bediondo,ngäl
French,ng : to be,Daba,ngäl :
French,ng : to be,Gor,ngäl :
French,ng : to be,Gulay,ngäl
French,ng : to be,Kaba,ngäl : Kul=àwù :
French,ng : to be,Laka,ngäl
French,ng : to be,Mbay,ngäl :
French,ng : to be,Mango,ngäl :
French,ng : to be,Nar,sá
French,ng : to be,Ngambay,ngäl :
French,ng : to be,Sar,ngäl
French,ok for : to,Bebote,sáng¸ :
French,ok for : to,Bediondo,sä
French,ok for : to,Daba,sáä :
French,ok for : to,Gor,sáng¸ :
French,ok for : to,Gulay,sáng
French,ok for : to,Kaba_Na,sélë :
French,ok for : to,Kaba,sáñg
French,ok for : to,Laka,sáng¸ :
French,ok for : to,Mbay,sáñg :
French,ok for : to,Mango,sáñg
French,ok for : to,Nar,sä :
French,ok for : to,Ngambay,sä
French,ok for : to,Sar,sä
French,ok for : to,Ngam,sä :
French,ose : to be,Bebote,yôk¸ :
French,ose : to be,Bediondo,yôk¸
French,ose : to be,Gor,yôk¸ :
French,ose : to be,Gulay,yôk‡
French,ose : to be,Kaba_Na,yôkû :
French,ose : to be,Laka,yôgë
French,ose : to be,Mbay,yôk¸ :
French,ose : to be,Nar,yûk‡
French,ose : to be,Ngambay,yôg¸
French,ve : to,Gulay,tár :
French,ve : to,Kaba_Na,nàÛ
French,ve : to,Laka,njìgì :
French,ve : to,Mbay,tár :
French,ve : to,Nar,tár
French,ve : to,Sar,tá°
French,lower back; kidney,Bebote,dün :
French,lower back; kidney,Bediondo,dün
French,lower back; kidney,Gor,dün :
French,lower back; kidney,Gulay,dün :
French,lower back; kidney,Kaba_Na,kùmá
French,lower back; kidney,Kaba,dün :
French,lower back; kidney,Laka,dün :
French,lower back; kidney,Mbay,dün
French,lower back; kidney,Mango,dün :
French,lower back; kidney,Nar,dün :
French,lower back; kidney,Ngambay,dün :
French,lower back; kidney,Sar,dün
French,lower back; kidney,Ngam,dün
French,machete,Mbay,bàrkà :
French,machete,Mango,kúpkùp
French,machete,Sar,bàrkà
French,maggot,Bebote,kòdè :
French,maggot,Kaba_Na,kùjè
French,maggot,Laka,kòrè :
French,maggot,Mbay,kìdè :
French,maggot,Mango,kòdè
French,maggot,Nar,kèdè
French,make porridge : to,Bebote,tª :
French,make porridge : to,Bediondo,tª :
French,make porridge : to,Daba,ò
French,make porridge : to,Gor,tª :
French,make porridge : to,Gulay,tª :
French,make porridge : to,Kaba,tá
French,make porridge : to,Laka,tá :
French,make porridge : to,Mbay,òo :
French,make porridge : to,Mango,tª
French,make porridge : to,Nar,tª :
French,make porridge : to,Ngambay,tá :
French,make porridge : to,Sar,tª
French,make smooth : to,Gulay,tƒyÜ :
French,make smooth : to,Laka,röng‡
French,make smooth : to,Mbay,Å¢ :
French,make smooth : to,Nar,lòng :
French,make smooth : to,Sar,î
French,male,Bebote,dÕngÆm :
French,male,Bediondo,dÕngÆm
French,male,Daba,jìngà :
French,male,Gor,dÕngÆm
French,male,Gulay,dìngÆm :
French,male,Kaba,jìngàw
French,male,Laka,jìngàw
French,male,Mbay,dìngá :
French,male,Mango,dìngÆm
French,male,Nar,dÕngàm :
French,male,Ngambay,dìngàm :
French,male,Sar,dÕngàm
French,male,Ngam,dÕngà
French,male initiation,Bebote,ndò :
French,male initiation,Bediondo,ndò :
French,male initiation,Daba,ndò
French,male initiation,Gor,ndò :
French,male initiation,Gulay,ndò :
French,male initiation,Kaba,bÆ£
French,male initiation,Laka,láw :
French,male initiation,Mbay,ndòo :
French,male initiation,Mango,ndò
French,male initiation,Nar,ndò :
French,male initiation,Ngambay,láw :
French,male initiation,Sar,ndò
French,mane,Bediondo,ßòlè :
French,mane,Gor,wòlè
French,mane,Gulay,wül :
French,mane,Kaba_Na,bílì :
French,mane,Laka,wòlè
French,mane,Mbay,wòl :
French,mane,Nar,ßòlò
French,mane,Ngambay,wòl :
French,mane,Sar,wòl
French,marabou stork,Gulay,lùbò :
French,marabou stork,Kaba_Na,…òbò
French,marabou stork,Mbay,lÕbò :
French,marabou stork,Mango,jùtÕ-màñ
French,marabou stork,Nar,lòbò
French,market,Bebote,súk¸ :
French,market,Bediondo,súk¸
French,market,Daba,súk :
French,market,Gor,súk¸ :
French,market,Gulay,súkü
French,market,Kaba_Na,súkù :
French,market,Kaba,lò-làb¸-né
French,Sara Languages,Laka,nàdÕ-né-ndögö
French,Sara Languages,Mbay,súk¸ :
French,Sara Languages,Mango,súkÕ
French,Sara Languages,Nar,súk¸ :
French,Sara Languages,Ngambay,súgÕ :
French,Sara Languages,Sar,súk¸
French,Sara Languages,Ngam,súk‡
French,mat : type of,Bebote,pál :
French,mat : type of,Bediondo,pál
French,mat : type of,Gor,pál :
French,mat : type of,Gulay,ràkà
French,mat : type of,Kaba_Na,njàgà :
French,mat : type of,Kaba,gàkÕrà
French,mat : type of,Mbay,pá£ :
French,mat : type of,Mango,pál
French,mat : type of,Nar,wàä :
French,mat : type of,Ngambay,tüwä-tôg¸ :
French,mat : type of,Sar,ÈàgÕ
French,mat : type of,Ngam,ßèl
French,mat : type of,Bebote,tüwæ :
French,mat : type of,Bediondo,tüwæ
French,mat : type of,Daba,tüwä :
French,mat : type of,Gor,tüwæ :
French,mat : type of,Gulay,tüwæ
French,mat : type of,Kaba,ràkÕ :
French,mat : type of,Laka,tüwä
French,mat : type of,Mbay,túwä :
French,mat : type of,Mango,tüwæ
French,mat : type of,Ngambay,tüwä :
French,mat : type of,Sar,wàä
French,me (independent form),Bebote,m¬ :
French,me (independent form),Bediondo,m¬ :
French,me (independent form),Daba,mº
French,me (independent form),Gor,m¬ :
French,me (independent form),Kaba,mä :
French,me (independent form),Mbay,m¬
French,me (independent form),Mango,mº :
French,me (independent form),Nar,mº :
French,me (independent form),Ngambay,mº
French,me (independent form),Sar,mº
French,me (obj. of prep.),Bebote,-» :
French,me (obj. of prep.),Bediondo,-» :
French,me (obj. of prep.),Daba,-»
French,me (obj. of prep.),Gor,-» :
French,me (obj. of prep.),Gulay,-» :
French,me (obj. of prep.),Kaba,-»
French,me (obj. of prep.),Laka,-» :
French,me (obj. of prep.),Mbay,-»
French,me (obj. of prep.),Mango,-» :
French,me (obj. of prep.),Nar,-» :
French,me (obj. of prep.),Ngambay,-» :
French,me (obj. of prep.),Sar,-»
French,me (obj. of prep.),Ngam,-»
French,me (obj. of verb),Bebote,-« :
French,me (obj. of verb),Bediondo,-« :
French,me (obj. of verb),Daba,-«
French,me (obj. of verb),Gor,-« :
French,me (obj. of verb),Gulay,-« :
French,me (obj. of verb),Kaba,-«
French,me (obj. of verb),Laka,-« :
French,me (obj. of verb),Mbay,-«
French,me (obj. of verb),Mango,-« :
French,me (obj. of verb),Nar,-« :
French,me (obj. of verb),Ngambay,-«
French,me (obj. of verb),Sar,-«
French,measure : to,Bebote,îjÕ :
French,measure : to,Bediondo,îjÕ :
French,measure : to,Daba,îj
French,measure : to,Gor,tôj‡ :
French,measure : to,Gulay,îjÕ :
French,measure : to,Kaba_Na,îjî
French,measure : to,Kaba,îjù :
French,measure : to,Laka,tûjï :
French,measure : to,Mbay,îjÕ
French,measure : to,Mango,îjÕ :
French,measure : to,Nar,îjÕ :
French,measure : to,Ngambay,tûjï :
French,measure : to,Sar,îjÕ
French,measure : to,Ngam,wîjÕ
French,measure : to,Bebote,mbûj¸ :
French,measure : to,Bediondo,mbûj‡
French,measure : to,Gor,mbôj¸ :
French,measure : to,Gulay,mbûj‡
French,measure : to,Laka,mbôjï :
French,measure : to,Mbay,mbûj¸
French,measure : to,Mango,mbôj¸ :
French,measure : to,Nar,mbûj‡
French,measure : to,Ngambay,mbôjï
French,meat,Bebote,dä :
French,meat,Bediondo,dä :
French,meat,Daba,dä
French,meat,Gor,dä :
French,meat,Gulay,dº :
French,meat,Kaba_Na,jä
French,meat,Mbay,dº½ :
French,meat,Mango,dä :
French,meat,Nar,dº m
French,meat,Ngambay,dä :
French,meat,Sar,dº
French,meat,Ngam,dº :
French,medicine,Bebote,dáwä :
French,medicine,Bediondo,dáwä m
French,medicine,Daba,÷á« :
French,medicine,Gor,"dáwä,k¬"
French,medicine,Gulay,kùgÆ :
French,medicine,Laka,"kùmä,k“mº"
French,medicine,Mbay,k¬¿ :
French,medicine,Mango,kùmæ :
French,medicine,Ngambay,kùmä :
French,medicine,Sar,k¬
French,medicine,Ngam,k¬
French,meet,Gulay,ndît¸ :
French,meet,Mbay,ndîd¸
French,meet,Sar,ndûd¸
French,melt : to m,Bebote,lŸþ :
French,melt : to m,Bediondo,lŸþ
French,melt : to m,Gor,yçnç :
French,melt : to m,Gulay,lŸþ
French,melt : to m,Kaba_Na,ndàtè :
French,melt : to m,Kaba,yïl :
French,melt : to m,Laka,lŸþ
French,melt : to m,Mbay,yŸþ :
French,melt : to m,Mango,lŸþ :
French,melt : to m,Nar,yŸþ
French,melt : to m,Ngambay,lŸþ :
French,melt : to m,Sar,yŸþ
French,melt : to m,Ngam,yŸhþ :
French,middle m,Bebote,dàn :
French,middle m,Bediondo,dàn :
French,middle m,Daba,dàn
French,middle m,Gor,dàn :
French,middle m,Gulay,dàn :
French,middle m,Kaba_Na,dànà
French,middle m,Kaba,dàn : Kul=dànà :
French,middle m,Laka,dàn
French,middle m,Mbay,dàn :
French,middle m,Mango,dàn :
French,middle m,Nar,dàn m
French,middle m,Ngambay,dàn :
French,middle m,Sar,dàn
French,middle m,Ngam,dàn :
French,milk,Bebote,"mbÉl, mbà :"
French,milk,Bediondo,mbà
French,milk,Daba,mbà :
French,milk,Gor,mbà :
French,milk,Gulay,mbà
French,milk,Kaba_Na,mbàä : Kul=mvà :
French,milk,Laka,mbà
French,milk,Mbay,mbàa :
French,milk,Mango,mbà :
French,milk,Nar,mbà m
French,milk,Ngambay,mbà :
French,milk,Sar,mbà
French,milk,Ngam,mbà :
French,millet,Gor,kö :
French,millet,Gulay,kö
French,millet,Kaba_Na,kàmbá :
French,millet,Kaba,kö : Kul=tŠ
French,millet,Mbay,yª½-köo :
French,millet,Mango,kö
French,millet,Nar,kö :
French,millet,Ngambay,kö
French,millet,Sar,"búgïd‡, kö m"
French,millet,Ngam,mbú® :
French,millet : type of,Bebote,tþy :
French,millet : type of,Bediondo,tðy :
French,millet : type of,Daba,tþy
French,millet : type of,Gor,tþy :
French,millet : type of,Gulay,tþy m
French,millet : type of,Kaba_Na,täy-kàá :
French,millet : type of,Kaba,tþy
French,millet : type of,Laka,tºy :
French,millet : type of,Mbay,tºy :
French,millet : type of,Mango,tðy
French,millet : type of,Nar,tþy :
French,millet : type of,Ngambay,tðy :
French,millet : type of,Sar,tþy
French,millet : type of,Bebote,wàä :
French,millet : type of,Bediondo,wä :
French,millet : type of,Daba,wàä
French,millet : type of,Gor,wàä :
French,millet : type of,Gulay,wÆæ :
French,millet : type of,Kaba,wàä
French,millet : type of,Laka,wàä :
French,millet : type of,Mbay,wàä :
French,millet : type of,Mango,wæ
French,millet : type of,Ngambay,wàä :
French,millet : type of,Sar,üwá
French,millet : type of,Ngam,Õwä :
French,"llet, wild",Gulay,jÆr :
French,"llet, wild",Laka,jæm¸læ
French,"llet, wild",Mbay,jòr :
French,"llet, wild",Mango,jÆ :
French,"llet, wild",Sar,jòr
French,llipede,Bebote,‡-kùlúlü
French,llipede,Gor,‡-külúlü :
French,llipede,Gulay,kùlúlü
French,llipede,Kaba_Na,kóngó :
French,llipede,Kaba,‡-kùlúlü
French,llipede,Laka,‡-kùlúlü :
French,llipede,Mbay,k‡-kùlï
French,llipede,Nar,körö-rûý
French,llipede,Ngambay,kúlülü
French,llipede,Sar,kúlúlü
French,llipede,Ngam,k‡-ndàdàrï :
French,"ss, to; to be missing",Bebote,nà£ :
French,"ss, to; to be missing",Bediondo,nà£ :
French,"ss, to; to be missing",Daba,nà£
French,"ss, to; to be missing",Gor,nà£ :
French,"ss, to; to be missing",Gulay,nà£ :
French,"ss, to; to be missing",Kaba_Na,…àlä
French,"ss, to; to be missing",Kaba,là£ :
French,"ss, to; to be missing",Laka,làl :
French,"ss, to; to be missing",Mbay,nà£
French,"ss, to; to be missing",Mango,nà£ :
French,"ss, to; to be missing",Nar,nà£ :
French,"ss, to; to be missing",Ngambay,là£ :
French,"ss, to; to be missing",Sar,nà£
French,"ss, to; to be missing",Ngam,nà£
French,x mud : to,Bebote,mb¸sæ :
French,x mud : to,Kaba_Na,jújü
French,x mud : to,Mbay,lôÿ :
French,x mud : to,Mango,mbçy :
French,x mud : to,Nar,lôy
French,x mud : to,Ngambay,mbçy
French,an : to,Bebote,tÕmð :
French,an : to,Bediondo,tÕmæ
French,an : to,Daba,"dáÿ,tÅç :"
French,an : to,Gor,tùmð
French,an : to,Gulay,tÅç :
French,an : to,Kaba_Na,téhë :
French,an : to,Kaba,tçwº
French,an : to,Laka,t“wº :
French,an : to,Mbay,tÅç :
French,an : to,Mango,t“mð
French,an : to,Nar,tÅç :
French,an : to,Ngambay,Æ£ :
French,an : to,Sar,tÅç
French,ney,Bediondo,gúsù :
French,ney,Daba,pátà
French,ney,Gor,nàr :
French,ney,Gulay,nàr :
French,ney,Kaba_Na,málè
French,ney,Kaba,nàrè :
French,ney,Laka,làr :
French,ney,Mbay,nàr
French,ney,Mango,là :
French,ney,Nar,"gúsÕ,nàr"
French,ney,Ngambay,gúsù
French,ney,Sar,gúrsÕ
French,ney,Ngam,gúrsÕ :
French,ngoose : type of,Bediondo,njº :
French,ngoose : type of,Laka,njä
French,ngoose : type of,Mbay,njº½ :
French,ngoose : type of,Mango,njº :
French,ngoose : type of,Ngambay,njä
French,nkey,Bebote,ßÆt¸ :
French,nkey,Bediondo,ßÆt¸
French,nkey,Daba,ßèt :
French,nkey,Gor,ßÆt¸ :
French,nkey,Gulay,ßÆt¸
French,nkey,Kaba_Na,ßàtï :
French,nkey,Kaba,ßÆt¸
French,nkey,Laka,ßÆdæ :
French,nkey,Mbay,ßèt¸ :
French,nkey,Mango,ßÆt¸
French,nkey,Nar,ßèt¸ :
French,nkey,Ngambay,ßÆd¸ :
French,nkey,Sar,ßèt¸
French,nkey,Ngam,ßèt¸
French,mooch : to,Laka,mä• :
French,mooch : to,Mbay,géÛ
French,mooch : to,Nar,"bélë,nélé"
French,moon,Bebote,nºy :
French,moon,Bediondo,nºy :
French,moon,Daba,nº
French,moon,Gor,nºy :
French,moon,Gulay,nº :
French,moon,Kaba_Na,nûhŠ
French,moon,Kaba,nðy : Kul=näfŠ :
French,moon,Laka,nºy
French,moon,Mbay,nº½ :
French,moon,Mango,nºy :
French,moon,Nar,nº
French,moon,Ngambay,nºy :
French,moon,Sar,nº
French,moon,Ngam,nºhº :
French,"more, again",Bebote,ßÉy :
French,"more, again",Bediondo,ßÉy
French,"more, again",Gor,wáy :
French,"more, again",Gulay,ßáy :
French,"more, again",Kaba,ßÉy
French,"more, again",Laka,ßí :
French,"more, again",Mbay,tîû :
French,"more, again",Mango,ßÉy
French,"more, again",Nar,ßáy :
French,"more, again",Ngambay,"ßÉy,"
French,"more, again",Sar,ßáy
French,"more, again",Ngam,tÅ :
French,morning,Bebote,kÕ-sƒ :
French,morning,Bediondo,sƒ
French,morning,Gor,sƒ :
French,morning,Gulay,ndôgé
French,morning,Kaba,kÕ-sƒ : Kul=jínjô
French,morning,Laka,ndûô :
French,morning,Mbay,kÕ-sƒ¿ :
French,morning,Mango,sƒ
French,morning,Nar,kÕ-ndöý :
French,morning,Ngambay,ndûô :
French,morning,Sar,dù-lòý
French,morning,Ngam,dîlòó
French,mortar,Bebote,bì® :
French,mortar,Bediondo,bÕ® :
French,mortar,Daba,bìï
French,mortar,Gor,bì® :
French,mortar,Gulay,bì® :
French,mortar,Kaba_Na,bèrï
French,mortar,Kaba,bìrï :
French,mortar,Laka,b¡¬ :
French,mortar,Mbay,bìï
French,mortar,Mango,bì® :
French,mortar,Nar,bì® :
French,mortar,Ngambay,bìrï :
French,mortar,Sar,bì®
French,mortar,Ngam,bì÷¸
French,mosquito,Bebote,yíl :
French,mosquito,Bediondo,y‡l
French,mosquito,Gor,yíl :
French,mosquito,Gulay,yíl :
French,mosquito,Kaba_Na,wólü
French,mosquito,Kaba,yíl :
French,mosquito,Laka,íl :
French,mosquito,Mbay,yí£
French,mosquito,Mango,yíl :
French,mosquito,Nar,yíl :
French,mosquito,Ngambay,yíl :
French,mosquito,Sar,yí£
French,mosquito,Ngam,yƒl
French,mother,Bebote,kÇ :
French,mother,Bediondo,kÇ :
French,mother,Daba,kÇ
French,mother,Gor,kÇ :
French,mother,Gulay,kÇ :
French,mother,Kaba_Na,kóò
French,mother,Kaba,kÇ : Kul=kóò :
French,mother,Laka,kÇ
French,mother,Mbay,kÇ¢ :
French,mother,Mango,kÇ :
French,mother,Nar,kÇ
French,mother,Ngambay,kÇ :
French,mother,Sar,kø“
French,mother,Ngam,kÇ :
French,mound : animal hole,Gulay,ndçr¬ :
French,mound : animal hole,Mbay,ndörï
French,mound : animal hole,Mango,ndönönö :
French,mound : animal hole,Sar,ndöÈyö
French,"mound, termite hill",Bebote,‡-dïí :
French,"mound, termite hill",Bediondo,dïí
French,"mound, termite hill",Gor,"dî-gá-dï,‡-dïí"
French,"mound, termite hill",Gulay,dïí-dìï :
French,"mound, termite hill",Kaba,tílö
French,Sara Languages,Laka,dîô-j¬ƒ :
French,Sara Languages,Mbay,dïí
French,Sara Languages,Mango,dô-dïí :
French,Sara Languages,Nar,dïí
French,Sara Languages,Ngambay,dî-g‡-dïí
French,Sara Languages,Sar,dïí
French,Sara Languages,Ngam,dî-dïí :
French,mouth,Bebote,tà :
French,mouth,Bediondo,tà :
French,mouth,Daba,tà
French,mouth,Gor,tà :
French,mouth,Gulay,tà :
French,mouth,Kaba_Na,tà
French,mouth,Kaba,tà : Kul=tà :
French,mouth,Laka,tà
French,mouth,Mbay,tà :
French,mouth,Mango,tà :
French,mouth,Nar,tà
French,mouth,Ngambay,tà :
French,mouth,Sar,tà
French,mouth,Ngam,tà :
French,move : to,Bebote,îtÕ :
French,move : to,Gor,îtÕ
French,move : to,Gulay,ndôt‡ :
French,move : to,Kaba_Na,yáÿ
French,move : to,Kaba,ngÉs¸ :
French,move : to,Laka,"îdÕ,ngés¸"
French,move : to,Mbay,ndôt¸ :
French,move : to,Mango,tó :
French,move : to,Nar,îtÕ
French,move : to,Ngambay,îdÕ
French,move : to,Sar,ndôt¸
French,move : to,Ngam,ndôt¸ :
French,"much, many, a lot",Bebote,ngªy :
French,"much, many, a lot",Bediondo,bòrè
French,"much, many, a lot",Daba,ngªy :
French,"much, many, a lot",Gor,ngªy :
French,"much, many, a lot",Gulay,ngªy
French,"much, many, a lot",Kaba_Na,däy :
French,"much, many, a lot",Kaba,ngªy :
French,"much, many, a lot",Laka,yº
French,"much, many, a lot",Mbay,ngªy :
French,"much, many, a lot",Mango,yº :
French,"much, many, a lot",Nar,ngªy
French,"much, many, a lot",Ngambay,yº :
French,"much, many, a lot",Sar,ngªy
French,"much, many, a lot",Ngam,ngªy :
French,mud,Bebote,bîr :
French,mud,Bediondo,bîr :
French,mud,Daba,bèt
French,mud,Gor,bîr :
French,mud,Gulay,bîr :
French,mud,Kaba_Na,bîté
French,mud,Kaba,bÆr : Kul=bî÷û :
French,mud,Laka,bîrî
French,mud,Mbay,bîr :
French,mud,Mango,yíngæ
French,mud,Nar,bîr :
French,mud,Ngambay,bîrî
French,mud,Sar,bîr
French,mud,Ngam,bîr :
French,mushroom,Bebote,ßòyò :
French,mushroom,Bediondo,ßòyò
French,mushroom,Daba,ßè :
French,mushroom,Gor,ßòyò :
French,mushroom,Gulay,ßòyò
French,mushroom,Kaba_Na,mböw :
French,mushroom,Kaba,ßè :
French,mushroom,Laka,ßè
French,mushroom,Mbay,ßèe :
French,mushroom,Mango,ßòyò
French,mushroom,Nar,ßòyò :
French,mushroom,Ngambay,ßòyò
French,mushroom,Sar,ßèyè
French,name,Bebote,tû :
French,name,Bediondo,tû :
French,name,Daba,tû
French,name,Gor,tû :
French,name,Gulay,rï :
French,name,Kaba_Na,yï
French,name,Kaba,rï :
French,name,Laka,rï :
French,name,Mbay,tûû
French,name,Mango,rï :
French,name,Nar,rï :
French,name,Ngambay,rï :
French,name,Sar,Èï
French,name,Ngam,Èï
French,nape,Bebote,gö :
French,nape,Bediondo,gö
French,nape,Daba,kút-gö :
French,nape,Gor,gár-gö
French,nape,Gulay,yï-gö :
French,nape,Kaba,gö :
French,nape,Mbay,gö
French,nape,Mango,gö :
French,nape,Nar,gö :
French,nape,Ngambay,gö n
French,nape,Sar,gö
French,near,Bebote,dÆpÕ :
French,near,Bediondo,ßàsí
French,near,Daba,ngëg :
French,near,Gor,gæd¸ :
French,near,Gulay,ngîr
French,near,Kaba,ngîr-sƒ :
French,near,Laka,dÆbÕ n
French,near,Mbay,ngîr :
French,near,Mango,mbô
French,near,Nar,ngîr :
French,near,Ngambay,"dÆbÆ,ngûsí"
French,near,Sar,ngîÈ
French,neck; throat,Bebote,m‡nd¸ :
French,neck; throat,Bediondo,m‡nd¸
French,neck; throat,Daba,kôb :
French,neck; throat,Gor,mínd¸ :
French,neck; throat,Gulay,kôb‡
French,neck; throat,Kaba_Na,míndì :
French,neck; throat,Kaba,gôs¸ n
French,neck; throat,Laka,gôb¸
French,neck; throat,Mbay,kôô :
French,neck; throat,Mango,mínd¸ :
French,neck; throat,Nar,kô
French,neck; throat,Ngambay,"gôb¸,gôs¸ n"
French,neck; throat,Sar,"kôî,míndÕ"
French,neck; throat,Ngam,kôß‡ :
French,needle,Bebote,l‡wrì :
French,needle,Bediondo,n‡b‡lì
French,needle,Gor,íbÉríì :
French,needle,Gulay,líb‡rì
French,needle,Kaba_Na,…íbìrì :
French,needle,Laka,líbï
French,needle,Mbay,líbÕr :
French,needle,Mango,líbrì
French,needle,Nar,líbÕr :
French,needle,Ngambay,líbÕrì n
French,needle,Sar,líbÕr
French,neighbor,Bebote,njè-mbô-kÉy
French,neighbor,Bediondo,màd¸-ßë :
French,neighbor,Daba,màd-ßë
French,neighbor,Gor,njÆ-gÆdÕ-kÉy
French,neighbor,Gulay,màd¸-ßë :
French,neighbor,Kaba_Na,màndà-dàrü
French,neighbor,Kaba,njè-mbôr-kÉy
French,Kul=ní-dàrü,Laka,njè-bàtà-kÉy n
French,Kul=ní-dàrü,Mbay,màd¸-ßëe
French,Kul=ní-dàrü,Mango,njè-tà-kÉy :
French,Kul=ní-dàrü,Nar,màd¸-ßë
French,Kul=ní-dàrü,Ngambay,njè-bàdà-kÉy
French,Kul=ní-dàrü,Sar,màd¸-ßë
French,Kul=ní-dàrü,Ngam,màd¸-ßë
French,net,Bebote,b¸ræ :
French,net,Bediondo,bánd¸
French,net,Daba,bán :
French,net,Gor,bánd¸ :
French,net,Gulay,büræ
French,net,Kaba_Na,bándà :
French,net,Kaba,bùrà n
French,net,Laka,bánd¸ :
French,net,Mbay,bánd‡
French,net,Mango,büræ :
French,net,Nar,÷éng
French,net,Ngambay,bürä
French,net,Sar,bándÕ
French,net,Ngam,÷éng‡ :
French,ver,Gulay,nd¼-lé :
French,ver,Laka,sár
French,ver,Mbay,bát‡ :
French,ver,Mango,nd¼-à•
French,ver,Nar,ßáy :
French,ver,Ngambay,sár
French,ver,Sar,bát‡
French,ver,Ngam,bát‡ :
French,w : to be,Bebote,sìgÕ :
French,w : to be,Bediondo,sÕgÕ
French,w : to be,Daba,kìj :
French,w : to be,Gor,sìgÕ :
French,w : to be,Gulay,kìgÕ
French,w : to be,Kaba,sìkì : Kul=÷yä :
French,w : to be,Laka,sìgì
French,w : to be,Mbay,kìjÕ :
French,w : to be,Mango,sìgÕ
French,w : to be,Nar,kìjÕ :
French,w : to be,Ngambay,kìgì
French,w : to be,Sar,kìjÕ
French,ws,Bediondo,pòÿ :
French,ws,Gulay,kîb¸ :
French,ws,Laka,ká
French,ws,Mbay,hòÿ :
French,ws,Nar,kás¸
French,xt to,Bebote,kàdÕ :
French,xt to,Bediondo,kàdÕ
French,xt to,Gor,kàdÕ :
French,xt to,Gulay,kàdÕ
French,xt to,Kaba_Na,kàjò :
French,xt to,Kaba,kàr :
French,xt to,Laka,mbôr
French,xt to,Mbay,kàdÕ :
French,xt to,Mango,kàdÕ
French,xt to,Nar,kàdÕ :
French,xt to,Ngambay,kàr :
French,xt to,Sar,kàdÕ
French,xt to,Ngam,kàdÕ
French,ghtjar,Bebote,légé
French,ghtjar,Bediondo,bÉt¸-bÉré-à• :
French,ghtjar,Gor,légé
French,ghtjar,Gulay,bÉbæy :
French,ghtjar,Kaba_Na,ní-këjé
French,ghtjar,Kaba,‡-lækÉ-bélë
French,ghtjar,Laka,‡-níngä-bÉlë :
French,ghtjar,Mbay,léw
French,ghtjar,Mango,nìngÆ-bær
French,ghtjar,Ngambay,níngá-bÉlæ
French,ghtjar,Sar,bád‡-bôØ
French,ne,Bebote,jï-kárë :
French,ne,Bediondo,jï-kárë
French,ne,Daba,jøn¬ :
French,ne,Gor,jï-kárä
French,ne,Gulay,jï-sÉj¸-mï :
French,ne,Kaba_Na,dàkäßü
French,ne,Kaba,jï-kárä : Kul=dàhäbü
French,ne,Laka,gènè-kárä :
French,ne,Mbay,jï-k‡rä
French,ne,Mango,"jï-kárë,jï-n¼y-kárë"
French,ne,Nar,ndöhó :
French,ne,Ngambay,jï-này-kárä :
French,ne,Sar,ndöhó
French,ne,Ngam,ndöhó
French,ise,Bebote,ká :
French,ise,Bediondo,"ká,kª :"
French,ise,Daba,ká
French,ise,Gor,ká :
French,ise,Gulay,ká :
French,ise,Kaba,‡-kïí
French,ise,Laka,ká :
French,ise,Mbay,káa :
French,ise,Mango,"ndü,ká"
French,ise,Nar,kû© :
French,ise,Ngambay,kár
French,ise,Sar,kö
French,ise,Ngam,kª :
French,nose,Bebote,Æm :
French,nose,Bediondo,Æm :
French,nose,Daba,kôn
French,nose,Gor,“ :
French,nose,Gulay,kÉr-ùm :
French,nose,Kaba_Na,kún
French,nose,Kaba,ùm :
French,nose,Laka,ùm :
French,nose,Mbay,kôn
French,nose,Mango,Æm :
French,nose,Nar,kôn :
French,nose,Ngambay,Æm :
French,nose,Sar,kôµ
French,nose,Ngam,kón
French,not,Bebote,à• :
French,not,Bediondo,à• :
French,not,Daba,à•
French,not,Gor,Æ• :
French,not,Gulay,lé :
French,not,Kaba,àÑg
French,not,Laka,àÑg :
French,not,Mbay,à•
French,not,Mango,à• :
French,not,Nar,àlé :
French,not,Ngambay,Æ• :
French,not,Sar,à•
French,not,Ngam,à•
French,not be any : to,Bebote,gòtó :
French,not be any : to,Bediondo,gòtó
French,not be any : to,Daba,gòtó :
French,not be any : to,Gor,gòtó :
French,not be any : to,Gulay,gòt
French,not be any : to,Kaba,gòtó :
French,not be any : to,Laka,gòdó
French,not be any : to,Mbay,gòtóo :
French,not be any : to,Mango,gòtó
French,not be any : to,Nar,gòtóö :
French,not be any : to,Ngambay,gòdó :
French,not be any : to,Sar,gòtóö
French,not be any : to,Ngam,gòtó
French,nothing; empty; normal,Bebote,kàrë :
French,nothing; empty; normal,Daba,ßäl
French,nothing; empty; normal,Gor,kàrë :
French,nothing; empty; normal,Gulay,kàrë :
French,nothing; empty; normal,Kaba_Na,k¨
French,nothing; empty; normal,Kaba,bàä :
French,nothing; empty; normal,Laka,bàä :
French,nothing; empty; normal,Mbay,kàrï
French,nothing; empty; normal,Mango,kàrë :
French,nothing; empty; normal,Nar,kàrï
French,nothing; empty; normal,Ngambay,kàrï
French,nothing; empty; normal,Sar,kàÈï
French,nothing; empty; normal,Ngam,kàÈï :
French,now,Bebote,ngàä :
French,now,Bediondo,ßàs‡nè
French,now,Gor,ngàä :
French,now,Gulay,tä :
French,now,Kaba_Na,ásà
French,now,Kaba,ngàä :
French,now,Laka,ßìsí-nè
French,now,Mbay,tä :
French,now,Mango,ngàä
French,now,Nar,k‡-ndö-t‡ :
French,now,Ngambay,ßàsí-nè :
French,now,Sar,tä
French,now,Ngam,tä
French,number,Bebote,kûr :
French,number,Bediondo,kûr :
French,number,Daba,kûr
French,number,Gor,kûr :
French,number,Gulay,kûr :
French,number,Kaba,kûr
French,number,Laka,kûr :
French,number,Mbay,kûr :
French,number,Mango,kûr
French,number,Nar,kûr :
French,number,Ngambay,kû
French,number,Sar,kùtÕ
French,number,Ngam,kùtÕ :
French,numerous : to be,Bebote,yº :
French,numerous : to be,Bediondo,b¼y :
French,numerous : to be,Gor,b¼y
French,numerous : to be,Gulay,bùlÆ :
French,numerous : to be,Kaba,bákºy :
French,numerous : to be,Laka,bº
French,numerous : to be,Mbay,"bàa, bÕla :"
French,numerous : to be,Mango,"òng¸,"
French,numerous : to be,Nar,bÕlÆ
French,numerous : to be,Ngambay,bùlà
French,numerous : to be,Sar,bÕlà
French,numerous : to be,Ngam,bàhäy :
French,nut : karite tree,Bediondo,‡-rûý :
French,nut : karite tree,Gor,÷ûý
French,nut : karite tree,Laka,‡-÷ûý :
French,nut : karite tree,Mbay,÷ûý :
French,nut : karite tree,Mango,‡-÷ûý
French,nut : karite tree,Nar,÷ûý
French,odor : sickening,Mbay,s‡wé :
French,odor : sickening,Mango,sÉ :
French,odor : sickening,Sar,sé
French,of,Bebote,lÆ :
French,of,Bediondo,lÆ :
French,of,Daba,lò
French,of,Gor,lÆ :
French,of,Gulay,lÆ :
French,of,Kaba,lÆ
French,of,Laka,nÆ :
French,of,Mbay,lò :
French,of,Mango,lÆ
French,of,Nar,yä :
French,of,Ngambay,lÆ
French,of,Sar,yä
French,of,Ngam,yº :
French,oil,Bebote,Õb¸ :
French,oil,Bediondo,Õb¸ :
French,oil,Daba,yùb
French,oil,Gor,ùÛ :
French,oil,Gulay,ùbü
French,oil,Kaba_Na,béÿ-yä-yä :
French,oil,Kaba,ùbü
French,oil,Laka,ùbü :
French,oil,Mbay,yùb¸ :
French,oil,Mango,ùb¸
French,oil,Nar,yìb¸ :
French,oil,Ngambay,ùbü :
French,oil,Sar,yìb¸
French,oil,Ngam,yùb¸
French,okra,Bebote,y‡mð :
French,okra,Bediondo,y‡mð
French,okra,Daba,nímá :
French,okra,Gor,nøwð :
French,okra,Gulay,yƒmÜ
French,okra,Kaba_Na,…ámà :
French,okra,Kaba,yƒmº :
French,okra,Laka,ímä
French,okra,Mbay,n‡má :
French,okra,Mango,yímð
French,okra,Nar,gòm :
French,okra,Ngambay,ímä :
French,okra,Sar,n‡mà
French,old person,Bebote,d‡gÆ :
French,old person,Bediondo,ß‡gæ
French,old person,Daba,ßúgá :
French,old person,Gor,ßúgæ :
French,old person,Gulay,ßúgÉ
French,old person,Kaba,ßúkä :
French,old person,Laka,ßúgä
French,old person,Mbay,b‡gá :
French,old person,Mango,ßúgæ
French,old person,Nar,ß‡gæ :
French,old person,Ngambay,"ßúgä, tîgÕ"
French,old person,Sar,ß‡gà
French,old person,Bediondo,gó :
French,old person,Kaba_Na,kònö
French,old person,Kaba,ßúkä :
French,old person,Mbay,b‡lá
French,old person,Nar,tîgÕ :
French,old person,Ngambay,ßúgä :
French,old person,Sar,ß‡gà
French,old person,Ngam,b‡lá
French,older brother,Laka,bùbä :
French,older brother,Mbay,ngà-tôg‡
French,older brother,Mango,pápá :
French,older brother,Nar,pápä
French,"on, in",Bebote,dî :
French,"on, in",Bediondo,dî :
French,"on, in",Daba,dî
French,"on, in",Gor,dî :
French,"on, in",Gulay,dÆ :
French,"on, in",Kaba_Na,jî
French,"on, in",Kaba,dî : Kul=tà»-jî :
French,"on, in",Laka,dî
French,"on, in",Mbay,dî :
French,"on, in",Mango,dî :
French,"on, in",Nar,dî
French,"on, in",Ngambay,dî :
French,"on, in",Sar,dî
French,one o,Bebote,kárë :
French,one o,Bediondo,kárë
French,one o,Daba,ká÷ä :
French,one o,Gor,kárë :
French,one o,Gulay,kárë
French,one o,Kaba_Na,kàré :
French,one o,Kaba,kárä
French,one o,Laka,kárä
French,one o,Mbay,k‡rä :
French,one o,Mango,kárë
French,one o,Nar,kóg¸» :
French,one o,Ngambay,kárä :
French,one o,Sar,kóg¸» o
French,one o,Ngam,kóg¸»
French,one another,Bebote,n¼º :
French,one another,Bediondo,n¼º
French,one another,Gor,n¼º :
French,one another,Gulay,n¼º :
French,one another,Kaba,n¼º o
French,one another,Laka,n¼º :
French,one another,Mbay,nàä :
French,one another,Mango,n¼º
French,one another,Ngambay,n¼º :
French,one another,Sar,n¼º
French,one another,Ngam,n¼º :
French,onion : wild,Mbay,ndíjä :
French,onion : wild,Mango,ndíjæ
French,onion : wild,Sar,ndíjä
French,only o,Bebote,jô :
French,only o,Daba,bŸ :
French,only o,Gor,pár
French,only o,Gulay,kúwæ : Kul=háyé
French,only o,Mbay,kòo-Ñ :
French,only o,Mango,÷è
French,only o,Nar,kónö-n¼º :
French,only o,Ngambay,bàá :
French,only o,Sar,ngóØ
French,only o,Ngam,kòönìí
French,open : to,Bebote,tŸþ :
French,open : to,Bediondo,tŸþ :
French,open : to,Daba,î® o
French,open : to,Gor,tèë :
French,open : to,Gulay,tŸþ :
French,open : to,Kaba_Na,téë
French,open : to,Kaba,tèë : Kul=të :
French,open : to,Laka,ŽŸ
French,open : to,Mbay,tèë :
French,open : to,Mango,tŸþ :
French,open : to,Nar,tŸþ
French,open : to,Ngambay,tŸþ :
French,open : to,Sar,tŸþ
French,open : to,Ngam,tèhë :
French,open : to be,Bebote,tág¸ :
French,open : to be,Bediondo,tágÕrá
French,open : to be,Daba,tág :
French,open : to be,Gor,tág¸rä :
French,open : to be,Gulay,wóy o
French,open : to be,Kaba,ták¸ :
French,open : to be,Laka,tág¸
French,open : to be,Mbay,tàgÕ :
French,open : to be,Mango,"tág¸, tŸþ"
French,open : to be,Nar,tŸþ :
French,open : to be,Ngambay,tág¸ :
French,open : to be,Sar,wóy
French,oquid,Bebote,tÉm :
French,oquid,Bediondo,tÉm :
French,oquid,Gulay,tém
French,oquid,Kaba_Na,tó¯ :
French,oquid,Laka,Žém :
French,oquid,Mbay,tóm
French,oquid,Mango,tÉm :
French,oquid,Ngambay,tém :
French,oquid,Sar,té¯ o
French,orphan,Bebote,àl :
French,orphan,Bediondo,àl :
French,orphan,Gor,kàl
French,orphan,Gulay,àl :
French,orphan,Kaba_Na,àlà :
French,orphan,Kaba,à£
French,orphan,Laka,àl
French,orphan,Mbay,hàl :
French,orphan,Mango,àl :
French,orphan,Nar,àl
French,p,Ngambay,àl :
French,p,Sar,hàl
French,trich,Bebote,ßü :
French,trich,Bediondo,ßü :
French,trich,Daba,ßülü
French,trich,Gor,ßü :
French,trich,Gulay,bägí :
French,trich,Kaba_Na,gàÛ
French,trich,Kaba,ßü :
French,trich,Laka,ßú :
French,trich,Mbay,bülüm
French,trich,Mango,ßü :
French,trich,Nar,bùrùm
French,trich,Ngambay,ßü
French,trich,Sar,bùÈùm
French,trich,Ngam,bùrÕm :
French,"her, another",Daba,jáng : Kul=nûfô
French,"her, another",Laka,dáng‡ :
French,"her, another",Mbay,dáng
French,her; friend,Bebote,màd¸ :
French,her; friend,Bediondo,màd¸
French,her; friend,Gor,màd¸ :
French,her; friend,Gulay,màd¸
French,her; friend,Kaba,njè-mà® :
French,her; friend,Laka,kúrä-màr
French,her; friend,Mbay,màd¸ :
French,her; friend,Nar,màd¸
French,her; friend,Ngambay,mà® :
French,her; friend,Sar,màd¸
French,her; friend,Ngam,màd¸ :
French,"t, outside",Bebote,tágá :
French,"t, outside",Bediondo,ndágá
French,"t, outside",Daba,tégë :
French,"t, outside",Gor,tágá :
French,"t, outside",Gulay,nàtá
French,"t, outside",Kaba_Na,gàsï :
French,"t, outside",Kaba,räká
French,"t, outside",Laka,÷ágá :
French,"t, outside",Mbay,t‡gá :
French,"t, outside",Mango,ndát‡
French,"t, outside",Nar,ndá :
French,"t, outside",Ngambay,÷ágá :
French,"t, outside",Sar,ndágá
French,"t, outside",Ngam,nètèé
French,l,Bebote,kîÿ :
French,l,Bediondo,kîÿ :
French,l,Daba,kîÿ
French,l,Gor,kîÿ :
French,l,Gulay,kîÿ
French,l,Kaba_Na,díìdíì :
French,l,Kaba,kîÿ
French,l,Laka,kîwë :
French,l,Mbay,kîÿ :
French,l,Mango,kîÿ
French,l,Nar,kîÿ :
French,l,Ngambay,kîÿ
French,l,Sar,kîÿ
French,l,Ngam,kîÿ :
French,ner,Bebote,njè :
French,ner,Bediondo,njè :
French,ner,Daba,ngè
French,ner,Gor,njÆ :
French,ner,Gulay,njè
French,ner,Kaba_Na,kí-ßäkä :
French,ner,Kaba,njè
French,ner,Laka,njè :
French,ner,Mbay,ngè :
French,ner,Mango,njè
French,ner,Nar,ngè :
French,ner,Ngambay,njè
French,ner,Sar,ngè
French,ner,Ngam,ngè :
French,ner,Bebote,‡-ßæ :
French,ner,Bediondo,‡ßä
French,ner,Daba,kíßë :
French,ner,Gor,ßíyæ :
French,ner,Gulay,kúwÉ
French,ner,Kaba,ßæÉ :
French,ner,Laka,‡ßæ :
French,ner,Mbay,kíyë
French,ner,Mango,‡-ßä :
French,ner,Nar,kúwæ :
French,ner,Ngambay,njè
French,ner,Sar,kúwà
French,ddle,Bebote,káy :
French,ddle,Bediondo,káy :
French,ddle,Daba,háy
French,ddle,Gor,háy :
French,ddle,Gulay,háy :
French,ddle,Kaba_Na,háØ
French,ddle,Kaba,háy :
French,ddle,Laka,háy :
French,ddle,Mbay,háy
French,English –,Mango,háy :
French,English –,Nar,háy :
French,English –,Ngambay,háy
French,English –,Sar,háØ
French,paddle : to,Bebote,læl :
French,paddle : to,Bediondo,læl :
French,paddle : to,Daba,pël
French,paddle : to,Gor,næl :
French,paddle : to,Gulay,næl :
French,paddle : to,Kaba,læl
French,paddle : to,Laka,læl :
French,paddle : to,Mbay,nël :
French,paddle : to,Mango,læl
French,paddle : to,Nar,nël :
French,paddle : to,Ngambay,lël :
French,paddle : to,Sar,nël
French,palm of hand,Bediondo,dà-jï :
French,palm of hand,Daba,dà-jï
French,palm of hand,Gulay,dà-jï :
French,palm of hand,Laka,dàbÕlà
French,palm of hand,Mbay,dàa-jï :
French,palm of hand,Nar,dàa-jï
French,palm of hand,Ngambay,dàmlà-jï
French,palm tree : Borassus sp.,Bebote,mà :
French,palm tree : Borassus sp.,Bediondo,mà :
French,palm tree : Borassus sp.,Gor,màr
French,palm tree : Borassus sp.,Gulay,màr :
French,palm tree : Borassus sp.,Kaba,màr :
French,palm tree : Borassus sp.,Laka,màr
French,palm tree : Borassus sp.,Mbay,màr :
French,palm tree : Borassus sp.,Mango,màr :
French,palm tree : Borassus sp.,Nar,màr
French,palm tree : Borassus sp.,Ngambay,màr :
French,palm tree : Borassus sp.,Sar,màÈ
French,palm tree : Borassus sp.,Ngam,màr :
French,palm tree : dum,Bebote,‡-gäríyä
French,palm tree : dum,Bediondo,‡-gàrárä :
French,palm tree : dum,Gor,gárïyä
French,palm tree : dum,Gulay,gäríyä :
French,palm tree : dum,Laka,‡-gäríyä
French,palm tree : dum,Mbay,gáÿ :
French,palm tree : dum,Mango,"tàn,gárïyä"
French,palm tree : dum,Nar,gáy :
French,palm tree : dum,Ngambay,gàýrä :
French,palm tree : dum,Sar,gè
French,pants,Bediondo,njälä :
French,pants,Daba,njälä
French,pants,Gor,njälä :
French,pants,Gulay,njälä
French,pants,Kaba,njälä :
French,pants,Laka,pàndàlö
French,pants,Mbay,njälä :
French,pants,Nar,njälä
French,pants,Ngambay,njälälä :
French,pants,Sar,njälä
French,paper; book,Bebote,mbëtë :
French,paper; book,Bediondo,mbætë
French,paper; book,Daba,mbëtë :
French,paper; book,Gor,mbëtë
French,paper; book,Gulay,màktüb¸ :
French,paper; book,Kaba,mbëtë
French,paper; book,Laka,mbï÷ï :
French,paper; book,Mbay,mbëtë
French,paper; book,Mango,mbëtë :
French,paper; book,Nar,mbëtë
French,paper; book,Ngambay,mbëdë :
French,paper; book,Sar,màktüb¸
French,parent-in-law,Bebote,mÆm :
French,parent-in-law,Bediondo,mÆm
French,parent-in-law,Gor,mÆm :
French,parent-in-law,Gulay,ùm :
French,parent-in-law,Kaba_Na,màm
French,parent-in-law,Kaba,ùm :
French,parent-in-law,Laka,mùm :
French,parent-in-law,Mbay,mùm
French,parent-in-law,Mango,mÆm :
French,parent-in-law,Nar,ùm :
French,parent-in-law,Ngambay,mÆm
French,parent-in-law,Sar,mùm
French,particle : interrogative,Bebote,wà :
French,particle : interrogative,Bediondo,à :
French,particle : interrogative,Gor,wà
French,particle : interrogative,Gulay,wà :
French,particle : interrogative,Kaba_Na,wà :
French,particle : interrogative,Kaba,wà
French,particle : interrogative,Laka,wà :
French,particle : interrogative,Mbay,wà
French,Sara Languages,Mango,wà :
French,Sara Languages,Nar,à :
French,Sara Languages,Ngambay,à :
French,Sara Languages,Sar,à
French,Sara Languages,Ngam,à
French,particle : plural marker,Bebote,jë :
French,particle : plural marker,Bediondo,jë :
French,particle : plural marker,Daba,gë
French,particle : plural marker,Gor,g¸ :
French,particle : plural marker,Gulay,g¸ :
French,particle : plural marker,Kaba_Na,gë
French,particle : plural marker,Kaba,jë : Kul=gë :
French,particle : plural marker,Laka,jë
French,particle : plural marker,Mbay,-g¸ :
French,particle : plural marker,Mango,jë :
French,particle : plural marker,Nar,-g¸
French,particle : plural marker,Ngambay,jë :
French,particle : plural marker,Sar,g¸
French,particle : plural marker,Ngam,-g¸ :
French,partridge,Bebote,kèrè :
French,partridge,Gor,kèrè
French,partridge,Gulay,k¼r¡ :
French,partridge,Kaba,kèrè :
French,partridge,Laka,kèrè
French,partridge,Mbay,kèrè :
French,partridge,Mango,sènè
French,partridge,Nar,kèrwè :
French,partridge,Ngambay,kèrè
French,partridge,Sar,kèÈwŸy
French,pay : to,Bebote,Õgæ :
French,pay : to,Bediondo,Õgæ :
French,pay : to,Daba,ùbä
French,pay : to,Gor,ùgæ :
French,pay : to,Gulay,ùgæ :
French,pay : to,Kaba_Na,ùbä
French,pay : to,Kaba,kùkä :
French,pay : to,Laka,ùgä
French,pay : to,Mbay,"bä,gä :"
French,pay : to,Mango,ùgæ
French,pay : to,Nar,Õgæ :
French,pay : to,Ngambay,ùgä :
French,pay : to,Sar,ìgä
French,peanuts,Bebote,‡-gájÕ :
French,peanuts,Bediondo,‡-gàjÕ
French,peanuts,Daba,kƒrƒrƒ :
French,peanuts,Gor,gájÕ
French,peanuts,Gulay,kàbrï :
French,peanuts,Kaba_Na,wólï-gùrú
French,peanuts,Kaba,wúlübü : Kul=wúlï
French,peanuts,Laka,úbü :
French,peanuts,Mbay,"wú£,wú£-dùm"
French,peanuts,Mango,kàbï :
French,peanuts,Nar,wú-dùm
French,peanuts,Ngambay,ßúl-ùbü
French,peanuts,Sar,wú-dùm
French,peanuts,Ngam,wú£ :
French,peel,Gulay,nd¬yð :
French,peel,Mbay,ng¬yº
French,peel,Mango,tôy :
French,peel,Sar,ng¬yº
French,peel : to,Daba,tôl :
French,peel : to,Gor,tôl
French,peel : to,Kaba,tôl :
French,peel : to,Laka,tôl :
French,peel : to,Mbay,tôl
French,peel : to,Mango,tôl :
French,peel : to,Nar,tôl :
French,peel : to,Ngambay,tôl
French,penetrate : to,Bebote,Æñ :
French,penetrate : to,Bediondo,Æñ :
French,penetrate : to,Gor,ùñ
French,penetrate : to,Gulay,Æñ :
French,penetrate : to,Kaba_Na,ànï :
French,penetrate : to,Kaba,Æñ
French,penetrate : to,Laka,Æn :
French,penetrate : to,Mbay,ùñ :
French,penetrate : to,Mango,Æñ
French,penetrate : to,Nar,ùdÕ :
French,penetrate : to,Ngambay,Æñ :
French,penetrate : to,Sar,ùñ
French,penis,Bebote,mîtÕ :
French,penis,Bediondo,mîtÕ
French,penis,Daba,mît :
French,penis,Gor,mîtÕ :
French,penis,Gulay,mîtÕ
French,penis,Kaba,mîtÕ :
French,penis,Laka,mîdÕ
French,penis,Mbay,mîtÕ :
French,penis,Mango,mîtÕ
French,penis,Nar,mîtÕ :
French,penis,Ngambay,mîdÕ :
French,penis,Sar,mîtÕ
French,penis,Ngam,mîtÕ
French,"penis, tip of",Bebote,bær :
French,"penis, tip of",Bediondo,bær p
French,"penis, tip of",Laka,bæræ :
French,"penis, tip of",Mbay,bär :
French,"penis, tip of",Ngambay,bæn
French,perform rites,Mbay,hïlë :
French,perform rites,Mango,pölë
French,perform rites,Sar,güg¸
French,person,Bebote,dÆÛ :
French,person,Bediondo,dÆÛ :
French,person,Daba,dèë
French,person,Gor,dèë :
French,person,Gulay,dòö :
French,person,Kaba_Na,dèßë p
French,person,Kaba,dÆÛ : Kul=dèßë :
French,person,Laka,dÆw
French,person,Mbay,dèë :
French,person,Mango,dòÛ :
French,person,Nar,dèë
French,person,Ngambay,dÆÛ :
French,person,Sar,dèë
French,person,Ngam,dèë :
French,person with same name,Gulay,kòyó :
French,person with same name,Mbay,ndòý
French,person with same name,Mango,ndòý :
French,person with same name,Sar,ndòý p
French,pestle,Bebote,gòy :
French,pestle,Bediondo,gòy :
French,pestle,Daba,gòy
French,pestle,Gor,gòy :
French,pestle,Gulay,gòy :
French,pestle,Kaba_Na,gòö
French,pestle,Kaba,gòy :
French,pestle,Laka,gîy :
French,pestle,Mbay,gòy
French,pestle,Mango,gòy :
French,pestle,Nar,gòy :
French,pestle,Ngambay,gîy
French,pestle,Sar,gòy p
French,phlegm,Laka,hàgÕ :
French,phlegm,Mbay,gÅ¢
French,phlegm,Mango,ndîl :
French,phlegm,Nar,k¼º :
French,phlegm,Sar,k¼r¼
French,pile,Kaba_Na,ßáà :
French,pile,Mbay,düu
French,pile,Sar,düb¸ p
French,pinch : to,Bebote,túg‡ :
French,pinch : to,Bediondo,tüg¸
French,pinch : to,Mbay,túg¸
French,pinch : to,Bebote,ùgÕ :
French,pinch : to,Bediondo,mÆnë :
French,pinch : to,Daba,ùg
French,pinch : to,Gor,ùgÆ :
French,pinch : to,Gulay,ùgù :
French,pinch : to,Kaba_Na,ùgù
French,pinch : to,Kaba,ùkù :
French,pinch : to,Laka,ùgù :
French,pinch : to,Mbay,ùgÕ
French,pinch : to,Mango,ùgÕ :
French,pinch : to,Nar,ùgÕ :
French,pinch : to,Ngambay,ùgù p
French,pinch : to,Sar,ùgÕ
French,pipe : tobacco,Bebote,tòó :
French,pipe : tobacco,Bediondo,tòó
French,pipe : tobacco,Gor,tò© :
French,pipe : tobacco,Kaba_Na,gírò-sèlí
French,pipe : tobacco,Kaba,‡-tùrú :
French,pipe : tobacco,Laka,bày-sà p
French,pipe : tobacco,Mbay,tò© :
French,pipe : tobacco,Mango,tòó
French,pipe : tobacco,Ngambay,bày-sà :
French,pipe : tobacco,Sar,gîl-máµg
French,pirogue,Bebote,tò :
French,pirogue,Bediondo,tò :
French,pirogue,Daba,tò
French,pirogue,Gor,tòw :
French,pirogue,Gulay,tò :
French,pirogue,Kaba_Na,tòhò
French,pirogue,Kaba,tò :
French,pirogue,Laka,tò :
French,pirogue,Mbay,tòo
French,pirogue,Mango,tò :
French,pirogue,Nar,tò :
French,pirogue,Ngambay,tò :
French,pirogue,Sar,tòo
French,pirogue,Ngam,tòhò
French,t of fruit,Bebote,kánd¸ :
French,t of fruit,Bediondo,güm
French,t of fruit,Gor,kánd¸ :
French,t of fruit,Gulay,jïb¸rï
French,t of fruit,Kaba_Na,köngö :
French,t of fruit,Laka,ngàw-ùr
French,t of fruit,Mbay,güm :
French,t of fruit,Mango,kº
French,t of fruit,Nar,gümb¸rü :
French,t of fruit,Ngambay,kánd¸
French,t of fruit,Sar,gümb¸Èü
French,"ace of, traces of",Bebote,tów :
French,"ace of, traces of",Bediondo,tó
French,"ace of, traces of",Gor,bàng¸ :
French,"ace of, traces of",Gulay,gö :
French,"ace of, traces of",Kaba,túrü
French,"ace of, traces of",Laka,kílä :
French,"ace of, traces of",Mbay,k‡lá :
French,"ace of, traces of",Mango,tó
French,"ace of, traces of",Nar,gòtÕ :
French,"ace of, traces of",Ngambay,dî-gîl
French,"ace of, traces of",Sar,bòng
French,ace; time,Bebote,lò :
French,ace; time,Bediondo,lò :
French,ace; time,Daba,lò
French,ace; time,Gor,lò :
French,ace; time,Gulay,lò :
French,ace; time,Kaba_Na,lòö
French,ace; time,Kaba,lò :
French,ace; time,Laka,lò :
French,ace; time,Mbay,lòo
French,ace; time,Mango,lò :
French,ace; time,Nar,lò :
French,ace; time,Ngambay,lò
French,ace; time,Sar,lò
French,acenta,Bebote,kÉy-ngön :
French,acenta,Bediondo,kîy
French,acenta,Daba,kî :
French,acenta,Gor,kîy :
French,acenta,Gulay,kî
French,acenta,Kaba_Na,…èë :
French,acenta,Kaba,kîyî :
French,acenta,Laka,kîwè
French,acenta,Mbay,kîw :
French,acenta,Mango,kîy :
French,acenta,Nar,kîw
French,acenta,Ngambay,kîyî :
French,acenta,Sar,kî
French,ay : to,Bebote,kóg¸ :
French,ay : to,Bediondo,kóg¸
French,ay : to,Daba,nòng :
French,ay : to,Gor,"kóg¸, ndäm"
French,ay : to,Gulay,àgÕ :
French,ay : to,Kaba_Na,njíkï
French,ay : to,Kaba,ndäm :
French,ay : to,Laka,ndäm
French,ay : to,Mbay,÷òng :
French,ay : to,Mango,ndäm
French,ay : to,Nar,kóg¸ :
French,ay : to,Ngambay,ndäm
French,ay : to,Sar,kóg¸
French,uck single feather : to,Bebote,tûr :
French,uck single feather : to,Bediondo,tûr :
French,uck single feather : to,Daba,tô®
French,uck single feather : to,Gor,tôr :
French,uck single feather : to,Gulay,tôr :
French,uck single feather : to,Kaba,tûr
French,uck single feather : to,Mbay,rètÕ :
French,uck single feather : to,Mango,tôr :
French,uck single feather : to,Nar,róy
French,uck single feather : to,Ngambay,tûr
French,uck single feather : to,Ngam,rét¸ :
French,ural marker,Bebote,-ï :
French,ural marker,Bediondo,-ï :
French,ural marker,Daba,-ï
French,ural marker,Gor,-ï :
French,ural marker,Gulay,-ï :
French,ural marker,Mbay,-ñ
French,ural marker,Mango,-ï :
French,ural marker,Nar,-ñ :
French,ural marker,Sar,-ï
French,pocket,Kaba_Na,kòý :
French,pocket,Laka,púsù
French,pocket,Mbay,bädï-küb¸ :
French,pocket,Ngam,pósÕ
French,poison : to,Bebote,yÆ£ :
French,poison : to,Bediondo,yÆ£
French,poison : to,Gor,yÆ£ :
French,poison : to,Gulay,yèl :
French,poison : to,Laka,yè£
French,poison : to,Mbay,òm :
French,poison : to,Mango,yÆl :
French,poison : to,Ngambay,yël
French,pole for picking fruit,Kaba_Na,gî :
French,pole for picking fruit,Laka,käg¸-kùnjà
French,pole for picking fruit,Mbay,kòñg :
French,pole for picking fruit,Nar,kòñg
French,pole with three prongs,Gulay,÷ìrÆ :
French,pole with three prongs,Mbay,÷Õrà
French,pole with three prongs,Mango,÷ìrÆ :
French,pole with three prongs,Sar,÷ÕÈà
French,pond or small lake,Laka,bûy :
French,pond or small lake,Mbay,kàar
French,pond or small lake,Nar,k¼r¼
French,porcupine,Bebote,ïyæ :
French,porcupine,Bediondo,¸yæ :
French,porcupine,Daba,ïyû
French,porcupine,Gor,ïyæ :
French,porcupine,Gulay,wüyæ :
French,porcupine,Kaba,yä
French,porcupine,Laka,ïyä :
French,porcupine,Mbay,y¸wä :
French,porcupine,Mango,ïyæ
French,porcupine,Nar,mbínj¸ :
French,porcupine,Ngambay,ïyä
French,porcupine,Sar,mbínjÕ
French,porridge,Bebote,bƒyð :
French,porridge,Bediondo,b‡yð
French,porridge,Daba,bíyä :
French,porridge,Gor,bƒyð :
French,porridge,Gulay,bƒy
French,porridge,Kaba_Na,bíyä :
French,porridge,Kaba,bíyä
French,porridge,Laka,bíyä :
French,porridge,Mbay,bíyä :
French,porridge,Mango,bƒyð
French,porridge,Nar,bƒyð :
French,porridge,Ngambay,bíyä :
French,porridge,Sar,bƒyº
French,porridge,Ngam,bíyä
French,"porridge, liquid of",Mbay,sèr :
French,"porridge, liquid of",Mango,sÆ :
French,"porridge, liquid of",Sar,sòl
French,pot : clay,Bebote,‡-ngòö :
French,pot : clay,Bediondo,‡-ngòó
French,pot : clay,Daba,kí-ngò® :
French,pot : clay,Gor,‡-ngòö
French,pot : clay,Gulay,jó :
French,pot : clay,Kaba_Na,gírò :
French,pot : clay,Kaba,jó
French,pot : clay,Laka,jó :
French,pot : clay,Mbay,jóo
French,pot : clay,Mango,jó :
French,pot : clay,Nar,jó :
French,pot : clay,Ngambay,jó :
French,pot : clay,Sar,jóò
French,pot : clay,Ngam,jíyó
French,pot for beer,Bebote,gÆ« :
French,pot for beer,Kaba_Na,ßüyä
French,pot for beer,Laka,dùrà :
French,pot for beer,Mbay,gù« :
French,pot for beer,Mango,gùm
French,pound to remove shell : to,Bebote,sÆw :
French,pound to remove shell : to,Bediondo,sÆbÕ
French,pound to remove shell : to,Daba,sòö :
French,pound to remove shell : to,Gor,sòö :
French,pound to remove shell : to,Gulay,sòö
French,pound to remove shell : to,Kaba_Na,súkä :
French,pound to remove shell : to,Kaba,sùwä
French,pound to remove shell : to,Laka,sÆbÆ :
French,pound to remove shell : to,Mbay,sòö :
French,pound to remove shell : to,Mango,sÆbÕ
French,Sara Languages,Nar,sùwæ :
French,Sara Languages,Ngambay,sÆbÕ
French,Sara Languages,Sar,sòb¸
French,pour : to,Bebote,mbÉl :
French,pour : to,Bediondo,mbÉl
French,pour : to,Daba,mbé£ :
French,pour : to,Gor,mbÉl
French,pour : to,Kaba,ùngü :
French,pour : to,Laka,mbÉl
French,pour : to,Mbay,mbé£ :
French,pour : to,Mango,mbÉl
French,pour : to,Nar,ßök‡ :
French,pour : to,Ngambay,mbél :
French,pour : to,Sar,ßök‡
French,pour : to,Ngam,ßük‡
French,pour : to,Bebote,ßük‡ :
French,pour : to,Daba,òñg
French,pour : to,Gor,mbÉl :
French,pour : to,Gulay,ù« :
French,pour : to,Kaba,ùngü
French,pour : to,Laka,ùm :
French,pour : to,Mbay,“¦ :
French,pour : to,Mango,ùng¸
French,pour : to,Nar,òñg :
French,pour : to,Ngambay,"òm, mbél"
French,pour : to,Sar,ßök‡
French,pour leaving residue : to,Bediondo,ndùs¸ :
French,pour leaving residue : to,Gor,ùs¸
French,pour leaving residue : to,Laka,ndùsü :
French,pour leaving residue : to,Mbay,ndùs¸
French,pour leaving residue : to,Ngambay,ndùsü
French,pour leaving residue : to,Mbay,ndès¸ :
French,pour leaving residue : to,Mango,ndùsü
French,pour leaving residue : to,Sar,njèÈ
French,poverty,Bebote,ndòö :
French,poverty,Bediondo,ndòö
French,poverty,Daba,ndò :
French,poverty,Gor,ndòö :
French,poverty,Gulay,ndòö
French,poverty,Kaba_Na,njàhà :
French,poverty,Kaba,ndòö
French,poverty,Laka,ndòö :
French,poverty,Mbay,ndòö :
French,poverty,Mango,ndòö
French,poverty,Nar,ndòö :
French,poverty,Ngambay,ndòö
French,poverty,Sar,ndòö
French,praying mantis,Bebote,‡-gæng :
French,praying mantis,Bediondo,‡-gæng¸
French,praying mantis,Gor,‡-göng¸ :
French,praying mantis,Gulay,gæng
French,praying mantis,Laka,‡-gæng
French,praying mantis,Mbay,kÉ-göng :
French,praying mantis,Mango,‡-gæng
French,praying mantis,Nar,k‡-ngîr-bädä
French,praying mantis,Ngambay,gÉñg :
French,praying mantis,Sar,kám-dî-Èº
French,press : to,Gulay,nà« :
French,press : to,Kaba_Na,njùrù
French,press : to,Mbay,nÕmä
French,press : together,Mbay,sà :
French,press : together,Mango,ìsÆ :
French,press : together,Sar,ìsà
French,"pretty (girl, woman) : to be",Bebote,màndÕ :
French,"pretty (girl, woman) : to be",Bediondo,màndÕ
French,"pretty (girl, woman) : to be",Daba,mànd :
French,"pretty (girl, woman) : to be",Gor,màndÕ
French,"pretty (girl, woman) : to be",Gulay,màndÕ :
French,"pretty (girl, woman) : to be",Kaba_Na,kùyä
French,"pretty (girl, woman) : to be",Kaba,màndÕ :
French,"pretty (girl, woman) : to be",Laka,màndÕ
French,"pretty (girl, woman) : to be",Mbay,màndÕ :
French,"pretty (girl, woman) : to be",Mango,màndÕ
French,"pretty (girl, woman) : to be",Nar,màndÕ :
French,"pretty (girl, woman) : to be",Ngambay,màndÕ :
French,"pretty (girl, woman) : to be",Sar,màndÕ
French,"pretty (girl, woman) : to be",Ngam,màndÕ
French,"prevent, stop, refuse : to",Bebote,îg¸ :
French,"prevent, stop, refuse : to",Bediondo,bä :
French,"prevent, stop, refuse : to",Daba,îg
French,"prevent, stop, refuse : to",Gor,îg¸ :
French,"prevent, stop, refuse : to",Gulay,îg¸ :
French,"prevent, stop, refuse : to",Kaba_Na,ògì
French,"prevent, stop, refuse : to",Kaba,îkü :
French,"prevent, stop, refuse : to",Laka,îg¸ :
French,"prevent, stop, refuse : to",Mbay,îg¸
French,"prevent, stop, refuse : to",Mango,îg¸ :
French,"prevent, stop, refuse : to",Nar,îg¸ :
French,"prevent, stop, refuse : to",Ngambay,îg¸ :
French,"prevent, stop, refuse : to",Sar,îg¸
French,"prevent, stop, refuse : to",Ngam,wîg¸ p
French,price,Bebote,gät¸ :
French,price,Bediondo,gät¸
French,price,Daba,gät :
French,price,Gor,gät¸ :
French,price,Gulay,gät¸
French,price,Kaba_Na,käsä :
French,price,Kaba,"gät¸, nàrè"
French,price,Laka,gäd¸ :
French,price,Mbay,gät¸ :
French,price,Mango,gät¸
French,price,Nar,gät¸ :
French,price,Ngambay,gäd¸ :
French,price,Sar,gät¸ p
French,price,Ngam,gät¸
French,problem,Bebote,tà :
French,problem,Gor,tà :
French,problem,Gulay,tà
French,problem,Kaba,tàr :
French,problem,Mbay,tàa :
French,problem,Mango,tà
French,problem,Nar,nàj¸ :
French,problem,Ngambay,tà
French,problem,Sar,"tàa,nàj¸"
French,promiscuity p,Mbay,kàyà :
French,promiscuity p,Mango,kàyà
French,promiscuity p,Nar,kàyà
French,propose : to p,Bebote,îjÕ :
French,propose : to p,Daba,ùmbä
French,propose : to p,Laka,îjì :
French,propose : to p,Mbay,mbä :
French,propose : to p,Sar,nú«
French,pull : to,Bebote,ndô® :
French,pull : to,Bediondo,ndôr
French,pull : to,Daba,ndôr :
French,pull : to,Gor,îr :
French,pull : to,Gulay,ndôr
French,pull : to,Kaba_Na,îrè :
French,pull : to,Kaba,ndô®
French,pull : to,Laka,ndôr
French,pull : to,Mbay,ndô® :
French,pull : to,Mango,ndô® :
French,pull : to,Nar,îr p
French,pull : to,Ngambay,ndôr :
French,pull : to,Sar,ndô®
French,"pull up, tear up : to",Gulay,ßüngæ :
French,"pull up, tear up : to",Mbay,ßïngä
French,"pull up, tear up : to",Mango,ßüngæ :
French,"pull up, tear up : to",Sar,ß¸ngä
French,pumpkin,Bebote,wàs¸ :
French,pumpkin,Bediondo,wàs¸ q
French,pumpkin,Daba,wàs :
French,pumpkin,Gor,wàs¸ :
French,pumpkin,Gulay,wàs¸
French,pumpkin,Kaba_Na,wàsö :
French,pumpkin,Kaba,wàs¸
French,pumpkin,Laka,wàs¸ :
French,pumpkin,Mbay,wàs¸ :
French,pumpkin,Mango,wàs¸
French,pumpkin,Nar,wàs¸ :
French,pumpkin,Ngambay,wàs¸
French,pumpkin,Sar,wàs¸
French,punctured,Bebote,mbùtÕ :
French,punctured,Bediondo,mbùtÕ
French,punctured,Daba,mbùt :
French,punctured,Gor,mbùtÕ
French,punctured,Gulay,mbùtù :
French,punctured,Kaba_Na,ènë
French,punctured,Kaba,mbùtù : Kul=mbùtì
French,punctured,Laka,mbùdù :
French,punctured,Mbay,mbùtÕ
French,punctured,Mango,mbùtÕ :
French,punctured,Nar,mbùtÕ
French,punctured,Ngambay,mbùdù
French,punctured,Sar,mbùtÕ
French,punctured,Ngam,mbút¸ :
French,"rchase, buy : to",Bebote,ndög¸ :
French,"rchase, buy : to",Bediondo,ndög¸
French,"rchase, buy : to",Daba,njïgö :
French,"rchase, buy : to",Gor,ndög¸
French,"rchase, buy : to",Gulay,ndögö :
French,"rchase, buy : to",Kaba_Na,ùbö
French,"rchase, buy : to",Kaba,ndökö :
French,"rchase, buy : to",Laka,ndögö
French,"rchase, buy : to",Mbay,nd¸gö :
French,"rchase, buy : to",Mango,ndög¸
French,"rchase, buy : to",Nar,màng :
French,"rchase, buy : to",Ngambay,ndögö :
French,"rchase, buy : to",Sar,màng
French,"rchase, buy : to",Ngam,nd¸gö
French,s,Bebote,ßï :
French,s,Bediondo,wüy :
French,s,Daba,ßï
French,s,Gor,ßï :
French,s,Gulay,wüy :
French,s,Kaba_Na,wüy
French,s,Kaba,wï :
French,s,Laka,wï :
French,s,Mbay,ßïi
French,s,Mango,ßï :
French,s,Nar,ßï :
French,s,Ngambay,yï :
French,s,Sar,wïy
French,s,Ngam,wï
French,t in a line : to,Bediondo,òs¸ :
French,t in a line : to,Daba,îs :
French,t in a line : to,Laka,îsÕ
French,t in a line : to,Mbay,îs¸
French,"t, place : to",Bebote,Õndæ :
French,"t, place : to",Bediondo,Õndæ
French,"t, place : to",Daba,ùndä :
French,"t, place : to",Gor,Õndæ :
French,"t, place : to",Gulay,ùndæ
French,"t, place : to",Kaba_Na,ìndä :
French,"t, place : to",Kaba,ùndä
French,"t, place : to",Laka,ùndä :
French,"t, place : to",Mbay,ndä
French,"t, place : to",Mango,ìndæ :
French,"t, place : to",Nar,Õndæ
French,"t, place : to",Ngambay,ùndä
French,"t, place : to",Sar,ìndä
French,"t, place : to",Ngam,ßöhó :
French,thon,Bebote,màm :
French,thon,Bediondo,màm :
French,thon,Daba,màm
French,thon,Gor,màm :
French,thon,Gulay,lï-ngä±
French,thon,Kaba_Na,màmà :
French,thon,Kaba,màm :
French,thon,Laka,màm
French,thon,Mbay,mòm :
French,thon,Mango,màm :
French,thon,Nar,màm
French,thon,Ngambay,màm :
French,thon,Sar,màm
French,thon,Ngam,màm :
French,ickly,Bebote,láw :
French,ickly,Bediondo,láw :
French,ickly,Daba,dÇ
French,ickly,Gor,kàlàngÕ :
French,ickly,Gulay,kàlàng
French,ickly,Kaba_Na,gîsíì :
French,ickly,Kaba,njàng
French,ickly,Laka,gÕ-tôgé :
French,ickly,Mbay,ndéré
French,ickly,Mango,kàlàng :
French,ickly,Nar,láy
French,ickly,Ngambay,kàlàng
French,ickly,Sar,láy
French,ickly,Ngam,láw :
French,rain,Bebote,ndï :
French,rain,Bediondo,ndï :
French,rain,Daba,njï
French,rain,Gor,ndï :
French,rain,Gulay,ndï :
French,rain,Kaba_Na,njï
French,rain,Kaba,njï : Kul=yä :
French,rain,Laka,njï
French,rain,Mbay,ndïi :
French,rain,Mango,ndï
French,rain,Nar,"ndï, màñ :"
French,rain,Ngambay,ndï :
French,rain,Sar,màñ
French,rain,Ngam,ndï
French,rainbow,Bediondo,ngà-b¸ræ-ndï
French,rainbow,Gulay,k‡-mùndæ-ßä :
French,rainbow,Kaba_Na,kômb
French,rainbow,Laka,ngàw-bürä-njï
French,rainbow,Mbay,k‡-dös‡-b¸rä
French,rainbow,Nar,ngÆ-b¸ræ-ndï
French,rainbow,Ngambay,ngàw-bürä-ndï
French,rainy season,Bebote,ßàr :
French,rainy season,Bediondo,ßà :
French,rainy season,Daba,ßàr
French,rainy season,Gor,ßàr :
French,rainy season,Gulay,ßàr :
French,rainy season,Kaba_Na,ßà
French,rainy season,Kaba,ßàr :
French,rainy season,Laka,ßàr :
French,rainy season,Mbay,ßàr
French,rainy season,Nar,ßàr :
French,rainy season,Ngambay,ßà
French,rainy season,Sar,ßàÈ
French,rainy season,Ngam,ngûm :
French,"raise, nourish : to",Bebote,ù£ :
French,"raise, nourish : to",Bediondo,ù£ :
French,"raise, nourish : to",Daba,ßàt
French,"raise, nourish : to",Gor,ù£ :
French,"raise, nourish : to",Gulay,ù£ :
French,"raise, nourish : to",Kaba_Na,ùlü
French,"raise, nourish : to",Laka,ùl :
French,"raise, nourish : to",Mbay,ù£ :
French,"raise, nourish : to",Mango,ù£
French,"raise, nourish : to",Nar,ù£ :
French,"raise, nourish : to",Ngambay,"ù£, ngæm"
French,"raise, nourish : to",Sar,"ù£, ù£"
French,rat : type of,Laka,láng¸ :
French,rat : type of,Mbay,láñg
French,rat : type of,Nar,yég¸-tüb¸ :
French,rat : type of,Ngambay,láñg
French,rat : type of,Bediondo,nÕ« :
French,rat : type of,Gulay,nì«
French,rat : type of,Kaba_Na,kí-yïmí :
French,rat : type of,Laka,‡-nì«
French,rat : type of,Mbay,nì» :
French,rat : type of,Mango,nì» :
French,rat : type of,Ngambay,nì«
French,rat : type of,Gulay,ngÅyÅ :
French,rat : type of,Mbay,njòý
French,rat : type of,Mango,bùngÕràng
French,"rat, mouse",Bebote,yég¸ :
French,"rat, mouse",Bediondo,yÉg¸
French,"rat, mouse",Daba,yég :
French,"rat, mouse",Gor,yég¸ :
French,"rat, mouse",Gulay,yÉg¸
French,"rat, mouse",Kaba,yék¸ : Kul=k¨ßŠ
French,"rat, mouse",Laka,÷Ég¸ :
French,"rat, mouse",Mbay,yég¸ :
French,"rat, mouse",Mango,yÉg¸
French,"rat, mouse",Nar,yég¸ :
French,"rat, mouse",Ngambay,yég¸
French,"rat, mouse",Sar,yég¸
French,razor,Bebote,y‡ngæ :
French,razor,Bediondo,y‡ngæ
French,razor,Daba,nïngá :
French,razor,Gor,yƒngæ
French,razor,Gulay,yìngÆ :
French,razor,Kaba_Na,ní…à
French,Sara Languages,Kaba,yíngä :
French,Sara Languages,Mbay,yïngá
French,Sara Languages,Mango,bîr :
French,Sara Languages,Nar,yëÑg
French,Sara Languages,Ngambay,yƒngä :
French,Sara Languages,Sar,y¬ngá
French,red : to be,Bebote,kàsÕ :
French,red : to be,Bediondo,kÆ®
French,red : to be,Daba,kàs :
French,red : to be,Gor,kàsÕ :
French,red : to be,Gulay,kÆ®
French,red : to be,Kaba_Na,àkè :
French,red : to be,Kaba,kàsè : Kul=àkè
French,red : to be,Laka,kàsÕ-g‡-kàsÕ :
French,red : to be,Mbay,kÕrë
French,red : to be,Mango,kàsÕ :
French,red : to be,Nar,kèrë
French,red : to be,Ngambay,kàsÕ
French,red : to be,Sar,kÕrë
French,red : to be,Ngam,kÕ÷ë :
French,reflect : to,Bebote,mÆr :
French,reflect : to,Daba,gä :
French,reflect : to,Gor,mÆr
French,reflect : to,Gulay,gír :
French,reflect : to,Kaba,Æjï :
French,reflect : to,Laka,Æjï
French,reflect : to,Mbay,gäa :
French,reflect : to,Mango,gí® :
French,reflect : to,Nar,gír
French,reflect : to,Ngambay,Ænjï :
French,reflect : to,Sar,gíÊ
French,refuse : to,Bebote,mbät‡ :
French,refuse : to,Bediondo,mbät‡
French,refuse : to,Gor,mbæt‡ :
French,refuse : to,Gulay,mbät‡
French,refuse : to,Kaba_Na,îgû :
French,refuse : to,Kaba,mbæt‡
French,refuse : to,Laka,mbäd‡ :
French,refuse : to,Mbay,mbët‡
French,refuse : to,Mango,mbät‡ :
French,refuse : to,Nar,mbät‡
French,refuse : to,Ngambay,mbäd‡
French,refuse : to,Sar,mbät‡
French,refuse : to,Ngam,mbët‡ :
French,relatives,Bebote,nöj¸ :
French,relatives,Bediondo,nòj¸
French,relatives,Daba,nöj :
French,relatives,Gor,nöj¸ :
French,relatives,Gulay,nùjü
French,relatives,Kaba,nùjü : Kul=häfä
French,relatives,Laka,nùjï :
French,relatives,Mbay,nöj¸ :
French,relatives,Mango,nüj¸
French,relatives,Nar,ngè :
French,relatives,Ngambay,"nòjï,nùjï"
French,relatives,Sar,"gír-kòjÕ,ngè"
French,relatives,Ngam,nöj¸
French,"remain, stay : to",Bebote,n¼y :
French,"remain, stay : to",Bediondo,n¼y :
French,"remain, stay : to",Daba,n¼y
French,"remain, stay : to",Gor,n¼y :
French,"remain, stay : to",Gulay,n¼y :
French,"remain, stay : to",Kaba,n¼y
French,"remain, stay : to",Laka,n¼y :
French,"remain, stay : to",Mbay,n¼y :
French,"remain, stay : to",Mango,n¼y
French,"remain, stay : to",Nar,nÐy :
French,"remain, stay : to",Ngambay,n¼y
French,"remain, stay : to",Sar,n¼y
French,"remain, stay : to",Ngam,n¼h¼ :
French,remove : to,Bebote,î® :
French,remove : to,Bediondo,î® :
French,remove : to,Daba,î®
French,remove : to,Gor,î® :
French,remove : to,Gulay,î® :
French,remove : to,Kaba,îrü
French,remove : to,Laka,î® :
French,remove : to,Mbay,î®
French,remove : to,Mango,î® :
French,remove : to,Nar,î® :
French,remove : to,Ngambay,î® :
French,remove : to,Sar,î®
French,remove : to,Ngam,wî®
French,remove with hands : to,Mbay,tëg‡ :
French,remove with hands : to,Mango,tæg‡
French,remove with hands : to,Sar,tëg‡ r
French,request return of loan,Bebote,ßäng¸ :
French,request return of loan,Gor,ßäng¸
French,request return of loan,Gulay,ßäng :
French,request return of loan,Laka,ßäng¸
French,request return of loan,Mbay,ßäng
French,residue r,Bebote,njŸ :
French,residue r,Bediondo,bÕs¸
French,residue r,Daba,bìs :
French,residue r,Gor,yŸ :
French,residue r,Gulay,yŸ
French,residue r,Kaba,s¡y¼ :
French,residue r,Laka,"y¼, nàngÕ"
French,residue r,Mbay,bìs¸ :
French,residue r,Mango,yŸ :
French,residue r,Nar,yŸ
French,residue r,Ngambay,bìs¸
French,residue r,Sar,kïyá
French,residue r,Ngam,kûhô :
French,"rest, remaining portion r",Bebote,ndÉg¸ :
French,"rest, remaining portion r",Bediondo,gª
French,"rest, remaining portion r",Daba,ndég :
French,"rest, remaining portion r",Gulay,yòng-yöng
French,"rest, remaining portion r",Kaba_Na,ndákì :
French,"rest, remaining portion r",Laka,gèsÕ
French,"rest, remaining portion r",Mbay,nd‡gá :
French,"rest, remaining portion r",Mango,ndÉg¸
French,"rest, remaining portion r",Ngambay,gès¸
French,"rest, remaining portion r",Ngam,gàbÕ :
French,"rest, traces of",Kaba_Na,gòtò :
French,"rest, traces of",Mbay,gòtÕ r
French,"rest, traces of",Ngambay,gòdÕ
French,"rest, traces of",Sar,gòtÕ
French,"rest, traces of",Ngam,gòtÕ :
French,return : to,Bebote,tÉl :
French,return : to,Bediondo,tÉl :
French,return : to,Daba,tél
French,return : to,Gor,tÉl :
French,return : to,Gulay,tÉl :
French,return : to,Kaba_Na,télè
French,return : to,Kaba,tél : Kul=ndélè :
French,return : to,Laka,tÉl r
French,return : to,Mbay,tél :
French,return : to,Mango,tÉl :
French,return : to,Nar,tél
French,return : to,Ngambay,tél :
French,return : to,Sar,té¥
French,return : to,Ngam,té£ :
French,rheumatism,Bediondo,käg¸ :
French,rheumatism,Gor,käg¸
French,rheumatism,Laka,käg¸ :
French,rheumatism,Mbay,käg¸ :
French,rheumatism,Mango,käg¸
French,rhinoceros,Bebote,kàsÕ-bànï :
French,rhinoceros,Bediondo,bÆñ r
French,rhinoceros,Daba,òñg :
French,rhinoceros,Gulay,bèrnè :
French,rhinoceros,Kaba_Na,bànï
French,rhinoceros,Laka,gàjÕ-bÐrƒ :
French,rhinoceros,Mbay,bàñ
French,rhinoceros,Mango,àsÕbànï :
French,rhinoceros,Nar,bènë
French,rhinoceros,Ngambay,"kàsÕ-b¼rƒ,"
French,rhinoceros,Sar,bèñ
French,rhinoceros,Ngam,bèn¸ :
French,riddle r,Bebote,tÆr-tà
French,riddle r,Bediondo,sú-kàd¸-n¼º-ßë
French,riddle r,Gor,sú-kàdÕ-nà-ßë
French,riddle r,Gulay,sú-tä-ßë :
French,riddle r,Laka,güsü-tàr
French,riddle r,Mbay,sùngóo
French,riddle r,Mango,sú-kàd¸-n¼º-ßë
French,riddle r,Nar,sú-k‡-tït¸-b¸rð
French,riddle r,Ngambay,sú-ßë :
French,riddle r,Sar,sùngó
French,"ght side, right",Bebote,kîl :
French,"ght side, right",Bediondo,kÅ :
French,"ght side, right",Daba,kîl
French,"ght side, right",Gor,kîl :
French,"ght side, right",Gulay,kÅ :
French,"ght side, right",Kaba,kîl
French,"ght side, right",Laka,kîl :
French,"ght side, right",Mbay,kÅ¢ :
French,"ght side, right",Mango,kîl
French,"ght side, right",Ngambay,kîl :
French,"ght side, right",Sar,kÅ
French,"ght side, right",Ngam,kÅ :
French,"ng, bracelet",Bebote,‡-n¸ngÉ :
French,"ng, bracelet",Bediondo,n¸ngÉ
French,"ng, bracelet",Gor,‡-n‡ngæ :
French,"ng, bracelet",Gulay,nïngÉ
French,"ng, bracelet",Kaba,‡-nïngá :
French,"ng, bracelet",Laka,‡-nïngá
French,"ng, bracelet",Mbay,nïngá :
French,"ng, bracelet",Mango,‡-níngæ
French,"ng, bracelet",Nar,n¸ngÉ :
French,"ng, bracelet",Ngambay,nïngá
French,"ng, bracelet",Sar,n¸ngá
French,nse : to,Bebote,ùsÕ :
French,nse : to,Bediondo,sùk‡
French,nse : to,Gor,súkü :
French,nse : to,Gulay,sùkü
French,nse : to,Kaba_Na,súkù :
French,nse : to,Kaba,sùkü
French,nse : to,Laka,sùgü :
French,nse : to,Mbay,sùk¸ :
French,nse : to,Mango,sùk¸
French,nse : to,Nar,sùk¸ :
French,nse : to,Ngambay,sùgú
French,nse : to,Sar,sùk¸
French,pe : to be,Bebote,mbîjÕ :
French,pe : to be,Bediondo,mbùjÕ
French,pe : to be,Daba,às :
French,pe : to be,Gor,"gæs¸ræ, kàsÕ"
French,pe : to be,Gulay,kÆ® :
French,pe : to be,Kaba,sàng :
French,pe : to be,Laka,kàsÕ
French,pe : to be,Mbay,mbùjÕ :
French,pe : to be,Mango,kàsÕ
French,pe : to be,Ngambay,"îb¸, kàsÕ :"
French,pe : to be,Sar,îû
French,val,Bebote,jàngÕ :
French,val,Bediondo,jàngÕ
French,val,Daba,jàng :
French,val,Gor,jàngÕ
French,val,Gulay,jàng :
French,val,Kaba,jàng :
French,val,Laka,jàng
French,val,Mbay,jàng :
French,val,Mango,jàng
French,val,Nar,jàng :
French,val,Ngambay,jàng :
French,val,Sar,jàng
French,val,Ngam,jàng
French,ver,Bebote,bä :
French,ver,Bediondo,bä :
French,ver,Daba,bä
French,ver,Gor,bä :
French,ver,Gulay,bä :
French,ver,Kaba_Na,bä
French,ver,Kaba,bä : Kul=vä :
French,ver,Laka,bä
French,ver,Mbay,bäa :
French,ver,Mango,bä :
French,ver,Nar,bä
French,ver,Ngambay,bä :
French,ver,Sar,bä
French,ver,Ngam,bä :
French,ver monster,Bebote,‡-nÕngæ-màñ
French,ver monster,Kaba_Na,ná-mànë :
French,ver monster,Laka,àngÕ
French,ver monster,Mbay,hàng :
French,ver monster,Mango,dä-màñ
French,ver monster,Ngambay,àng
French,"road, path",Bebote,÷Éw :
French,"road, path",Bediondo,rÉb¸
French,"road, path",Daba,÷ób :
French,"road, path",Gor,÷ów :
French,"road, path",Gulay,÷Éb‡
French,"road, path",Kaba_Na,róbò :
French,"road, path",Kaba,÷ó : Kul=÷óv
French,"road, path",Laka,÷Éw :
French,"road, path",Mbay,÷ób‡ :
French,"road, path",Mango,÷Éb¸
French,"road, path",Nar,÷ób¸ :
French,"road, path",Ngambay,÷ÉbÉ :
French,"road, path",Sar,róbÕ
French,"road, path",Ngam,÷ób‡
French,rooster,Bebote,kúnð :
French,rooster,Bediondo,kúnæ
French,rooster,Daba,kúná :
French,rooster,Gor,kúnð :
French,rooster,Gulay,kør
French,rooster,Kaba_Na,kúyà :
French,rooster,Kaba,kørº
French,rooster,Laka,kørº :
French,rooster,Mbay,k‡rª :
French,rooster,Mango,kúnð
French,rooster,Nar,k‡ræ-k¸njÉ :
French,rooster,Ngambay,kørº :
French,rooster,Sar,k‡Èà
French,rooster,Ngam,k‡rá
French,roots,Bebote,ngÕrÆ :
French,roots,Daba,ngìrà
French,roots,Gor,ngÕrÆ :
French,roots,Gulay,ngìrÆ
French,roots,Kaba_Na,gígìï :
French,roots,Laka,ngìrà
French,roots,Mbay,ngÕrà :
French,roots,Mango,ngìrÆ
French,roots,Nar,ngÕrÆ :
French,roots,Ngambay,ngìrà :
French,roots,Sar,ngÕÈà
French,roots,Ngam,ngÕrà
French,rope,Bebote,kùlæ :
French,rope,Bediondo,kùlæ
French,rope,Daba,kùlä :
French,rope,Gor,kùlæ :
French,rope,Gulay,kùl
French,rope,Kaba_Na,kùlä :
French,rope,Kaba,kùlä
French,rope,Laka,kùlä :
French,rope,Mbay,kÕlä :
French,rope,Mango,kùlæ
French,rope,Nar,kÕlæ :
French,rope,Ngambay,kùlä :
French,rope,Sar,kÕlä
French,rope,Ngam,kÕlä
French,rotten : to be,Bebote,ndùm :
French,rotten : to be,Bediondo,ndùm
French,rotten : to be,Daba,ndùm :
French,rotten : to be,Gor,ndùm :
French,rotten : to be,Gulay,ndù
French,rotten : to be,Kaba,ndùm :
French,rotten : to be,Laka,ndùm
French,rotten : to be,Mbay,ndùm :
French,rotten : to be,Mango,ndùm
French,rotten : to be,Nar,ndùm :
French,rotten : to be,Ngambay,ndùm
French,rotten : to be,Sar,ndùm
French,"rough, hard, raw : to be",Bebote,ngàmàmà :
French,"rough, hard, raw : to be",Gor,ngî
French,"rough, hard, raw : to be",Gulay,ngìrÆ :
French,"rough, hard, raw : to be",Kaba_Na,màngàrà
French,"rough, hard, raw : to be",Kaba,ngÆndÕrÆ :
French,"rough, hard, raw : to be",Laka,hàngÕy¼
French,"rough, hard, raw : to be",Mbay,ngîî :
French,"rough, hard, raw : to be",Nar,ngî
French,"rough, hard, raw : to be",Ngambay,ngî :
French,"rough, hard, raw : to be",Sar,ngî
French,rub oil : to,Bebote,ndÆm :
French,rub oil : to,Bediondo,ndÆm
French,rub oil : to,Gulay,ndùm :
French,rub oil : to,Laka,ndÆm :
French,rub oil : to,Mbay,ndòm
French,rub oil : to,Mango,ndÆm :
French,rub oil : to,Ngambay,ndèm
French,rub oil : to,Gulay,rét‡ :
French,rub oil : to,Mbay,lát¸
French,rub oil : to,Mango,rát¸
French,running,Bebote,ngûd¸ :
French,running,Bediondo,ngûd¸
French,running,Daba,ngûd :
French,running,Gor,ngûd¸
French,running,Gulay,ngûd¸ :
French,running,Kaba,ngûr
French,running,Laka,ngûd¸ :
French,running,Mbay,ngûd¸
French,running,Mango,ngûd¸ :
French,running,Nar,ngûd¸
French,running,Ngambay,ngûd¸
French,running,Sar,ngûd¸
French,running,Ngam,ngûd¸ :
French,rush : to,Bediondo,näg‡ :
French,rush : to,Gulay,nºr
French,rush : to,Mbay,näg‡ :
French,rush : to,Mango,näg‡
French,"saliva, spit",Bebote,yörö :
French,"saliva, spit",Daba,ör
French,"saliva, spit",Gor,màñ-tà :
French,"saliva, spit",Gulay,yör :
French,"saliva, spit",Kaba_Na,wŠ
French,"saliva, spit",Kaba,wÐrð :
French,"saliva, spit",Laka,yïrö :
French,"saliva, spit",Mbay,hör
French,"saliva, spit",Mango,yörö :
French,"saliva, spit",Nar,hûr :
French,"saliva, spit",Ngambay,yïrö :
French,"saliva, spit",Sar,höÈ
French,"saliva, spit",Ngam,höÈ
French,salt,Bebote,kàt¸ :
French,salt,Bediondo,kàt¸
French,salt,Daba,kàt :
French,salt,Gor,kàt¸ :
French,salt,Gulay,"kàt¸,"
French,salt,Kaba_Na,kàtä :
French,salt,Kaba,kàt¸
French,salt,Laka,kàd¸
French,salt,Mbay,kàt¸ :
French,salt,Mango,kàt¸
French,salt,Nar,kàt¸ :
French,salt,Ngambay,kàd¸ :
French,salt,Sar,kàt¸
French,salt,Ngam,kàt¸
French,same,Gor,kárë-bà
French,same,Kaba,kárä-bàä :
French,same,Laka,kárä-bà
French,same,Mbay,kÕ-k‡rä :
French,same,Ngambay,kárä
French,same,Ngam,k‡ßä
French,sand,Bebote,‡-näng‡rä
French,sand,Gor,"‡-näng‡rä, ‡-näng‡rä"
French,sand,Gulay,yŸ-ngír :
French,sand,Laka,‡-n¼ng‡rº
French,sand,Mbay,náñg :
French,sand,Mango,yªñg¸rä
French,sand,Nar,bümbúrü :
French,sand,Ngambay,nág‡rä
French,sand,Sar,náñg
French,sand,Daba,ngá®-köy :
French,sand,Gulay,yŸ-ngír
French,sand,Kaba,‡-náng‡rá
French,sand,Laka,‡-n¼ng‡rº :
French,sand,Mbay,ngá®
French,sand,Mango,yªñg¸rä
French,sand,Nar,njár‡m-ngöý :
French,sand,Ngambay,náng‡rä :
French,sand,Sar,ngá®
French,sand,Ngam,náñg
French,sandals s,Laka,bùbä :
French,sandals s,Mbay,säk¸rä
French,sandals s,Mango,pápá :
French,sandals s,Nar,pápä
French,sap; glue,Gor,tüw :
French,sap; glue,Gulay,nç
French,sap; glue,Kaba_Na,tïbï :
French,sap; glue,Laka,Žïbï :
French,sap; glue,Mbay,tïw s
French,sap; glue,Nar,tïb¸
French,sauce,Bebote,tªy :
French,sauce,Bediondo,tªy :
French,sauce,Daba,tª
French,sauce,Gor,nªy :
French,sauce,Gulay,tár :
French,sauce,Kaba_Na,tárò
French,sauce,Kaba,nªy : Kul=tárò :
French,sauce,Laka,nªy
French,sauce,Mbay,tª½ :
French,sauce,Mango,nªy :
French,sauce,Nar,tª s
French,sauce,Ngambay,nªy :
French,sauce,Sar,tª¼
French,sauce,Ngam,tª :
French,say : to,Bebote,Æl :
French,say : to,Bediondo,Æl :
French,say : to,Daba,èl s
French,say : to,Gor,Æl :
French,say : to,Gulay,ÆdÕ :
French,say : to,Kaba_Na,njùßà
French,say : to,Kaba,pà : Kul=ndälë :
French,say : to,Laka,pà
French,say : to,Mbay,èl :
French,say : to,Mango,ìdÆ :
French,say : to,Nar,ÕdÆ
French,say : to,Ngambay,pà :
French,say : to,Sar,ìdà s
French,say : to,Ngam,yèl :
French,"say that, to",Bebote,Æ :
French,"say that, to",Bediondo,Æ :
French,"say that, to",Gor,Æn
French,"say that, to",Kaba,tökú :
French,"say that, to",Mbay,àn :
French,"say that, to",Nar,nÆ
French,"say that, to",Ngambay,nà :
French,"say that, to",Sar,nà
French,"say that, to",Ngam,nà :
French,scabies,Gulay,bàtÕ-wäl :
French,scabies,Mbay,ngôk¸ s
French,scabies,Mango,ngª¼-ngünð :
French,scabies,Sar,kîrí
French,scars,Bebote,ndäj‡ :
French,scars,Bediondo,ndäj‡
French,scars,Daba,njïjá :
French,scars,Gor,‡-ndôjû
French,scars,Gulay,ndüjÉ :
French,scars,Kaba,ndäjí
French,scars,Mbay,ndïjá :
French,scars,Mango,ndäj‡ s
French,scars,Nar,nd¸jÉ :
French,scars,Ngambay,ndäjí
French,scars,Sar,nd¸já
French,scatter : to,Bediondo,t¬ :
French,scatter : to,Gor,sänä
French,scatter : to,Kaba_Na,sálà :
French,scatter : to,Laka,Žƒ :
French,scatter : to,Mbay,t¬¿
French,scatter : to,Nar,hìnd¸ :
French,scatter : to,Ngambay,jänë :
French,scatter : to,Sar,t¬ s
French,scorpion,Bebote,‡-n¡ :
French,scorpion,Bediondo,‡-n¡
French,scorpion,Daba,gƒnŸy :
French,scorpion,Gor,‡-n¡
French,scorpion,Gulay,kúj‡-nàng :
French,scorpion,Kaba_Na,gúnä
French,scorpion,Kaba,‡-níì :
French,scorpion,Laka,¡
French,scorpion,Mbay,"g‡ná,g‡nª :"
French,scorpion,Mango,jínð
French,scorpion,Nar,g‡næ :
French,scorpion,Ngambay,¡
French,scorpion,Sar,kók‡ràng
French,scorpion,Ngam,g‡ná :
French,ratch : to,Bebote,ÕngÉ :
French,ratch : to,Bediondo,ùy :
French,ratch : to,Gor,ùy
French,ratch : to,Gulay,ndÅç :
French,ratch : to,Kaba_Na,èkè :
French,ratch : to,Kaba,Õngæ
French,ratch : to,Laka,ngÉ :
French,ratch : to,Mbay,ùy :
French,ratch : to,Mango,ìngÉ
French,ratch : to,Ngambay,ngÉ :
French,ratch : to,Sar,ndÅç
French,ratch : to,Ngam,ùgÕ :
French,rub : to,Bebote,ùsÕ :
French,rub : to,Bediondo,ùsÕ
French,rub : to,Gor,ùsÕ :
French,rub : to,Gulay,ùsù :
French,rub : to,Kaba,ùsù
French,rub : to,Laka,ùsù :
French,rub : to,Mbay,ùsÕ :
French,rub : to,Mango,ùsù
French,rub : to,Nar,ùsÕ :
French,rub : to,Ngambay,rìï
French,rub : to,Sar,ùsÕ
French,rub : to,Ngam,ùsÕ :
French,arch : carefully for,Gulay,ndòlè :
French,arch : carefully for,Mbay,nd¸yë
French,arch : carefully for,Mango,ndòlè :
French,arch : carefully for,Sar,ndÕlè
French,"arch : carefully for, to",Bediondo,mbát¸ :
French,"arch : carefully for, to",Laka,njïngïlïng
French,"arch : carefully for, to",Mbay,ndïyö :
French,"arch : carefully for, to",Nar,ndèlè
French,"arch : carefully for, to",Ngambay,jág¸lä
French,e : to,Bebote,òö :
French,e : to,Bediondo,òö :
French,e : to,Daba,òö
French,e : to,Gor,òö :
French,e : to,Gulay,¼ :
French,e : to,Kaba_Na,ùwà
French,e : to,Kaba,òö : Kul=ùwà :
French,e : to,Laka,ò
French,e : to,Mbay,òö :
French,e : to,Mango,òö :
French,e : to,Nar,¼º
French,e : to,Ngambay,òö :
French,e : to,Sar,¼
French,e : to,Ngam,wòö :
French,ed of,Bebote,kö :
French,ed of,Bediondo,kö :
French,ed of,Daba,kö
French,ed of,Gor,kö :
French,ed of,Gulay,kö :
French,ed of,Kaba_Na,köhö
French,ed of,Kaba,kö :
French,ed of,Laka,kö :
French,ed of,Mbay,köo
French,ed of,Mango,kö-né :
French,ed of,Nar,kö :
French,ed of,Ngambay,kö
French,ed of,Sar,kö
French,ll : to,Bebote,làÛ :
French,ll : to,Bediondo,làb¸ :
French,ll : to,Daba,kä
French,ll : to,Gor,làÛ :
French,ll : to,Gulay,ìgÕ :
French,ll : to,Kaba_Na,ríbï
French,ll : to,Kaba,làb¸ :
French,ll : to,Laka,÷àb¸
French,ll : to,Mbay,÷áb¸ :
French,ll : to,Mango,ndög¸
French,ll : to,Nar,ìgÕ :
French,ll : to,Ngambay,÷àÛ :
French,ll : to,Sar,ìgÕ
French,"nd : away, to",Bebote,tüwæ :
French,"nd : away, to",Bediondo,tüwæ
French,"nd : away, to",Daba,tübä :
French,"nd : away, to",Gor,tüwæ :
French,"nd : away, to",Gulay,tübæ
French,"nd : away, to",Kaba_Na,tûßû :
French,"nd : away, to",Kaba,tübä
French,"nd : away, to",Laka,"tüßä,tûb¸"
French,"nd : away, to",Mbay,"tüwä,t¸ßä :"
French,"nd : away, to",Mango,tübæ
French,"nd : away, to",Nar,t¸bæ :
French,"nd : away, to",Ngambay,tübä :
French,"nd : away, to",Sar,t¸ßä
French,"nd : away, to",Ngam,t¸ßä
French,send : to,Bebote,ÕlÆ :
French,send : to,Bediondo,ÕlÆ :
French,send : to,Daba,ùlà
French,send : to,Gor,ùlÆ :
French,send : to,Gulay,ùlÆ :
French,send : to,Kaba_Na,ìlà
French,send : to,Kaba,ùlà :
French,send : to,Laka,ùlà :
French,send : to,Mbay,là
French,send : to,Mango,ùlÆ :
French,send : to,Nar,ÕlÆ :
French,send : to,Ngambay,ùlà :
French,send : to,Sar,ìlà
French,send : to,Ngam,Õlà
French,separate : to,Bebote,gäng¸ :
French,separate : to,Bediondo,gäng¸
French,separate : to,Daba,gäng :
French,separate : to,Gor,gäng¸
French,separate : to,Gulay,gäng :
French,separate : to,Kaba,gäng
French,separate : to,Laka,gäng¸ :
French,separate : to,Mbay,gäng :
French,separate : to,Mango,gän
French,separate : to,Nar,gäng :
French,separate : to,Ngambay,gäng :
French,separate : to,Sar,gäng
French,separate : to,Ngam,gáñg
French,sesame,Bebote,kÉ :
French,sesame,Bediondo,kÉ :
French,sesame,Daba,kór
French,sesame,Gor,kÉr :
French,sesame,Gulay,kÉr :
French,sesame,Kaba_Na,kóØ
French,sesame,Kaba,kÉr :
French,sesame,Laka,kÉr :
French,sesame,Mbay,kór
French,sesame,Mango,kÉ :
French,sesame,Nar,kór :
French,sesame,Ngambay,kÉr :
French,sesame,Sar,kó±
French,sesame,Ngam,kór
French,set (bones),Gulay,nàmä :
French,set (bones),Mbay,nà«
French,set (bones),Ngambay,nàm
French,seven,Bebote,sïrí :
French,seven,Bediondo,s¸rí
French,seven,Daba,més-jöó÷ :
French,seven,Gor,sïrí
French,seven,Gulay,séj¸-mùtÉ :
French,seven,Kaba_Na,mìtíkí
French,seven,Kaba,sïrí :
French,seven,Laka,sïrí
French,seven,Mbay,tènÕ-mÕtá :
French,seven,Mango,sïrí
French,seven,Nar,sïrí :
French,seven,Ngambay,sïrí :
French,seven,Sar,sïÈí
French,seven,Ngam,sïÈí
French,sew : to,Bebote,ùü :
French,sew : to,Bediondo,ùü :
French,sew : to,Daba,ù®
French,sew : to,Gor,ù® :
French,sew : to,Gulay,ù® :
French,sew : to,Kaba_Na,ùÿ
French,sew : to,Kaba,ùrü :
French,sew : to,Laka,ùrù :
French,sew : to,Mbay,ù®
French,sew : to,Mango,ùü :
French,sew : to,Nar,ù® :
French,sew : to,Ngambay,ù® :
French,sew : to,Sar,ùÊ
French,sew : to,Ngam,ù®
French,shade; spirit,Bebote,ndíl :
French,shade; spirit,Bediondo,nd‡l
French,shade; spirit,Daba,njíl :
French,shade; spirit,Gor,ndíl :
French,shade; spirit,Gulay,ndí
French,shade; spirit,Kaba_Na,njílì :
French,shade; spirit,Kaba,njíl
French,shade; spirit,Laka,njíl :
French,shade; spirit,Mbay,ndíl :
French,shade; spirit,Mango,ndíl
French,shade; spirit,Nar,ndíl :
French,shade; spirit,Ngambay,ndíl :
French,shade; spirit,Sar,ndí¥
French,shade; spirit,Ngam,ndíl
French,"shake : out, to",Gulay,bí :
French,"shake : out, to",Kaba_Na,bíï :
French,"shake : out, to",Laka,bï•
French,"shake : out, to",Mbay,bíï
French,shake : to,Bebote,yék¸ :
French,shake : to,Daba,yék
French,shake : to,Gor,s‡kæ :
French,shake : to,Gulay,yéy :
French,shake : to,Kaba,yék¸
French,shake : to,Laka,yé :
French,shake : to,Mbay,"yéë, yék¸"
French,shake : to,Mango,yék¸ :
French,shake : to,Nar,s‡kæ :
French,shake : to,Ngambay,yég¸ :
French,shake : to,Sar,yéë
French,shake : to,Ngam,yéë
French,sharp : to be,Bebote,àtÕ :
French,sharp : to be,Bediondo,àtÕ :
French,sharp : to be,Daba,àt
French,sharp : to be,Gor,àtÕ :
French,sharp : to be,Gulay,àtÕ :
French,sharp : to be,Kaba,àtÕ
French,sharp : to be,Laka,àd¸ :
French,sharp : to be,Mbay,àtÕ :
French,sharp : to be,Mango,àtÕ
French,sharp : to be,Nar,àtÕ :
French,sharp : to be,Ngambay,àdÕ
French,sharp : to be,Sar,àtÕ
French,sharp : to be,Ngam,àtÕ :
French,sharpen : to,Bebote,îl :
French,sharpen : to,Bediondo,îl :
French,sharpen : to,Daba,tôl
French,sharpen : to,Gor,îl :
French,sharpen : to,Gulay,îl :
French,sharpen : to,Kaba_Na,îlë
French,sharpen : to,Kaba,îl :
French,sharpen : to,Laka,îl :
French,sharpen : to,Mbay,îl
French,sharpen : to,Mango,îl :
French,sharpen : to,Nar,îl :
French,sharpen : to,Ngambay,îl
French,sharpen : to,Sar,îl
French,shave : to,Bebote,ngÕsæ :
French,shave : to,Bediondo,ngÕsæ
French,shave : to,Gor,ngÕsæ :
French,shave : to,Gulay,ndìsæ
French,shave : to,Kaba,ngìsä :
French,shave : to,Laka,gìsä
French,shave : to,Mbay,ngìs¸ :
French,shave : to,Mango,ndìsæ
French,shave : to,Ngambay,ndìsä
French,shave : to,Sar,ngÕsä
French,shave : to,Ngam,dÕsä :
French,ó sheath,Gulay,ngÆæ :
French,ó sheath,Laka,ßám
French,ó sheath,Mbay,ngèë :
French,ó sheath,Mango,ngôy
French,sheathe,Kaba_Na,hôkû :
French,sheathe,Laka,ßôl
French,sheathe,Mbay,häw :
French,sheathe,Mango,ngÆæ
French,sheathe,Nar,hûpû :
French,sheathe,Ngambay,sûl :
French,sheathe,Sar,hûp¸
French,sheep,Bebote,bàt¸ :
French,sheep,Bediondo,bàt¸
French,sheep,Daba,bàt :
French,sheep,Gor,bàt¸ :
French,sheep,Gulay,bàt¸
French,sheep,Kaba,bàt¸ : Kul=bàtä
French,sheep,Laka,bàd¸m :
French,sheep,Mbay,bàt¸ :
French,sheep,Mango,bàt¸
French,sheep,Nar,bàt¸ :
French,sheep,Ngambay,bàd¸ :
French,sheep,Sar,bàt¸
French,sheep,Ngam,bàt¸
French,shelter : field,Laka,kÉy-lò :
French,shelter : field,Mbay,kîl
French,shelter : field,Mango,kÉy-lò :
French,shelter : field,Ngambay,kÉy-lèb
French,shell,Bebote,ngôy :
French,shell,Bediondo,ngôy
French,shell,Daba,ngô :
French,shell,Gor,ngôy :
French,shell,Gulay,ngô
French,shell,Kaba,ngô :
French,shell,Laka,ngôy :
French,shell,Mbay,ngôô
French,shell,Nar,ngô :
French,shell,Ngambay,ngôy :
French,shell,Sar,ngôî
French,shell,Ngam,ngôhô
French,shield s,Bediondo,dÆ :
French,shield s,Gulay,dÆr :
French,shield s,Kaba_Na,kútà
French,shield s,Laka,dÆr :
French,shield s,Mbay,dèr :
French,shield s,Nar,dèr
French,shield s,Ngambay,dÆr
French,shin,Bebote,käs¸ :
French,shin,Bediondo,käs¸
French,shin,Daba,käs :
French,shin,Gor,käs¸-njà s
French,shin,Gulay,käs¸ :
French,shin,Kaba_Na,ßîlû
French,shin,Kaba,nÅ-gîl :
French,shin,Laka,pörö-käs¸
French,shin,Mbay,käs¸ :
French,shin,Mango,kæm-njà s
French,shin,Nar,käs¸ :
French,shin,Ngambay,käg¸-gîl :
French,shin,Sar,käs¸
French,shin,Ngam,käs¸
French,shine : to s,Bebote,ndçy :
French,shine : to s,Bediondo,ndólë
French,shine : to s,Daba,njílö :
French,shine : to s,Gor,ndólö
French,shine : to s,Gulay,ndçy :
French,shine : to s,Laka,ndögó
French,shine : to s,Mbay,ndúlö :
French,shine : to s,Mango,ndçy
French,shine : to s,Nar,ndélë :
French,shine : to s,Ngambay,ndólë s
French,shine : to s,Sar,nd‡lë
French,shoes,Bebote,sä :
French,shoes,Bediondo,sä :
French,shoes,Daba,pörö
French,shoes,Gor,sä :
French,shoes,Gulay,sä :
French,shoes,Kaba_Na,säkä
French,shoes,Kaba,sä :
French,shoes,Laka,sàbîgî :
French,shoes,Mbay,säa
French,shoes,Mango,säbä :
French,shoes,Nar,sä :
French,shoes,Ngambay,màrkóbÕ :
French,shoes,Sar,sä
French,shoes,Ngam,tärä
French,"shoot : out, to s",Bediondo,tál :
French,"shoot : out, to s",Gulay,tál :
French,"shoot : out, to s",Laka,tál
French,"shoot : out, to s",Mbay,tá£ :
French,"shoot : out, to s",Mango,tál
French,short : to be,Bebote,gîjÕ :
French,short : to be,Bediondo,gîjÕ
French,short : to be,Daba,gîj :
French,short : to be,Gor,gîjÕ :
French,short : to be,Gulay,gîjÕ
French,short : to be,Kaba_Na,ründü :
French,short : to be,Kaba,gîjÕ s
French,short : to be,Laka,"gîjì,"
French,short : to be,Mbay,gîjÕ :
French,short : to be,Mango,gîjÕ
French,short : to be,Nar,gïnd¸ :
French,short : to be,Ngambay,gîjì :
French,short : to be,Sar,gïnd¸
French,short : to be,Ngam,gîjÕ
French,shoulder,Bebote,däm :
French,shoulder,Bediondo,bäg¸ s
French,shoulder,Daba,dî-bäg :
French,shoulder,Gor,däm
French,shoulder,Gulay,bäg¸ :
French,shoulder,Kaba_Na,dägï
French,shoulder,Kaba,bäk¸ : Kul=bägü
French,shoulder,Laka,dî-bäg¸ :
French,shoulder,Mbay,bûg¸
French,shoulder,Mango,bäg¸ :
French,shoulder,Nar,bäg¸
French,shoulder,Ngambay,bäg¸
French,shoulder,Sar,bûg¸
French,shoulder,Ngam,bûg¸ :
French,"out, cry out : to",Bebote,nç :
French,"out, cry out : to",Daba,nç :
French,"out, cry out : to",Gor,nç
French,"out, cry out : to",Gulay,nç :
French,"out, cry out : to",Kaba_Na,tíï :
French,"out, cry out : to",Kaba,kï
French,"out, cry out : to",Laka,nç :
French,"out, cry out : to",Mbay,köo :
French,"out, cry out : to",Mango,"‡-küý,"
French,"out, cry out : to",Nar,nç :
French,"out, cry out : to",Ngambay,nç
French,"out, cry out : to",Sar,n¦
French,ow : to,Bediondo,tûj¸ :
French,ow : to,Daba,tûj
French,ow : to,Mbay,tûj¸
French,rink,Gulay,ùmð :
French,rink,Mbay,sünjür
French,rink,Ngambay,ndü©
French,rivel up : to,Bediondo,ndòlë :
French,rivel up : to,Daba,ndùlë
French,rivel up : to,Gulay,ndòlë :
French,rivel up : to,Laka,ndòlë
French,rivel up : to,Mbay,ndùlö :
French,rivel up : to,Mango,ndòlë
French,rivel up : to,Ngambay,ndòlë :
French,rivel up : to,Sar,ndÕlë
French,bling,Bebote,ngö-kÇ :
French,bling,Bediondo,ngö-kÇ
French,bling,Daba,nònd :
French,bling,Gor,ngö-kÇ
French,bling,Gulay,ngö-kÇ :
French,bling,Kaba,ngö-kÇ
French,bling,Laka,ngö-kÇ :
French,bling,Mbay,ngön-kÇ¢
French,bling,Mango,ngö-kÇ :
French,bling,Nar,ngæ-kÇ
French,bling,Ngambay,ngö-kÇ
French,bling,Sar,ngö-kÇ
French,bling,Ngam,ngö-kÇ :
French,ckle,Bebote,ngîrîng :
French,ckle,Bediondo,ngòròngÕ
French,ckle,Gor,ngòrò :
French,ckle,Gulay,ngîrîng
French,ckle,Laka,‡-már‡m :
French,ckle,Mbay,ngòròng
French,ckle,Mango,ngîrîng :
French,ckle,Nar,ngòròng
French,ckle,Ngambay,már¸m :
French,ckle,Sar,ngîrîng
French,ckness,Bebote,mÅy :
French,ckness,Bediondo,mÅy :
French,ckness,Daba,mÅy
French,ckness,Gor,mÅy :
French,ckness,Gulay,mÅy :
French,ckness,Kaba,rû-tö
French,ckness,Laka,rû-tö :
French,ckness,Mbay,mÅy :
French,ckness,Mango,mÅy
French,ckness,Nar,mÅy :
French,ckness,Ngambay,mÐy
French,ckness,Sar,mÅy
French,ckness,Ngam,mÅy :
French,de,Bebote,kàdÕ :
French,de,Daba,bò
French,de,Gor,kàdÕ :
French,de,Gulay,kàdÕ
French,de,Kaba,bà-kàr : Kul=häjö
French,de,Laka,kàr :
French,de,Mbay,kàdÕ :
French,de,Mango,kàdÕ
French,de,Nar,kàdÕ :
French,de,Ngambay,kàr :
French,de,Sar,kàdÕ
French,de,Ngam,kàdÕ
French,sift (flour) : to,Gulay,sïyæ :
French,sift (flour) : to,Kaba_Na,góngö
French,sift (flour) : to,Laka,dàl :
French,sift (flour) : to,Mbay,s¸kä :
French,sift (flour) : to,Nar,sïyæ
French,sift (flour) : to,Ngambay,sä
French,sift (flour) : to,Mbay,sïyä :
French,sift (flour) : to,Mango,sïyæ
French,sift (flour) : to,Sar,sïyä
French,sifter,Bebote,tŸmþ :
French,sifter,Bediondo,tÐmþ
French,sifter,Gulay,tèmë :
French,sifter,Kaba_Na,tèmë :
French,sifter,Laka,t¼m
French,sifter,Mbay,"tèmë,tŸmþ :"
French,sifter,Mango,tèmë
French,sifter,Nar,tŸmþ :
French,sifter,Ngambay,tèmë
French,sifter,Sar,tèmë
French,sister-in-law,Bebote,wár :
French,sister-in-law,Bediondo,wár :
French,sister-in-law,Daba,wá÷
French,sister-in-law,Gor,wár :
French,sister-in-law,Gulay,wár :
French,sister-in-law,Kaba,wár
French,sister-in-law,Laka,ngö-wár :
French,sister-in-law,Mbay,hôr :
French,sister-in-law,Mango,wá
French,sister-in-law,Nar,wár :
French,sister-in-law,Ngambay,wár
French,sister-in-law,Sar,hô±
French,sister-in-law,Ngam,hôr :
French,sit : to,Bebote,sÕ :
French,sit : to,Bediondo,ÕsÕ :
French,sit : to,Daba,ìnjì
French,sit : to,Gor,sÕ :
French,sit : to,Gulay,ndì :
French,sit : to,Kaba_Na,ìnjï
French,sit : to,Kaba,ìsì :
French,sit : to,Laka,ìsì :
French,sit : to,Mbay,ndì
French,sit : to,Mango,ìsÕ :
French,sit : to,Nar,ndì :
French,sit : to,Ngambay,ìsì :
French,sit : to,Sar,ndì
French,sit : to,Ngam,ndÕ
French,six,Bebote,mŸhÏ :
French,six,Bediondo,mŸhÏ
French,six,Daba,m¡hª :
French,six,Gor,mŸhÏ
French,six,Gulay,mùtÉ-mùtÉ :
French,six,Kaba_Na,màká
French,six,Kaba,m¡sª : Kul=tíkïrä
French,six,Laka,m¡sª :
French,six,Mbay,k‡-bòy-dèt‡
French,six,Mango,mŸhÏ :
French,six,Nar,mŸhÏ
French,six,Ngambay,m¡sª
French,six,Sar,mŸhÏ
French,six,Ngam,mŸhÏ :
French,"skin, hide",Bebote,ndäá :
French,"skin, hide",Bediondo,ndäá
French,"skin, hide",Daba,ndä© :
French,"skin, hide",Gor,ndä© :
French,"skin, hide",Gulay,ndä
French,"skin, hide",Kaba_Na,ndäá :
French,"skin, hide",Kaba,ndä©
French,"skin, hide",Laka,ndä© :
French,"skin, hide",Mbay,ndä© :
French,"skin, hide",Mango,ndäá
French,"skin, hide",Nar,ndä© :
French,"skin, hide",Ngambay,ndä© :
French,"skin, hide",Sar,ndä©
French,"skin, hide",Ngam,ndä©
French,skunk,Bediondo,‡-s¸nd‡ :
French,skunk,Kaba_Na,këndí
French,skunk,Mbay,këndí :
French,skunk,Nar,kïnd‡
French,skunk,Ngambay,kïndí
French,sky,Bebote,dà-rä :
French,sky,Bediondo,dî-rº
French,sky,Daba,dîrä :
French,sky,Gor,dî-rº
French,sky,Gulay,dà-rº :
French,sky,Kaba_Na,nî-yä
French,sky,Kaba,dà-rä :
French,sky,Laka,dàrä
French,sky,Mbay,dà-rº½ :
French,sky,Mango,dî-rº
French,sky,Nar,dÆ-rº :
French,sky,Ngambay,dàrä :
French,sky,Sar,dî-Èº
French,sky,Ngam,dîÈº
French,slave,Bebote,ßÆ® :
French,slave,Bediondo,"ßòlè,ßÆæ"
French,slave,Daba,ßè® :
French,slave,Gor,ßÆ® :
French,slave,Gulay,ßÆ®
French,slave,Kaba_Na,ßàÿ :
French,slave,Kaba,ßÆ® :
French,slave,Laka,ßÆræ
French,slave,Mbay,ßè® :
French,slave,Mango,ßÆæ :
French,slave,Nar,ßùlò
French,slave,Ngambay,ßÆ® :
French,slave,Sar,ßùlò
French,slave,Ngam,ßÕlò :
French,sleep : to,Bebote,ßï :
French,sleep : to,Bediondo,ßï :
French,sleep : to,Daba,ndùlë
French,sleep : to,Gor,ßï :
French,sleep : to,Gulay,ßï :
French,sleep : to,Kaba_Na,ßï
French,sleep : to,Kaba,ßï :
French,sleep : to,Laka,ßï :
French,sleep : to,Mbay,ßïi
French,sleep : to,Mango,ßï :
French,sleep : to,Nar,ßï :
French,sleep : to,Ngambay,ßï :
French,sleep : to,Sar,ßï
French,sleep : to,Ngam,ßï
French,"slight, thin : to be",Bebote,mbàtÕ :
French,"slight, thin : to be",Bediondo,mbàtÕ
French,"slight, thin : to be",Daba,mbàt :
French,"slight, thin : to be",Gor,mbàtÕ
French,"slight, thin : to be",Gulay,mbàtÕ :
French,"slight, thin : to be",Laka,mbàdÕ
French,"slight, thin : to be",Mbay,mbàtÕ :
French,"slight, thin : to be",Mango,mbàtÕ
French,"slight, thin : to be",Ngambay,mbàdÕ
French,"slight, thin : to be",Ngam,mbàtÕ :
French,slowly,Bebote,kékèkè :
French,slowly,Bediondo,jèkè
French,slowly,Gor,màjä :
French,slowly,Gulay,jèkè :
French,slowly,Kaba_Na,hî
French,slowly,Kaba,rékéké :
French,slowly,Laka,÷égégé
French,slowly,Mbay,jén :
French,slowly,Mango,ján-ján
French,slowly,Nar,lòmmm :
French,slowly,Ngambay,÷ègègè :
French,slowly,Sar,jÕkè
French,slowly,Ngam,jìkè
French,small : to be,Bebote,düú :
French,small : to be,Bediondo,düú :
French,small : to be,Daba,jô
French,small : to be,Gor,ndÏ :
French,small : to be,Gulay,"düú, ndÏy"
French,small : to be,Kaba_Na,ßó :
French,small : to be,Laka,"n¼, njÏ"
French,small : to be,Mbay,düú :
French,small : to be,Nar,düú
French,small : to be,Ngambay,"düú, lám"
French,small : to be,Sar,düú
French,small : to be,Ngam,ßÇhÇ :
French,smell : to,Bebote,ÆtÕ :
French,smell : to,Bediondo,ÆtÕ :
French,smell : to,Daba,òt
French,smell : to,Gor,ÆtÕ :
French,smell : to,Gulay,ÆtÕ :
French,smell : to,Kaba_Na,àtù
French,smell : to,Kaba,ÆtÕ :
French,smell : to,Laka,ÆndÕ :
French,smell : to,Mbay,òtÕ
French,smell : to,Mango,ÆtÕ :
French,smell : to,Nar,òtÕ :
French,smell : to,Ngambay,ÆndÕ :
French,smell : to,Sar,òtÕ
French,smell : to,Ngam,òtÕ
French,smoke s,Bebote,sà :
French,smoke s,Bediondo,sà :
French,smoke s,Daba,sà
French,smoke s,Gor,sà :
French,smoke s,Gulay,sà :
French,smoke s,Kaba_Na,tühü
French,smoke s,Kaba,sà :
French,smoke s,Laka,sà :
French,smoke s,Mbay,sàa s
French,smoke s,Mango,sà :
French,smoke s,Nar,sà :
French,smoke s,Ngambay,sà :
French,smoke s,Sar,sà
French,smoke s,Ngam,sàhà
French,smoke : to,Bebote,sü :
French,smoke : to,Bediondo,sü :
French,smoke : to,Daba,sü
French,smoke : to,Gor,sü :
French,smoke : to,Gulay,sü :
French,smoke : to,Kaba,tü
French,smoke : to,Laka,tü :
French,smoke : to,Mbay,süu :
French,smoke : to,Mango,sü
French,smoke : to,Nar,sü :
French,smoke : to,Ngambay,"sü,tü s"
French,smoke : to,Sar,sü
French,smoke : to,Ngam,tü :
French,snail,Bebote,‡-lápàpà :
French,snail,Bediondo,",làbÕ"
French,snail,Gor,lápàpà
French,snail,Gulay,ká-làbàbà :
French,snail,Kaba_Na,…àßà
French,snail,Kaba,kîjî :
French,snail,Laka,‡-làbà s
French,snail,Mbay,làpÕ :
French,snail,Mango,‡-làbàbà
French,snail,Ngambay,làbà :
French,snail,Sar,söÈö
French,snake,Bebote,lï :
French,snake,Bediondo,lï :
French,snake,Daba,lï
French,snake,Gor,lï :
French,snake,Gulay,lï :
French,snake,Kaba_Na,lï
French,snake,Kaba,lï : Kul=yö :
French,snake,Laka,lï
French,snake,Mbay,lïi :
French,snake,Mango,lï :
French,snake,Nar,lï s
French,snake,Ngambay,lï :
French,snake,Sar,lï
French,snake,Ngam,lï :
French,snake : type of,Laka,ndùbù :
French,snake : type of,Mbay,ndùbÕ
French,snake : type of,Mango,ndùbÕ :
French,snake : type of,Ngambay,ndùbù :
French,snake : type of,Sar,ndùbÕ
French,snake : type of,Ngam,ndùbÕ
French,"snatch, struggle with: to",Bebote,näg‡ :
French,"snatch, struggle with: to",Bediondo,näg‡ s
French,"snatch, struggle with: to",Laka,när :
French,"snatch, struggle with: to",Mbay,när :
French,"snatch, struggle with: to",Mango,nàr
French,"snatch, struggle with: to",Ngambay,när
French,sneeze,Bebote,átÕsÉ :
French,sneeze,Bediondo,‡-tÕsÉ
French,sneeze,Daba,kí-dìsó :
French,sneeze,Gor,d‡sæ
French,sneeze,Gulay,á-tìsÉ :
French,sneeze,Laka,‡-Žìsó
French,sneeze,Mbay,k‡-dìsé :
French,sneeze,Mango,át‡sæ s
French,sneeze,Ngambay,áytìsó :
French,sneeze,Sar,átÕsö
French,soak : to,Bebote,yûlû :
French,soak : to,Bediondo,y¸l s
French,soak : to,Gulay,ùlÆ :
French,soak : to,Kaba,yöm :
French,soak : to,Laka,yïl
French,soak : to,Mbay,yïl :
French,soak : to,Mango,yïl :
French,soak : to,Nar,nöm
French,soak : to,Ngambay,kÆñ :
French,soak : to,Sar,nüm
French,sob s,Mbay,"síï,sík¸,sƒ¬ :"
French,sob s,Mango,sík¸
French,sob s,Sar,sík¸
French,litariness,Bediondo,kàl :
French,litariness,Kaba_Na,nè-kàlà
French,litariness,Mbay,kàl :
French,litariness,Nar,kàl
French,"n, daughter",Bebote,ngön :
French,"n, daughter",Bediondo,ngön
French,"n, daughter",Gor,ngön :
French,"n, daughter",Gulay,ngön
French,"n, daughter",Kaba,ngön :
French,"n, daughter",Laka,ngön
French,"n, daughter",Mbay,ngön :
French,"n, daughter",Mango,ngön
French,"n, daughter",Nar,ngön :
French,"n, daughter",Ngambay,ngön :
French,"n, daughter",Sar,ngön
French,"n, daughter",Ngam,ngön
French,ng,Bebote,pä :
French,ng,Bediondo,pä :
French,ng,Daba,pä
French,ng,Gor,pä :
French,ng,Gulay,pä :
French,ng,Kaba_Na,lä
French,ng,Kaba,pä :
French,ng,Laka,pä :
French,ng,Mbay,päa
French,ng,Mango,pä :
French,ng,Nar,pä :
French,ng,Ngambay,pä :
French,ng,Sar,pä
French,ng,Ngam,pä
French,rcerer,Bebote,kÕmð :
French,rcerer,Bediondo,kÕmæ
French,rcerer,Daba,mä• :
French,rcerer,Gor,"njÆ-k“mð,kùwð"
French,rcerer,Gulay,kùmð :
French,rcerer,Kaba,kùmä
French,rcerer,Laka,njè-mbþ :
French,rcerer,Mbay,kÕmä
French,rcerer,Mango,njè-yò :
French,rcerer,Nar,kÕmð
French,rcerer,Ngambay,njè-kùmä :
French,rcerer,Sar,kÕmä
French,rghum,Bebote,gîjÕ :
French,rghum,Bediondo,gîjÕ
French,rghum,Gor,gîjÕ :
French,rghum,Gulay,gîjÕ
French,rghum,Kaba_Na,gîjè :
French,rghum,Kaba,mîkôy
French,rghum,Laka,mùgäy :
French,rghum,Mbay,gîjÕ :
French,rghum,Mango,gîjÕ
French,rghum,Nar,gîjÕ :
French,rghum,Ngambay,gîjì
French,rghum,Sar,gîjÕ
French,ur tasting : to be,Bebote,màs¸ :
French,ur tasting : to be,Bediondo,màs¸
French,ur tasting : to be,Daba,màs :
French,ur tasting : to be,Gor,màs¸ :
French,ur tasting : to be,Gulay,màs¸
French,ur tasting : to be,Kaba_Na,kálä :
French,ur tasting : to be,Kaba,màs¸
French,ur tasting : to be,Laka,màs¸ :
French,ur tasting : to be,Mbay,màs¸ :
French,ur tasting : to be,Mango,màs¸
French,ur tasting : to be,Nar,màs¸ :
French,ur tasting : to be,Ngambay,màs¸ :
French,ur tasting : to be,Sar,màs¸
French,ur tasting : to be,Ngam,s‡mä
French,ark : to,Gulay,ndôb‡ :
French,ark : to,Mbay,ndûû
French,ark : to,Mango,ndûb¸ :
French,ark : to,Sar,ndôb¸
French,ear,Bediondo,gàgÕ :
French,ear,Gulay,gàgÕ
French,ear,Laka,nìngà-mbüsü :
French,ear,Mbay,gàgÕ
French,ear,Mango,gàgÕ
French,ear,Bebote,nÕngÆ :
French,ear,Bediondo,nÕngÆ
French,ear,Daba,nìngà :
French,ear,Gor,nÕngÆ
French,English –,Gulay,nìngÆ :
French,English –,Kaba_Na,nìngà
French,English –,Kaba,nìngà :
French,English –,Laka,nìngà
French,English –,Mbay,nìngà :
French,English –,Mango,nìngÆ
French,English –,Nar,nÕngÆ :
French,English –,Ngambay,nìngà :
French,English –,Sar,nÕngà
French,English –,Ngam,nÕngà
French,spider,Bebote,küú-ngà-gäng¸rä
French,spider,Bediondo,‡-ngàtÕ-ßë-gànä
French,spider,Gor,kúngä-gªyº
French,spider,Gulay,gúm-dægär :
French,spider,Kaba_Na,kí-bàs
French,spider,Kaba,‡-gämtàgär
French,spider,Laka,‡-gà©màgä :
French,spider,Mbay,súu
French,spider,Mango,gámà-gämä
French,spider,Nar,k‡-ngär‡ngàng
French,spider,Ngambay,gámàgär :
French,spider,Sar,súü
French,spider,Ngam,"sú-k‡-ngön-kù®,sú"
French,"spit, to; saliva, spit",Bebote,tïw :
French,"spit, to; saliva, spit",Bediondo,t¸b¸
French,"spit, to; saliva, spit",Gor,t¸w :
French,"spit, to; saliva, spit",Gulay,tïb¸ :
French,"spit, to; saliva, spit",Kaba_Na,tïß
French,"spit, to; saliva, spit",Mbay,tïw :
French,"spit, to; saliva, spit",Ngambay,tïbï
French,"spit, to; saliva, spit",Sar,tïb¸
French,"split : be, to",Bebote,tº :
French,"split : be, to",Bediondo,tº :
French,"split : be, to",Gor,tº
French,"split : be, to",Gulay,"njàrè, gºyº :"
French,"split : be, to",Laka,rïyä
French,"split : be, to",Mbay,njàr :
French,"split : be, to",Nar,njàr
French,"split : be, to",Ngambay,njàrè :
French,"split : be, to",Sar,njàÈ
French,split : to,Bebote,"kÕsÕ, rüwæ :"
French,split : to,Bediondo,gäj¸
French,split : to,Gor,"rüwæ, kºy :"
French,split : to,Gulay,gºyº
French,split : to,Kaba_Na,wùyà :
French,split : to,Laka,"gäjï, rïbä"
French,split : to,Mbay,gäj¸ :
French,split : to,Mango,gºyº
French,split : to,Nar,gäj¸ :
French,split : to,Ngambay,gäjï
French,split : to,Sar,gäj¸
French,"split, divide, share : to",Bebote,kºy :
French,"split, divide, share : to",Bediondo,kºy :
French,"split, divide, share : to",Daba,käy
French,"split, divide, share : to",Gor,tº :
French,"split, divide, share : to",Gulay,käy :
French,"split, divide, share : to",Kaba_Na,yäy
French,"split, divide, share : to",Laka,käy :
French,"split, divide, share : to",Mbay,käy :
French,"split, divide, share : to",Mango,tº
French,"split, divide, share : to",Nar,kþy :
French,"split, divide, share : to",Ngambay,käy :
French,"split, divide, share : to",Sar,këng
French,"split, tear : to",Bebote,rüwæ :
French,"split, tear : to",Bediondo,r¸yæ
French,"split, tear : to",Gor,rïyæ :
French,"split, tear : to",Gulay,rïbæ
French,"split, tear : to",Kaba,rïbä :
French,"split, tear : to",Laka,rïbä
French,"split, tear : to",Mbay,rïyä :
French,"split, tear : to",Mango,tª :
French,"split, tear : to",Nar,rïyæ
French,"split, tear : to",Ngambay,"rïyä, rïbä :"
French,"split, tear : to",Sar,njáÊ
French,spoon : wooden,Bebote,gÆæ :
French,spoon : wooden,Bediondo,gÆæ
French,spoon : wooden,Daba,ká-gè® :
French,spoon : wooden,Gor,gÆ® :
French,spoon : wooden,Gulay,gÆ
French,Sara Languages,Kaba,gÆ® :
French,Sara Languages,Laka,gÆ® :
French,Sara Languages,Mbay,gè®
French,Sara Languages,Mango,gÆæ :
French,Sara Languages,Nar,gè® :
French,Sara Languages,Ngambay,gÆ® :
French,Sara Languages,Sar,gè®
French,Sara Languages,Ngam,gè®
French,squash : type of,Bebote,rüwæ :
French,squash : type of,Bediondo,r¸bæ
French,squash : type of,Daba,rïbû :
French,squash : type of,Gor,rüwæ :
French,squash : type of,Laka,rïyä
French,squash : type of,Mbay,rüwä :
French,squash : type of,Mango,rïbæ
French,squash : type of,Ngambay,rïyä :
French,squash : type of,Sar,È¸bä
French,squash : type of,Gor,‡-gòwÉr¸
French,squash : type of,Laka,‡-gÆbÉræ :
French,squash : type of,Mbay,gòwú®
French,squash : type of,Mango,gæb‡ræ :
French,squash : type of,Ngambay,gÆbÉræ
French,squeeze,Bebote,òrè :
French,squeeze,Bediondo,òrè
French,squeeze,Gor,mb¸së :
French,squeeze,Laka,òrè :
French,squeeze,Mbay,ìrè
French,squeeze,Nar,"èrè, mbérë :"
French,squeeze,Ngambay,òrè
French,squeeze liquid from : to,Bebote,órë :
French,squeeze liquid from : to,Bediondo,mbórë
French,squeeze liquid from : to,Gulay,mbóré :
French,squeeze liquid from : to,Kaba,mbôrë
French,squeeze liquid from : to,Laka,òrè :
French,squeeze liquid from : to,Mbay,mbúrö
French,squeeze liquid from : to,Mango,"mbórë,òrè :"
French,squeeze liquid from : to,Nar,mbérë
French,squeeze liquid from : to,Ngambay,tÉr
French,squeeze liquid from : to,Sar,mb‡Èë
French,squeeze liquid from : to,Ngam,mb‡rë :
French,squirrel : type of,Bebote,ßûn :
French,squirrel : type of,Bediondo,ßûn
French,squirrel : type of,Gor,ßûn :
French,squirrel : type of,Gulay,ßûn :
French,squirrel : type of,Kaba_Na,ßûnë
French,squirrel : type of,Kaba,ßûn :
French,squirrel : type of,Laka,ßûn :
French,squirrel : type of,Mbay,ßûn
French,squirrel : type of,Mango,ßûn :
French,squirrel : type of,Nar,ßûn :
French,squirrel : type of,Ngambay,ßûn :
French,squirrel : type of,Sar,ßûn
French,squirrel : type of,Ngam,mûy
French,squirrel : type of,Bebote,ndàm :
French,squirrel : type of,Bediondo,ndàm
French,squirrel : type of,Daba,ndàm :
French,squirrel : type of,Gor,ndàm :
French,squirrel : type of,Gulay,ndàm
French,squirrel : type of,Kaba_Na,njîmè :
French,squirrel : type of,Kaba,ndàm
French,squirrel : type of,Laka,ndàm :
French,squirrel : type of,Mbay,ndàm :
French,squirrel : type of,Mango,ndàm
French,squirrel : type of,Nar,ndàm :
French,squirrel : type of,Ngambay,ndàm
French,squirrel : type of,Sar,ndàm
French,stack : to,Bebote,ndú® :
French,stack : to,Bediondo,ndü©
French,stack : to,Gulay,ndúr :
French,stack : to,Laka,ndúr :
French,stack : to,Mbay,ndú£
French,stack : to,Mango,ndú® :
French,stack : to,Nar,t‡ndæ
French,stack : to,Ngambay,ndúrü :
French,stack : to,Sar,ndúÊ
French,stake,Gor,s‡ngÉ :
French,stake,Kaba,sìngä
French,stake,Laka,kìngä :
French,stake,Mbay,kÕngä
French,stake,Nar,ngòng¸rö
French,stalk :,Bebote,kád¸ :
French,stalk :,Bediondo,kád¸
French,stalk :,Daba,kád :
French,stalk :,Gor,kád¸ :
French,stalk :,Gulay,kád‡ s
French,stalk :,Kaba_Na,kádà :
French,stalk :,Kaba,kár¸ :
French,stalk :,Laka,ká®
French,stalk :,Mbay,kád‡ :
French,stalk :,Mango,kád¸
French,stalk :,Nar,kád¸ :
French,stalk :,Ngambay,ká® :
French,stalk :,Sar,kàl
French,stalk :,Ngam,gád‡
French,stalk : to s,Mbay,tôy :
French,stalk : to s,Mango,ngÐy :
French,stalk : to s,Sar,tôØ
French,stand : to,Bebote,à :
French,stand : to,Bediondo,à :
French,stand : to,Daba,÷à
French,stand : to,Gor,÷à :
French,stand : to,Gulay,ndà :
French,stand : to,Kaba,àr
French,stand : to,Laka,àr :
French,stand : to,Mbay,÷à :
French,stand : to,Mango,¼ s
French,stand : to,Nar,÷à :
French,stand : to,Ngambay,àr
French,stand : to,Sar,rà
French,stand : to,Ngam,÷à :
French,star,Bebote,‡-mþ :
French,star,Bediondo,‡-mþÏ
French,star,Daba,kø-mþ :
French,star,Gor,‡-mþy
French,star,Gulay,kçyç :
French,star,Kaba_Na,kí-yòyóndü s
French,star,Kaba,‡-ndètérèndÏ
French,star,Laka,‡-ndŸd‡rŸdÏ :
French,star,Mbay,k‡-mþõ
French,star,Mango,kÉrwþy :
French,star,Nar,kúrmþ
French,star,Ngambay,kÏ±wÏ
French,star,Sar,"tƒyç,kÇyç"
French,star,Ngam,k‡-mþmÏþ :
French,steal s,Bebote,ßògÕ :
French,steal s,Bediondo,ßògÕ
French,steal s,Daba,ßòg :
French,steal s,Gor,ßògÕ :
French,steal s,Gulay,ßògÕ s
French,steal s,Kaba_Na,ßògò :
French,steal s,Kaba,ßòkò
French,steal s,Laka,ßògò :
French,steal s,Mbay,ßògÕ :
French,steal s,Mango,ßògÕ
French,steal s,Nar,ßògÕ :
French,steal s,Ngambay,ßògò :
French,steal s,Sar,ßògÕ
French,steal s,Ngam,"ßògÕ,tèjÕ"
French,steam,Bediondo,künj‡ :
French,steam,Gor,kúnj‡ s
French,steam,Gulay,kündú :
French,steam,Laka,kúndü
French,steam,Mbay,künd‡ :
French,steam,Nar,künd‡
French,steam,Ngambay,kúndü
French,sterile person,Bebote,kùjÕ :
French,sterile person,Bediondo,kùjÕ
French,sterile person,Gor,kùjÕ :
French,sterile person,Gulay,kùjù
French,sterile person,Kaba_Na,kùjì :
French,sterile person,Laka,kàdÕ
French,sterile person,Mbay,kùjÕ :
French,sterile person,Mango,kùjÕ
French,sterile person,Nar,kùjÕ :
French,sterile person,Ngambay,kàdÕ :
French,sterile person,Sar,kùjÕ
French,sterile person,Ngam,kùjÕ s
French,"stick : into, to",Bebote,îsÕ :
French,"stick : into, to",Bediondo,îsÕ :
French,"stick : into, to",Daba,îs
French,"stick : into, to",Gor,îsÕ :
French,"stick : into, to",Gulay,îsÕ :
French,"stick : into, to",Kaba_Na,ùdù
French,"stick : into, to",Kaba,îsÕ :
French,"stick : into, to",Laka,îsÕ :
French,"stick : into, to",Mbay,îsÕ
French,"stick : into, to",Mango,îsÕ :
French,"stick : into, to",Nar,îsÕ :
French,"stick : into, to",Ngambay,îsÕ :
French,"stick : into, to",Sar,îsÕ
French,"stick : into, to",Ngam,wîsÕ
French,ick to : to,Bebote,làÛ :
French,ick to : to,Gor,ànd¸
French,ick to : to,Gulay,làb¸ :
French,ick to : to,Kaba_Na,nàßä :
French,ick to : to,Mbay,làÛ
French,ick to : to,Mango,tƒyð :
French,ick to : to,Nar,läá :
French,ick to : to,Ngambay,làb¸
French,ick to : to,Sar,láä
French,ir : to,Bebote,köré :
French,ir : to,Bediondo,köré
French,ir : to,Gulay,körë :
French,ir : to,Kaba,köró :
French,ir : to,Laka,köró
French,ir : to,Mbay,"kürö,k¸rö :"
French,ir : to,Mango,kùlÆ
French,ir : to,Ngambay,körë
French,ir : to,Bebote,ßügúlü :
French,ir : to,Daba,bùr
French,ir : to,Gor,köró :
French,ir : to,Gulay,kùtürü
French,ir : to,Laka,làngÕ :
French,ir : to,Mbay,pée
French,ir : to,Mango,kùtúrü :
French,ir : to,Ngambay,güdúrü
French,ir : to,Ngam,péë
French,omach,Bebote,mŸ :
French,omach,Bediondo,mŸþ :
French,omach,Daba,kèm
French,omach,Gor,mŸ :
French,omach,Gulay,kèm :
French,omach,Kaba_Na,bùdè
French,omach,Kaba,wùr :
French,omach,Laka,tà-ùr :
French,omach,Mbay,kàm
French,omach,Mango,mŸþ :
French,omach,Nar,kèm :
French,omach,Ngambay,mŸ :
French,omach,Sar,kèm
French,omach,Ngam,kèm
French,one for fortune telling,Mbay,wòr :
French,one for fortune telling,Mango,Æ :
French,one for fortune telling,Sar,wòÈ
French,"one, pebble, mountain",Bebote,Ær :
French,"one, pebble, mountain",Bediondo,mbà£
French,"one, pebble, mountain",Daba,mbà£ :
French,"one, pebble, mountain",Gor,mbà£ :
French,"one, pebble, mountain",Gulay,mbà£
French,"one, pebble, mountain",Kaba,Ær :
French,"one, pebble, mountain",Laka,mbà£ :
French,"one, pebble, mountain",Mbay,mbà£
French,"one, pebble, mountain",Mango,Ær :
French,"one, pebble, mountain",Nar,mbà£ :
French,"one, pebble, mountain",Ngambay,mbà£
French,"one, pebble, mountain",Ngam,kîhîr
French,ool,Bebote,k¸mbær :
French,ool,Bediondo,k¸mbær
French,ool,Daba,"käg-njì,mbätä"
French,ool,Gor,k‡mbÉr :
French,ool,Gulay,kálï
French,ool,Kaba_Na,mbätä :
French,ool,Kaba,mbätä
French,ool,Laka,mbädä :
French,ool,Mbay,mbätä
French,ool,Mango,kálï :
French,ool,Nar,kömbër
French,ool,Ngambay,kálï
French,ool,Sar,kömbëÈé
French,ool,Ngam,këmbëÈë :
French,op : to,Bebote,dî-bü :
French,op : to,Daba,dùbà
French,op : to,Mbay,dÕbà :
French,op : to,Nar,dÕbÆ
French,op : to,Sar,dÕbà
French,op : to,Ngam,dÕbà :
French,"story, tale",Bebote,sú :
French,"story, tale",Bediondo,‡-sú
French,"story, tale",Daba,túdá-yª :
French,"story, tale",Gor,sú :
French,"story, tale",Gulay,sú
French,"story, tale",Kaba_Na,jë :
French,"story, tale",Kaba,sú :
French,"story, tale",Laka,‡-sú
French,"story, tale",Mbay,súu :
French,"story, tale",Mango,tà-sú :
French,"story, tale",Nar,sú
French,"story, tale",Ngambay,sú :
French,"story, tale",Sar,súü
French,straight,Bediondo,d‡¥ :
French,straight,Gor,njÉrÉng
French,straight,Laka,ndÉjï :
French,straight,Mbay,÷íng¸
French,straight,Nar,súmü :
French,straight,Ngambay,sùr
French,straighten,Gulay,ndáj‡ :
French,straighten,Mbay,ndáj¸
French,straighten,Mango,ndáj¸ :
French,straighten,Sar,ndáj¸
French,straighten : to,Bebote,ndáj¸ :
French,straighten : to,Bediondo,ndáj¸
French,straighten : to,Laka,"ndÉjï,ndújï :"
French,straighten : to,Mbay,mbáj¸
French,straighten : to,Ngambay,nà®
French,straw (for torch),Bebote,ngÆ£ :
French,straw (for torch),Bediondo,ngÆ£
French,straw (for torch),Gor,ngÆ£ :
French,straw (for torch),Gulay,tùsù
French,straw (for torch),Kaba_Na,mbòhö :
French,straw (for torch),Kaba,ngÆ£
French,straw (for torch),Laka,ngÆ£ :
French,straw (for torch),Mbay,ngè£ :
French,straw (for torch),Mango,ngÆ£
French,straw (for torch),Nar,ngè£ :
French,straw (for torch),Ngambay,ngè£ :
French,straw (for torch),Sar,ngè£
French,straw (for torch),Ngam,ngè£
French,strength,Bebote,tôg¸ :
French,strength,Bediondo,tôg¸
French,strength,Daba,tôg :
French,strength,Gor,tôg¸ :
French,strength,Gulay,tôg‡
French,strength,Kaba_Na,kàngä :
French,strength,Kaba,tôk¸
French,strength,Laka,"tôg¸, kïngä"
French,strength,Mbay,tôg‡ :
French,strength,Mango,tôg¸
French,strength,Nar,tôg¸ :
French,strength,Ngambay,tôg¸ :
French,strength,Sar,tôgÕ
French,strength,Ngam,tôg‡
French,string : to,Bebote,sü :
French,string : to,Bediondo,sü :
French,string : to,Gulay,sür
French,string : to,Kaba_Na,sï :
French,string : to,Laka,nìm :
French,string : to,Mbay,sür
French,string : to,Mango,sü :
French,string : to,Ngambay,nì« :
French,string : to,Sar,süÈ
French,stripes,Gulay,ßál :
French,stripes,Kaba,‡-ndäjí
French,stripes,Laka,ßál :
French,stripes,Mbay,ßál :
French,stripes,Mango,ßál
French,stripes,Nar,ßál
French,strong : to be,Bebote,òlè :
French,strong : to be,Bediondo,òlè :
French,strong : to be,Daba,òng
French,strong : to be,Gor,ÆngÕ :
French,strong : to be,Gulay,"Æng, àt¸"
French,strong : to be,Kaba,m¡¬ :
French,strong : to be,Laka,m¡¬ :
French,strong : to be,Mbay,òng
French,strong : to be,Mango,ÆngÕ :
French,strong : to be,Nar,ngàñg
French,strong : to be,Ngambay,òlè :
French,strong : to be,Sar,òng
French,strong : to be,Ngam,wòng :
French,structure for drying grain,Bebote,pálä :
French,structure for drying grain,Bediondo,jàngÕlà
French,structure for drying grain,Daba,dàb :
French,structure for drying grain,Gor,pà£ :
French,structure for drying grain,Gulay,dàbÕ
French,structure for drying grain,Kaba_Na,dàbà :
French,structure for drying grain,Kaba,pál
French,structure for drying grain,Laka,dî-pál
French,structure for drying grain,Mbay,dàw :
French,structure for drying grain,Mango,dàbÕ
French,structure for drying grain,Nar,dàbÕ :
French,structure for drying grain,Ngambay,bárò
French,structure for drying grain,Sar,dàbÕ
French,"study, learn, read : to",Bebote,ndó :
French,"study, learn, read : to",Bediondo,ndó
French,"study, learn, read : to",Daba,ndóö :
French,"study, learn, read : to",Gor,ndó :
French,"study, learn, read : to",Gulay,ndó
French,"study, learn, read : to",Kaba_Na,ndóò :
French,"study, learn, read : to",Kaba,ndó :
French,"study, learn, read : to",Laka,ndó
French,"study, learn, read : to",Mbay,ndóö :
French,"study, learn, read : to",Mango,ndó :
French,"study, learn, read : to",Nar,ndó
French,"study, learn, read : to",Ngambay,ndó :
French,"study, learn, read : to",Sar,ndóö
French,"study, learn, read : to",Ngam,ndóö :
French,stump,Bebote,jïg¸ :
French,stump,Bediondo,j¸g¸
French,stump,Daba,jïg :
French,stump,Gor,jïg¸ :
French,stump,Gulay,jïg¸
French,stump,Kaba_Na,gïgï :
French,stump,Kaba,jïk¸
French,stump,Laka,jïgï :
French,stump,Mbay,gïg¸ :
French,stump,Mango,jïg¸
French,stump,Nar,bëdë :
French,stump,Ngambay,jïgï :
French,stump,Sar,b¸dë
French,stump,Ngam,b¸dë
French,stutter,Bebote,nÆdÕ :
French,stutter,Bediondo,täd¸
French,stutter,Gulay,gäg‡r :
French,stutter,Kaba_Na,núgü
French,stutter,Kaba,tÆndÕ :
French,stutter,Mbay,ßäd¸
French,stutter,Nar,tád¸ :
French,stutter,Ngambay,tÆndÕ
French,stutter,Sar,täd¸
French,"sty, growth next to eye",Bediondo,ngàw :
French,"sty, growth next to eye",Gulay,ngàw
French,"sty, growth next to eye",Laka,ngàw :
French,"sty, growth next to eye",Mbay,ngàw :
French,"sty, growth next to eye",Ngambay,ngàw
French,suck : to,Bebote,ìl :
French,suck : to,Bediondo,Õl :
French,suck : to,Daba,ìl
French,suck : to,Gor,ìl :
French,suck : to,Gulay,ìl :
French,suck : to,Kaba,ìl
French,suck : to,Laka,ìl :
French,suck : to,Mbay,ìl :
French,suck : to,Mango,ìl
French,suck : to,Nar,ìl :
French,suck : to,Ngambay,ìl
French,suck : to,Sar,ìl
French,suck : to,Ngam,yìl :
French,suck : to,Bebote,nïng‡ :
French,suck : to,Bediondo,n¸ng‡
French,suck : to,Daba,nëÑg :
French,suck : to,Gor,nïng‡
French,suck : to,Mbay,nïÑg :
French,suck : to,Mango,nïÑg
French,suck : to,Nar,lëÑg :
French,suck : to,Ngam,Å
French,"suck, kiss : to",Bediondo,nj‡b¸ :
French,"suck, kiss : to",Daba,njíb
French,"suck, kiss : to",Gor,njü :
French,"suck, kiss : to",Gulay,njíb‡
French,"suck, kiss : to",Kaba_Na,njóßü :
French,"suck, kiss : to",Laka,njíßï
French,"suck, kiss : to",Mbay,njúü :
French,"suck, kiss : to",Mango,njíb¸
French,"suck, kiss : to",Nar,njíb¸ :
French,"suck, kiss : to",Ngambay,njíbï :
French,"suck, kiss : to",Sar,njíb¸
French,"suck, kiss : to",Ngam,njúß¸ s
French,sugar cane,Bebote,kád¸ :
French,sugar cane,Bediondo,rÆgë
French,sugar cane,Daba,kôsí :
French,sugar cane,Gor,kád¸ :
French,sugar cane,Gulay,kád‡
French,sugar cane,Kaba_Na,käkö :
French,sugar cane,Kaba,‡-sƒyº
French,sugar cane,Laka,‡-sƒyº :
French,sugar cane,Mbay,kád‡
French,sugar cane,Mango,kád¸ :
French,sugar cane,Nar,kád¸ s
French,sugar cane,Ngambay,règë
French,sugar cane,Sar,kádÕ
French,sugar cane,Ngam,gád‡ :
French,sun,Bebote,kàdÕ :
French,sun,Bediondo,kàdÕ
French,sun,Daba,kàd :
French,sun,Gor,kàdÕ :
French,sun,Gulay,kàdÕ
French,sun,Kaba,kàr : Kul=hàjà :
French,sun,Laka,kàr
French,sun,Mbay,kàdÕ :
French,sun,Mango,kàdÕ
French,sun,Nar,mbàng :
French,sun,Ngambay,kàr :
French,sun,Sar,mbàng
French,sun,Ngam,kàdÕ s
French,support : to,Mbay,gët¸ :
French,support : to,Mango,gæt¸
French,support : to,Sar,gët¸
French,surpass : to,Bebote,tîÿ :
French,surpass : to,Bediondo,Õtæ :
French,surpass : to,Daba,tîÿ s
French,surpass : to,Gor,tîÿ :
French,surpass : to,Gulay,dù« :
French,surpass : to,Kaba_Na,sàÛ
French,surpass : to,Kaba,ùtä :
French,surpass : to,Laka,dù«
French,surpass : to,Mbay,"dù«,tîÿ :"
French,surpass : to,Mango,tîÿ
French,surpass : to,Nar,"tîÿ,dù« :"
French,surpass : to,Ngambay,tîÿ :
French,surpass : to,Sar,tîÿ
French,surpass : to,Ngam,tîÿ
French,swallow : to s,Bebote,tú :
French,swallow : to s,Bediondo,tú :
French,swallow : to s,Daba,ùr
French,swallow : to s,Gor,tü© :
French,swallow : to s,Gulay,ùr :
French,swallow : to s,Kaba_Na,òlì
French,swallow : to s,Kaba,ùrù :
French,swallow : to s,Mbay,ùr :
French,swallow : to s,Mango,ù
French,swallow : to s,Nar,ùr :
French,swallow : to s,Ngambay,ùrù
French,swallow : to s,Sar,túÊ
French,swallow : to s,Ngam,wùÈ :
French,sweat; to sweat t,Bebote,tÆt¸ :
French,sweat; to sweat t,Bediondo,tÆt¸
French,sweat; to sweat t,Daba,tòt :
French,sweat; to sweat t,Gor,tùt¸ :
French,sweat; to sweat t,Gulay,tÆt¸
French,sweat; to sweat t,Kaba,tÆt¸ :
French,sweat; to sweat t,Laka,tÆdæ
French,sweat; to sweat t,Mbay,tùtö :
French,sweat; to sweat t,Mango,tÆt¸
French,sweat; to sweat t,Nar,tètë :
French,sweat; to sweat t,Ngambay,tÆd¸ :
French,sweat; to sweat t,Sar,tòtö
French,sweat; to sweat t,Ngam,tÕtö
French,sweep : to,Bebote,ÕtÆ :
French,sweep : to,Bediondo,ÕtÆ :
French,sweep : to,Daba,ùtà t
French,sweep : to,Gor,ùtÆ :
French,sweep : to,Gulay,ùtÆ :
French,sweep : to,Kaba_Na,dúü
French,sweep : to,Kaba,ùtà :
French,sweep : to,Laka,ùndà :
French,sweep : to,Mbay,tà
French,sweep : to,Mango,ìtÆ :
French,sweep : to,Ngambay,ùwà :
French,sweep : to,Sar,ìtà
French,eet : to be,Bebote,mbº :
French,eet : to be,Bediondo,lÉnd¸
French,eet : to be,Daba,rëp :
French,eet : to be,Gor,mbàñ :
French,eet : to be,Gulay,línd¸
French,eet : to be,Kaba_Na,ndërë :
French,eet : to be,Kaba,rí :
French,eet : to be,Laka,rïí
French,eet : to be,Mbay,yïk¸ :
French,eet : to be,Mango,línd¸
French,eet : to be,Nar,nè£ :
French,eet : to be,Ngambay,rïí
French,eet : to be,Sar,lúnd¸
French,eet : to be,Ngam,nïk¸ :
French,eet potato,Bebote,bängàw :
French,eet potato,Bediondo,bängàw
French,eet potato,Daba,bängàw :
French,eet potato,Gor,bängàw
French,eet potato,Gulay,bängàw :
French,eet potato,Kaba_Na,bängàw
French,eet potato,Kaba,bängàw :
French,eet potato,Laka,bängàw
French,eet potato,Mbay,bängàw :
French,eet potato,Mango,bûngîw
French,eet potato,Nar,bængà :
French,eet potato,Ngambay,bängàw :
French,eet potato,Sar,bängàw
French,eet potato,Ngam,bángàw
French,eetsop,Bediondo,bîb‡rû-m‡nd¸ :
French,eetsop,Gulay,mbîr
French,eetsop,Kaba,mbî® :
French,eetsop,Laka,mbîrî
French,eetsop,Mbay,mbîr :
French,eetsop,Mango,mbî
French,eetsop,Nar,mbîr :
French,eetsop,Ngambay,mbîrî :
French,eetsop,Sar,mbîÈ
French,eetsop,Ngam,mbîr
French,ell up : to,Bebote,tí :
French,ell up : to,Bediondo,tí :
French,ell up : to,Daba,tíï
French,ell up : to,Gor,tí :
French,ell up : to,Gulay,tí :
French,ell up : to,Kaba,tí
French,ell up : to,Laka,Ží :
French,ell up : to,Mbay,tíï :
French,ell up : to,Mango,tí
French,ell up : to,Nar,sír :
French,ell up : to,Ngambay,tí
French,ell up : to,Sar,tág¸
French,ell up : to,Ngam,tág¸ :
French,im : to,Bebote,àlè :
French,im : to,Bediondo,àlè
French,im : to,Gor,àlà :
French,im : to,Gulay,àlè :
French,im : to,Kaba_Na,àlè
French,im : to,Kaba,àlè :
French,im : to,Laka,àlè :
French,im : to,Mbay,àl
French,im : to,Mango,àlè :
French,im : to,Nar,àlìyà :
French,im : to,Ngambay,àlè :
French,im : to,Sar,àl
French,im : to,Ngam,kàl
French,il,Bebote,ßòngÕ :
French,il,Bediondo,mòngÕ
French,il,Daba,ßòng :
French,il,Gor,ßòngÕ
French,il,Gulay,ßòng :
French,il,Kaba_Na,kïlá
French,il,Kaba,ßòng :
French,il,Laka,ßòngÕ
French,il,Mbay,ßòng :
French,il,Mango,mòng
French,il,Nar,kÕlæ :
French,il,Ngambay,ßòng :
French,il,Sar,k¸lá
French,il,Ngam,ßòng
French,ke : to,Bebote,tàä :
French,ke : to,Bediondo,tàä :
French,ke : to,Daba,tàä
French,ke : to,Gor,tàä :
French,ke : to,Gulay,tàä :
French,ke : to,Kaba_Na,tàkä
French,ke : to,Kaba,tàä :
French,ke : to,Laka,tà :
French,ke : to,Mbay,tàä
French,English –,Mango,tàä :
French,English –,Nar,tàä :
French,English –,Ngambay,tä :
French,English –,Sar,tàä
French,English –,Ngam,tàhä
French,take : to,Bebote,ùn :
French,take : to,Bediondo,ùn :
French,take : to,Daba,ùn
French,take : to,Gor,ùn :
French,take : to,Gulay,ùn :
French,take : to,Kaba,ùn
French,take : to,Laka,ùn :
French,take : to,Mbay,ùn :
French,take : to,Mango,ùn
French,take : to,Nar,ùn :
French,take : to,Ngambay,ùn
French,take : to,Sar,ùn
French,take : to,Ngam,wùn :
French,tamarind tree,Bebote,màs¸ :
French,tamarind tree,Bediondo,màs¸
French,tamarind tree,Daba,màs :
French,tamarind tree,Gor,màs¸ :
French,tamarind tree,Gulay,màs¸
French,tamarind tree,Kaba,màs¸ :
French,tamarind tree,Laka,màs¸
French,tamarind tree,Mbay,màs¸ :
French,tamarind tree,Mango,màs¸
French,tamarind tree,Nar,màs¸ :
French,tamarind tree,Ngambay,màs¸ :
French,tamarind tree,Sar,màs¸
French,tamarind tree,Ngam,màs¸
French,tapioca plant,Bebote,gæ :
French,tapioca plant,Bediondo,gÉ :
French,tapioca plant,Gor,gær
French,tapioca plant,Gulay,gÉr :
French,tapioca plant,Kaba_Na,gáØ :
French,tapioca plant,Laka,gÉr
French,tapioca plant,Mbay,ndër :
French,tapioca plant,Mango,gÉ :
French,tapioca plant,Nar,gër
French,tapioca plant,Sar,gé±
French,taste,Gulay,mbÇrÇ :
French,taste,Mbay,m‡rª
French,taste,Sar,mb‡Èà
French,taste : to,Bebote,nº :
French,taste : to,Bediondo,nº :
French,taste : to,Daba,nº
French,taste : to,Gor,nº :
French,taste : to,Gulay,nº :
French,taste : to,Kaba_Na,ndö
French,taste : to,Kaba,nº :
French,taste : to,Laka,nº :
French,taste : to,Mbay,nº½
French,taste : to,Mango,nº :
French,taste : to,Nar,nº :
French,taste : to,Ngambay,nº :
French,taste : to,Sar,nº
French,taste : to,Ngam,nº
French,taste good to (s.o.) : to,Bebote,nÆ£ :
French,taste good to (s.o.) : to,Bediondo,nÆ£ :
French,taste good to (s.o.) : to,Daba,nè£
French,taste good to (s.o.) : to,Gor,nÆ£ :
French,taste good to (s.o.) : to,Gulay,nÆ£ :
French,taste good to (s.o.) : to,Kaba,nè£
French,taste good to (s.o.) : to,Laka,lÆ£ :
French,taste good to (s.o.) : to,Mbay,nè£
French,taste good to (s.o.) : to,Mango,nÆ£ :
French,taste good to (s.o.) : to,Nar,nè£ :
French,taste good to (s.o.) : to,Ngambay,lè£ :
French,taste good to (s.o.) : to,Sar,nè£
French,taste good to (s.o.) : to,Ngam,nè£
French,tear : to,Bebote,tï© :
French,tear : to,Bediondo,t¸•
French,tear : to,Gor,tï• :
French,tear : to,Gulay,tíl :
French,tear : to,Kaba_Na,tähä
French,tear : to,Kaba,tï© : Kul=ndïlï :
French,tear : to,Laka,Žï
French,tear : to,Mbay,tï• :
French,tear : to,Mango,tï• :
French,tear : to,Nar,tï•
French,tear : to,Ngambay,tï•
French,tear : to,Sar,È¬yº
French,tear : to,Ngam,"tï•,njàr :"
French,teeth,Bebote,ngäng¸ :
French,teeth,Bediondo,ngäng¸
French,teeth,Daba,ngäng :
French,teeth,Gor,ngäng¸
French,teeth,Gulay,gîgÕ :
French,teeth,Kaba_Na,ngängä
French,Sara Languages,Kaba,ngäng :
French,Sara Languages,Laka,ngäng¸
French,Sara Languages,Mbay,ngäng :
French,Sara Languages,Mango,ngäng
French,Sara Languages,Nar,ngäng :
French,Sara Languages,Ngambay,ngäng :
French,Sara Languages,Sar,ngäng
French,Sara Languages,Ngam,ngäng
French,ten,Bebote,dîgÕ :
French,ten,Bediondo,"dîgÕ,kùtÕ"
French,ten,Daba,dîû :
French,ten,Gor,dîg :
French,ten,Gulay,dîgÕ
French,ten,Kaba_Na,dîgî :
French,ten,Kaba,dîkÕ
French,ten,Laka,dîgÕ
French,ten,Mbay,kÕlá :
French,ten,Mango,dîgÕ
French,ten,Nar,kùtÕ :
French,ten,Ngambay,dîgÕ :
French,ten,Sar,kùtÕ
French,ten,Ngam,kùtÕ
French,tendons; gristle,Bebote,ngÕrÆ :
French,tendons; gristle,Bediondo,ngÕrÆ
French,tendons; gristle,Daba,ngìrà :
French,tendons; gristle,Gor,ngÕrÆ
French,tendons; gristle,Gulay,ngìrÆ :
French,tendons; gristle,Kaba,ngìrà
French,tendons; gristle,Mbay,ngÕrà :
French,tendons; gristle,Mango,ngìrÆ
French,tendons; gristle,Nar,ngÕrÆ :
French,tendons; gristle,Ngambay,ngìrà
French,tendons; gristle,Ngam,ngÕÈà
French,tepid : to be,Gulay,îb¸ :
French,tepid : to be,Laka,púrá-pö
French,tepid : to be,Mbay,îû
French,termite : soldier,Gor,dôngÕrî
French,termite : soldier,Laka,‡-dÅngÕrÇÅ
French,termite : soldier,Mbay,kóo-dòngÕr :
French,termite : soldier,Mango,dîngÕrî
French,termite : soldier,Nar,dîngÕrî
French,termite : type of,Bebote,yç :
French,termite : type of,Bediondo,yç :
French,termite : type of,Daba,yç
French,termite : type of,Gor,yç :
French,termite : type of,Gulay,yç :
French,termite : type of,Kaba,yç
French,termite : type of,Laka,yç :
French,termite : type of,Mbay,yç¢ :
French,termite : type of,Mango,sûlûlû
French,termite : type of,Nar,yç :
French,termite : type of,Ngambay,yç
French,termite : type of,Sar,yç
French,termite : type of,Ngam,yç :
French,termite : type of,Bebote,wº :
French,termite : type of,Bediondo,wº :
French,termite : type of,Daba,wº
French,termite : type of,Gor,wº :
French,termite : type of,Gulay,wº
French,termite : type of,Kaba_Na,kí-yèmbé :
French,termite : type of,Kaba,wº
French,termite : type of,Laka,wº :
French,termite : type of,Mbay,wº½ :
French,termite : type of,Mango,wº
French,termite : type of,Nar,wº :
French,termite : type of,Ngambay,wº :
French,termite : type of,Sar,wº
French,testicles,Bebote,ngòr :
French,testicles,Bediondo,gÆm
French,testicles,Daba,gù® :
French,testicles,Gor,ngîr :
French,testicles,Gulay,gùm
French,testicles,Kaba_Na,gà« :
French,testicles,Kaba,gÆm :
French,testicles,Laka,gÆm
French,testicles,Mbay,ndîm :
French,testicles,Mango,kûr-gÆm
French,testicles,Nar,ndàm :
French,testicles,Ngambay,gÆm :
French,testicles,Sar,ndàm
French,testicles,Ngam,ndàm
French,that t,Bebote,kíµ :
French,that t,Bediondo,dá :
French,that t,Gor,k‡µ
French,that t,Gulay,nè :
French,that t,Kaba,nèÑ : Kul=rà
French,that t,Mbay,"nò,nà :"
French,that t,Mango,k‡µ t
French,that t,Nar,"Ñ-ndò,Ñ-nò :"
French,that t,Ngambay,nè-lé :
French,that t,Sar,ní
French,that t,Ngam,ní
French,"that, so that",Bebote,kàd¸ :
French,"that, so that",Bediondo,kàd¸
French,"that, so that",Gor,kàd¸ :
French,"that, so that",Gulay,kàd¸ :
French,"that, so that",Kaba,kà®
French,"that, so that",Laka,kà® :
French,"that, so that",Mbay,kàd¸ :
French,"that, so that",Mango,kàd¸
French,"that, so that",Nar,"kàd¸, täm-kàd¸ t"
French,"that, so that",Ngambay,kà® :
French,"that, so that",Sar,kàd¸
French,"that, so that",Ngam,kàd¸ :
French,"that, which, who, whom",Bebote,k‡ :
French,"that, which, who, whom",Bediondo,k‡ :
French,"that, which, who, whom",Daba,ngàá t
French,"that, which, who, whom",Gor,k‡ :
French,"that, which, who, whom",Gulay,k‡ :
French,"that, which, who, whom",Kaba,k‡
French,"that, which, who, whom",Laka,g‡ :
French,"that, which, who, whom",Mbay,k‡ :
French,"that, which, who, whom",Mango,k‡
French,"that, which, who, whom",Nar,k‡ :
French,"that, which, who, whom",Ngambay,g‡ t
French,"that, which, who, whom",Sar,k‡
French,"that, which, who, whom",Ngam,k‡ :
French,"that, which, who, whom",Gor,ndùnð :
French,"that, which, who, whom",Gulay,k‡
French,"that, which, who, whom",Kaba,k‡ :
French,"that, which, who, whom",Mbay,Ñ :
French,"that, which, who, whom",Mango,k‡
French,"that, which, who, whom",Nar,Ñ :
French,"that, which, who, whom",Ngambay,g‡ :
French,"that, which, who, whom",Sar,Ñ
French,them (acc. and obl.),Bebote,-dé :
French,them (acc. and obl.),Bediondo,-dé :
French,them (acc. and obl.),Daba,-dé
French,them (acc. and obl.),Gor,-dé :
French,them (acc. and obl.),Gulay,-d‡ :
French,them (acc. and obl.),Kaba,-dé t
French,them (acc. and obl.),Laka,-jé :
French,them (acc. and obl.),Mbay,-dé
French,them (acc. and obl.),Mango,-dé :
French,them (acc. and obl.),Nar,-d‡ :
French,them (acc. and obl.),Ngambay,-dé :
French,them (acc. and obl.),Sar,-d‡
French,them (acc. and obl.),Ngam,-d‡
French,"then, and then",Bebote,dá :
French,"then, and then",Bediondo,Æ :
French,"then, and then",Daba,à
French,"then, and then",Gor,bè-ªy‡ :
French,"then, and then",Gulay,ßáà :
French,"then, and then",Kaba,à t
French,"then, and then",Laka,"÷áà,námà :"
French,"then, and then",Mbay,ànþ
French,"then, and then",Mango,"hál, É :"
French,"then, and then",Nar,ßáà
French,"then, and then",Ngambay,ndáà :
French,"then, and then",Sar,à
French,"then, and then",Ngam,ànï :
French,there (far off),Bebote,nø :
French,there (far off),Bediondo,nø :
French,there (far off),Daba,nø
French,there (far off),Gor,nø :
French,there (far off),Gulay,nø :
French,there (far off),Kaba,nøñ t
French,there (far off),Laka,nø :
French,there (far off),Mbay,nø¾ :
French,there (far off),Mango,nø
French,there (far off),Nar,nø :
French,there (far off),Ngambay,nø
French,there (far off),Sar,nø
French,there (far off),Ngam,nú :
French,"there, over there",Bebote,nÅÇ-bè :
French,"there, over there",Bediondo,nÅÇ
French,"there, over there",Gor,nÅÇ :
French,"there, over there",Gulay,nç :
French,"there, over there",Kaba_Na,jún
French,"there, over there",Kaba,yó-bÆñ :
French,"there, over there",Laka,kÆÑ
French,"there, over there",Mbay,nòó :
French,"there, over there",Mango,yó :
French,"there, over there",Nar,nÅÇ
French,"there, over there",Ngambay,nÅÇ :
French,"there, over there",Sar,nÅÇ
French,"there, over there",Ngam,nòó :
French,ey,Bediondo,d- :
French,ey,Gulay,dé :
French,ey,Kaba,d-
French,ey,Laka,‡- :
French,ey,Mango,d‡- :
French,ey,Ngambay,Ñ-
French,ick : to be,Bebote,ndÆæ :
French,ick : to be,Bediondo,ndÆæ
French,ick : to be,Daba,ndè® :
French,ick : to be,Gor,ndÆ® :
French,ick : to be,Gulay,ndÆ®
French,ick : to be,Kaba,ndè® :
French,ick : to be,Laka,ndÆ®
French,ick : to be,Mbay,ndè® :
French,ick : to be,Mango,ndÆæ
French,ick : to be,Nar,ndè® :
French,ick : to be,Ngambay,ndÆ®
French,ick : to be,Sar,ndèÊ
French,ick (liquid) : to be,Kaba_Na,ßîßè :
French,ick (liquid) : to be,Laka,tîgÕ
French,ick (liquid) : to be,Mbay,ßîw :
French,ick (liquid) : to be,Sar,ßîw
French,ick (liquid) : to be,Ngam,ßîw :
French,"ick, broad : to be",Laka,bùdu-bùdù :
French,"ick, broad : to be",Mbay,möm
French,"ick, broad : to be",Nar,möng
French,igh,Bebote,bÕng¸ :
French,igh,Bediondo,bÕng¸
French,igh,Daba,ßäng :
French,igh,Gor,bìng¸
French,igh,Gulay,bìñg :
French,igh,Kaba_Na,bòlì
French,igh,Kaba,bìñg :
French,igh,Laka,bìngì
French,igh,Mbay,bìñg :
French,igh,Mango,bìñg
French,igh,Nar,búr :
French,igh,Ngambay,bìñg :
French,igh,Sar,ßú°
French,igh,Ngam,bìng¸
French,in : to be,Bebote,Æng¸ :
French,in : to be,Bediondo,Æng¸
French,in : to be,Daba,yþm :
French,in : to be,Gor,Æng¸ :
French,in : to be,Gulay,æng
French,in : to be,Kaba_Na,ndôkû :
French,in : to be,Kaba,Æng¸
French,in : to be,Mbay,yäm :
French,in : to be,Mango,Æng¸ :
French,in : to be,Nar,rën
French,in : to be,Ngambay,yðm :
French,in : to be,Sar,òñg
French,in : to be,Ngam,möng¸ :
French,ing,Bebote,nÏ :
French,ing,Bediondo,nÏ :
French,ing,Daba,yª
French,ing,Gor,yª :
French,ing,Gulay,yª : Kul=námü
French,ing,Laka,né :
French,ing,Mbay,yª½ :
French,ing,Mango,né
French,ing,Nar,yª :
French,ing,Ngambay,né
French,ing,Sar,yª¼
French,ing,Ngam,yª :
French,irst,Bebote,kÕndæ :
French,irst,Bediondo,kÕndæ
French,irst,Daba,kùndä :
French,irst,Gor,kÕndæ
French,irst,Gulay,kùndæ :
French,irst,Kaba_Na,kùnjä
French,irst,Kaba,kùndä :
French,irst,Laka,kùndä
French,irst,Mbay,kÕndä :
French,irst,Mango,kùndæ
French,irst,Nar,kÕndæ :
French,irst,Ngambay,kùndä :
French,irst,Sar,kÕndä
French,irst,Ngam,kÕndö-màñ
French,thirty,Bebote,dî-mÕtÉ :
French,thirty,Daba,dî-mîtá
French,thirty,Gor,dî-mùtÉ :
French,thirty,Gulay,kûr-mùtÉ
French,thirty,Kaba,dî-mùtá : Kul=kóò
French,thirty,Laka,dî-mùndá :
French,thirty,Mbay,dî-mÕtá
French,thirty,Mango,kîr-mùtÉ :
French,thirty,Nar,kùtÕ-mÕ
French,thirty,Ngambay,÷û-mùndá :
French,thirty,Sar,kùtÕ-mÕ
French,thirty,Ngam,kùtÕ-mÕtá
French,this year,Bebote,ßäý-nè :
French,this year,Bediondo,kçý-nè
French,this year,Gulay,kònï-là :
French,this year,Kaba,wÉl-nèÑ
French,this year,Laka,wû•-nè
French,this year,Mbay,"kònï-nŸþ,kònï-nèë"
French,this year,Mango,kö•-nè :
French,this year,Nar,kûní-làä
French,this year,Ngambay,wæ•-nè
French,this year,Sar,kòÑ-làä
French,this year,Ngam,kònï-là :
French,"this, that (emphatic)",Bebote,lé :
French,"this, that (emphatic)",Daba,yó :
French,"this, that (emphatic)",Gulay,ngàá
French,"this, that (emphatic)",Laka,÷á :
French,"this, that (emphatic)",Mbay,yé :
French,"this, that (emphatic)",Mango,lé
French,"this, that (emphatic)",Nar,nÉ :
French,"this, that (emphatic)",Ngambay,lé
French,"this, that (emphatic)",Sar,ní
French,"this, that (emphatic)",Ngam,nò :
French,thorn,Bebote,kûn :
French,thorn,Bediondo,kûn :
French,thorn,Daba,kûn
French,thorn,Gor,kûn :
French,thorn,Gulay,kûn :
French,thorn,Kaba_Na,könö
French,thorn,Kaba,kün : Kul=hönö :
French,thorn,Laka,kün
French,thorn,Mbay,kûn :
French,thorn,Mango,kün :
French,thorn,Nar,kûn
French,thorn,Ngambay,kün :
French,thorn,Sar,kûn
French,thorn,Ngam,kûn :
French,thorn bush,Bebote,ng¼º :
French,thorn bush,Bediondo,ng¼º
French,thorn bush,Gor,ngàñ :
French,thorn bush,Gulay,ngà®
French,thorn bush,Kaba,ngà® :
French,thorn bush,Laka,ngà®
French,thorn bush,Mbay,ngà® :
French,thorn bush,Mango,ng¼º
French,thorn bush,Nar,ngà® :
French,thorn bush,Ngambay,ngà®
French,thorn bush,Sar,ngàÊ
French,thousand,Bebote,sák¸ :
French,thousand,Bediondo,d¸b‡
French,thousand,Daba,sák :
French,thousand,Gor,dÆr
French,thousand,Gulay,àrü-dîgÕ :
French,thousand,Kaba,dùrù
French,thousand,Laka,tôl-dîgÕ :
French,thousand,Mbay,düb‡
French,thousand,Mango,düb‡ :
French,thousand,Nar,düb‡
French,thousand,Ngambay,ság¸
French,thousand,Sar,dübú
French,thousand,Ngam,dübú :
French,three,Bebote,mùtÉ :
French,three,Bediondo,mÕtÉ
French,three,Daba,mîtá :
French,three,Gor,mùtÉ :
French,three,Gulay,mùt
French,three,Kaba_Na,mùtá :
French,three,Kaba,mùtá
French,three,Laka,mùndá
French,Sara Languages,Mbay,mÕtá :
French,Sara Languages,Mango,mùtÉ
French,Sara Languages,Nar,mÕtÉ :
French,Sara Languages,Ngambay,mùndá :
French,Sara Languages,Sar,mÕtá
French,Sara Languages,Ngam,mÕtá
French,throw : to,Bebote,Õlæ :
French,throw : to,Bediondo,Õlæ :
French,throw : to,Daba,ìlä
French,throw : to,Gor,Õlæ :
French,throw : to,Gulay,ìlæ :
French,throw : to,Kaba,ìlä
French,throw : to,Laka,ìlà :
French,throw : to,Mbay,lä :
French,throw : to,Mango,ìlæ
French,throw : to,Nar,Õnæ :
French,throw : to,Ngambay,ìlä
French,throw : to,Sar,ìnä
French,throw : to,Ngam,Õnä :
French,throw at : to,Bebote,ùr :
French,throw at : to,Bediondo,ùr :
French,throw at : to,Daba,ù÷
French,throw at : to,Gor,ùr :
French,throw at : to,Gulay,ùr :
French,throw at : to,Kaba,ùr
French,throw at : to,Laka,ùrù :
French,throw at : to,Mbay,ùr :
French,throw at : to,Mango,ùr
French,throw at : to,Ngambay,ùr
French,throw at : to,Ngam,wùr :
French,thunder : to,Bebote,ndàngÕ :
French,thunder : to,Bediondo,ndàngÕ
French,thunder : to,Daba,ndàng :
French,thunder : to,Gulay,ndàng
French,thunder : to,Kaba_Na,njàmà :
French,thunder : to,Kaba,ndàng
French,thunder : to,Laka,ndàngÕ :
French,thunder : to,Mbay,ndàng
French,thunder : to,Ngambay,ndàng
French,thunder : to,Ngam,ndàng :
French,tick,Bebote,m¡yÐ :
French,tick,Bediondo,mÕyÐ
French,tick,Daba,mŸ :
French,tick,Gor,mŸ :
French,tick,Gulay,mŸ
French,tick,Kaba_Na,…èy :
French,tick,Kaba,m¡y¼
French,tick,Laka,‡-m¡y¼ :
French,tick,Mbay,mŸõ :
French,tick,Mango,mìyÐ
French,tick,Nar,m¡yÐ :
French,tick,Ngambay,m¡y¼
French,tick,Sar,m¡y¼
French,tickle : to,Bediondo,kÕ© :
French,tickle : to,Gulay,gèt¸
French,tickle : to,Kaba_Na,kátï :
French,tickle : to,Laka,ngÜrð
French,tickle : to,Mbay,kítë :
French,tickle : to,Nar,kët‡
French,tickle : to,Ngambay,gídï
French,tie : to,Bebote,tô :
French,tie : to,Bediondo,dîû :
French,tie : to,Daba,dîû
French,tie : to,Gor,dîû :
French,tie : to,Gulay,dîû :
French,tie : to,Kaba_Na,ìjä
French,tie : to,Kaba,dîû :
French,tie : to,Laka,tô :
French,tie : to,Mbay,dîû
French,tie : to,Mango,dîû :
French,tie : to,Nar,dÅç :
French,tie : to,Ngambay,tô :
French,tie : to,Sar,dÅç
French,tie : to,Ngam,Õdä
French,"time, occurrence",Bebote,njà :
French,"time, occurrence",Bediondo,njà :
French,"time, occurrence",Daba,njà
French,"time, occurrence",Gor,njà :
French,"time, occurrence",Gulay,njà :
French,"time, occurrence",Kaba,gîl
French,"time, occurrence",Mbay,njà :
French,"time, occurrence",Mango,njà :
French,"time, occurrence",Nar,njà
French,"time, occurrence",Ngambay,gîl :
French,"time, occurrence",Sar,njà
French,"time, occurrence",Ngam,njà :
French,tired : to be,Bebote,î :
French,tired : to be,Bediondo,î :
French,tired : to be,Daba,îr
French,tired : to be,Gor,îr :
French,tired : to be,Gulay,îr :
French,tired : to be,Kaba_Na,î
French,tired : to be,Kaba,îr :
French,tired : to be,Mbay,îr :
French,tired : to be,Mango,î t
French,tired : to be,Nar,îr :
French,tired : to be,Ngambay,dàw
French,tired : to be,Sar,îÈ
French,tired : to be,Ngam,îÈ :
French,to pound (grain),Bebote,ùr :
French,to pound (grain),Gor,ùr :
French,to pound (grain),Laka,ùrù
French,to pound (grain),Mbay,ùr :
French,to pound (grain),Mango,ùr :
French,to pound (grain),Nar,ùr
French,to pound (grain),Ngambay,ùr :
French,to pound (grain),Sar,ùr
French,toad,Bebote,‡-ngàgÕ-dï :
French,toad,Bediondo,k¼º t
French,toad,Daba,kà® :
French,toad,Gor,k¼ñ :
French,toad,Gulay,k¼rº
French,toad,Kaba_Na,kàä :
French,toad,Kaba,‡-ngìnºy
French,toad,Laka,‡-bòdórò :
French,toad,Mbay,k¼®
French,toad,Mango,ngÉbÆtrÆ :
French,toad,Nar,k¼rº-bòtó
French,toad,Ngambay,ngír-bÆdÕrÆ
French,toad,Sar,k¼Èº t
French,toad,Ngam,k¼Ê :
French,tobacco,Bebote,máng¸ :
French,tobacco,Bediondo,dî-bü-b¸yð t
French,tobacco,Daba,máñg :
French,tobacco,Gor,máng¸
French,tobacco,Gulay,máng :
French,tobacco,Kaba_Na,sèlí
French,tobacco,Kaba,máñg :
French,tobacco,Laka,g¼w-y¼
French,tobacco,Mbay,"máng, lîw :"
French,tobacco,Mango,máñg t
French,tobacco,Nar,máng :
French,tobacco,Ngambay,sà
French,tobacco,Sar,máµg
French,tobacco,Ngam,máng :
French,today,Bebote,ßó-nè :
French,today,Bediondo,ßó-nè
French,today,Daba,ßó-nèë :
French,today,Gor,ßó-nè
French,today,Gulay,ßí-làä :
French,today,Kaba_Na,yàä-ré t
French,today,Kaba,ßök‡-nè : Kul=÷yáarà
French,today,Laka,ßög‡-nè :
French,today,Mbay,ßó-làä
French,today,Mango,ßó-nè :
French,today,Nar,ßó-làä
French,today,Ngambay,ßög‡-nè
French,today,Sar,ßöó-làä t
French,today,Ngam,ßöólàä :
French,together,Bebote,n¼º-t‡ :
French,together,Bediondo,n¼º-t‡
French,together,Daba,n¼º-tí :
French,together,Gor,n¼º-t‡
French,together,Gulay,n¼º-t‡ :
French,together,Kaba,n¼º-t‡
French,together,Laka,n¼º-g‡ :
French,together,Mbay,n¼º-t‡
French,together,Mango,nà-t‡ :
French,together,Nar,n¼º
French,together,Ngambay,n¼º-d‡ :
French,together,Sar,n¼º-t‡ t
French,tomb,Bediondo,ßád¸ :
French,tomb,Gor,dî-ßád¸
French,tomb,Gulay,dÆ-ßád‡ :
French,tomb,Kaba_Na,ßádà
French,tomb,Kaba,dî-bá® :
French,tomb,Laka,dî-ßár¸
French,tomb,Mbay,dà-ßád‡ :
French,tomb,Mango,dî-ßád¸
French,tomb,Nar,dÆ-ßád¸ :
French,tomb,Ngambay,dî-ßár :
French,tomb,Sar,dî-ßádÕ
French,tomb,Ngam,ßád‡
French,morrow,Bebote,lò-tï :
French,morrow,Bediondo,lò-tï
French,morrow,Daba,lòtï :
French,morrow,Gor,lòtï :
French,morrow,Gulay,bàrè
French,morrow,Kaba_Na,yû-bìï :
French,morrow,Kaba,bàrá
French,morrow,Laka,bàrà
French,morrow,Mbay,lòo-tïi :
French,morrow,Mango,"bòrè,bèrè"
French,morrow,Nar,bíní :
French,morrow,Ngambay,bèrè :
French,morrow,Sar,bíÈí
French,morrow,Ngam,lòtïhï
French,ngue,Bebote,ndòn :
French,ngue,Bediondo,ndîn
French,ngue,Daba,ndÅ :
French,ngue,Gor,ndòn :
French,ngue,Gulay,ndÅ
French,ngue,Kaba_Na,ndîlî :
French,ngue,Kaba,ndÅ :
French,ngue,Laka,ndÅ
French,ngue,Mbay,ndÅ¢ :
French,ngue,Mango,ndÅ :
French,ngue,Nar,ndÅ
French,ngue,Ngambay,ndÅ :
French,ngue,Sar,ndÅ
French,ngue,Ngam,ndÅ :
French,ol for carving,Mbay,gÆrè :
French,ol for carving,Mango,dù :
French,ol for carving,Sar,gÕrè
French,ss head : to,Bebote,ndür :
French,ss head : to,Gor,ndür
French,ss head : to,Gulay,ndür :
French,ss head : to,Laka,ndü© :
French,ss head : to,Mbay,ndür
French,ss head : to,Nar,tür :
French,ss head : to,Ngambay,ndür
French,uch : to,Bebote,îdÕ :
French,uch : to,Bediondo,îdÕ :
French,uch : to,Daba,îd
French,uch : to,Gor,îdÕ :
French,uch : to,Gulay,îdÕ :
French,uch : to,Kaba_Na,îdî
French,uch : to,Kaba,îrù :
French,uch : to,Laka,î® :
French,uch : to,Mbay,îdÕ
French,uch : to,Mango,îdÕ :
French,uch : to,Nar,îdÕ :
French,uch : to,Ngambay,îdÕ
French,uch : to,Sar,îdÕ
French,wards,Bebote,k¸ :
French,wards,Bediondo,k¸ :
French,wards,Gor,k¸
French,wards,Gulay,k¸ :
French,wards,Kaba,k¸ :
French,wards,Laka,g¸
French,wards,Mbay,k¸ :
French,wards,Mango,k¸ :
French,wards,Nar,k¸
French,wards,Ngambay,dæ :
French,wards,Sar,k¸
French,wards,Ngam,tæ :
French,ap,Bebote,mbàng¸rä :
French,ap,Bediondo,güm
French,ap,Daba,güm :
French,ap,Gor,güm :
French,ap,Gulay,güm
French,ap,Kaba_Na,gömbï :
French,ap,Kaba,»-mb¼rŸ
French,ap,Laka,güm :
French,ap,Mbay,güm :
French,ap,Mango,güm
French,ap,Nar,güm :
French,ap,Ngambay,güm :
French,ap,Sar,güm
French,ap,Ngam,gümb¸
French,ee,Bebote,käg¸ :
French,ee,Bediondo,käg¸
French,ee,Daba,käg :
French,ee,Gor,käg¸ :
French,ee,Gulay,käg¸
French,ee,Kaba_Na,kägä :
French,ee,Kaba,käk¸
French,ee,Laka,käg¸
French,ee,Mbay,käg¸ :
French,ee,Mango,käg¸
French,ee,Nar,käg¸ :
French,ee,Ngambay,käg¸ :
French,ee,Sar,käg¸
French,ee,Ngam,käg¸
French,tree : African mahogany,Bebote,dïl :
French,tree : African mahogany,Bediondo,d¸l :
French,tree : African mahogany,Daba,jïl
French,tree : African mahogany,Gor,dïl :
French,tree : African mahogany,Gulay,dïl :
French,tree : African mahogany,Kaba_Na,ßólö
French,tree : African mahogany,Kaba,mbûkô : Kul=ßölö
French,tree : African mahogany,Laka,mbàg¸ :
French,tree : African mahogany,Mbay,dïl :
French,tree : African mahogany,Mango,dïl
French,tree : African mahogany,Nar,dïl :
French,tree : African mahogany,Ngambay,mbàg¸ :
French,tree : African mahogany,Sar,dïl
French,tree : African mahogany,Ngam,dïl
French,tree : Anogeissus sp.,Bebote,yïdæ :
French,tree : Anogeissus sp.,Daba,yïdû
French,tree : Anogeissus sp.,Gulay,yïdæ :
French,tree : Anogeissus sp.,Kaba,yïrä
French,tree : Anogeissus sp.,Laka,‡-yïrä :
French,tree : Anogeissus sp.,Mbay,yïdä
French,tree : Anogeissus sp.,Mango,yïdæ :
French,tree : Anogeissus sp.,Ngambay,"÷ïrä,yïrä"
French,tree : Anogeissus sp.,Sar,y¸dä
French,tree : Balanites sp.,Bediondo,jäng¸ :
French,tree : Balanites sp.,Mbay,jänj¸
French,tree : Balanites sp.,Mango,jäng :
French,tree : Balanites sp.,Nar,jûnd¸
French,tree : Balanites sp.,Ngambay,dángá :
French,tree : Balanites sp.,Sar,jûnd¸
French,tree : Calotropis sp.,Bediondo,kçy-käg¸
French,tree : Calotropis sp.,Mbay,bùtò-tàÛ
French,tree : Calotropis sp.,Mango,käg¸-kÆm-kÅ :
French,tree : Calotropis sp.,Nar,mònd
French,tree : Calotropis sp.,Ngambay,kám-ndà-bìnä
French,tree : Calotropis sp.,Sar,"k‡-tû-kùm,ndöb‡"
French,tree : cotton tree,Bebote,küræ-sü :
French,tree : cotton tree,Bediondo,künæ
French,tree : cotton tree,Gor,küræ :
French,tree : cotton tree,Gulay,k¦rð
French,tree : cotton tree,Kaba,kürä :
French,tree : cotton tree,Laka,kürä
French,tree : cotton tree,Mbay,k¸rº :
French,tree : cotton tree,Mango,künð
French,tree : cotton tree,Nar,k¸ræ :
French,tree : cotton tree,Ngambay,kürä :
French,tree : cotton tree,Sar,k¸Èä
French,tree : cotton tree,Ngam,k¸rä
French,tree : Diospyros sp.,Bediondo,kÇ-käg¸ :
French,tree : Diospyros sp.,Gulay,kóm-käg¸
French,tree : Diospyros sp.,Laka,kôm :
French,tree : Diospyros sp.,Mbay,kó« :
French,tree : Diospyros sp.,Ngambay,kôm
French,tree : Ficus platyphylla,Bediondo,kòbÕ :
French,tree : Ficus platyphylla,Gulay,kòbÕ
French,tree : Ficus platyphylla,Kaba_Na,kòßò :
French,tree : Ficus platyphylla,Laka,kòbò :
French,tree : Ficus platyphylla,Mbay,kòw
French,tree : Ficus platyphylla,Mango,kòbÕ :
French,tree : Ficus platyphylla,Ngambay,kòbÕ :
French,tree : Ficus platyphylla,Sar,kòw
French,tree : Grewia venusta,Bediondo,gúm :
French,tree : Grewia venusta,Laka,gÉm :
French,tree : Grewia venusta,Mbay,gúm
French,tree : Grewia venusta,Nar,góm
French,tree : Parkia africana,Bebote,mät¸ :
French,tree : Parkia africana,Bediondo,mät¸
French,tree : Parkia africana,Daba,mät :
French,tree : Parkia africana,Gor,mät¸ :
French,tree : Parkia africana,Gulay,mät¸
French,tree : Parkia africana,Kaba_Na,mätö :
French,tree : Parkia africana,Kaba,mät¸
French,tree : Parkia africana,Laka,mäd¸ :
French,tree : Parkia africana,Mbay,mät¸ :
French,tree : Parkia africana,Mango,mät¸
French,Sara Languages,Nar,mät¸ :
French,Sara Languages,Ngambay,mäd¸ :
French,Sara Languages,Sar,mät¸
French,Sara Languages,Ngam,mät¸
French,tree : Sterculia sp.,Bediondo,dä-kº :
French,tree : Sterculia sp.,Mbay,däa :
French,tree : Sterculia sp.,Sar,dä
French,tree : type of,Daba,ßìtî :
French,tree : type of,Gulay,ßìtÆ
French,tree : type of,Kaba_Na,ßùtà :
French,tree : type of,Kaba,ßìtày
French,tree : type of,Laka,ßìdà :
French,tree : type of,Mbay,ßìtà :
French,tree : type of,Mango,ngó
French,tree : type of,Nar,ßÕtÆ :
French,tree : type of,Ngambay,ßìdà
French,tree : type of,Sar,ßÕtà
French,tree : Vitex sp.,Bediondo,màlè :
French,tree : Vitex sp.,Laka,màkûr
French,tree : Vitex sp.,Mbay,m¦y :
French,tree : Vitex sp.,Ngambay,mà-kûr
French,tremble : to,Bebote,dàd¸ :
French,tremble : to,Bediondo,dàd¸
French,tremble : to,Daba,ndèb :
French,tremble : to,Gor,dàd¸
French,tremble : to,Gulay,ndÆbÕ :
French,tremble : to,Kaba_Na,ìndà
French,tremble : to,Kaba,ìsà :
French,tremble : to,Laka,ìsà
French,tremble : to,Mbay,"ndèw,èw :"
French,tremble : to,Mango,"dàd¸,ndèbÕ"
French,tremble : to,Nar,ndèbè :
French,tremble : to,Ngambay,dàd¸ :
French,tremble : to,Sar,ndèbÕ
French,tremble : to,Ngam,ndèbÕ
French,"trip; guest, host",Bebote,mbä :
French,"trip; guest, host",Bediondo,mbä :
French,"trip; guest, host",Daba,mbä
French,"trip; guest, host",Gor,mbä :
French,"trip; guest, host",Gulay,mbä :
French,"trip; guest, host",Kaba_Na,mbä
French,"trip; guest, host",Kaba,mbä : Kul=mbä :
French,"trip; guest, host",Laka,mbä
French,"trip; guest, host",Mbay,mbäa :
French,"trip; guest, host",Mango,mbä :
French,"trip; guest, host",Nar,mbä
French,"trip; guest, host",Ngambay,mbä :
French,"trip; guest, host",Sar,mbä
French,"trip; guest, host",Ngam,mbä :
French,trunk (elephant),Bediondo,lòndÕ :
French,trunk (elephant),Gulay,lòng
French,trunk (elephant),Laka,jï-ùm :
French,trunk (elephant),Mbay,bàtÕ
French,tsetse fly,Gulay,kÉng-mbà :
French,tsetse fly,Kaba_Na,mbà
French,tsetse fly,Laka,‡-kæl :
French,tsetse fly,Mbay,mbàa :
French,tsetse fly,Mango,gÆng
French,tsetse fly,Nar,gàng :
French,tsetse fly,Ngambay,sé¥
French,"turtle, type of",Bebote,mÐy :
French,"turtle, type of",Bediondo,mÐy :
French,"turtle, type of",Daba,mŸ
French,"turtle, type of",Gor,mŸ :
French,"turtle, type of",Gulay,mÐy :
French,"turtle, type of",Kaba_Na,mà…ù
French,"turtle, type of",Kaba,mÐy :
French,"turtle, type of",Laka,mÐy :
French,"turtle, type of",Mbay,mŸõ
French,"turtle, type of",Mango,mÐy :
French,"turtle, type of",Nar,mŸ :
French,"turtle, type of",Ngambay,mÐy :
French,"turtle, type of",Sar,mŸ
French,"turtle, type of",Ngam,mŸ
French,"turtle, type of",Bebote,bÉl :
French,"turtle, type of",Bediondo,bÉl
French,"turtle, type of",Gor,bö• :
French,"turtle, type of",Mbay,bö• :
French,"turtle, type of",Nar,bü•
French,"turtle, type of",Sar,ngó¥
French,"turtle, type of",Ngam,bö• :
French,twenty u,Bebote,dî-jöó :
French,twenty u,Daba,dî-jö÷
French,twenty u,Gor,dî-jöó :
French,twenty u,Gulay,kûr-jöó
French,twenty u,Kaba_Na,jîk¨Š :
French,twenty u,Kaba,dî-jöó
French,twenty u,Laka,dîgÕ-jöó
French,twenty u,Mbay,dî-jöó :
French,twenty u,Mango,kîr-jöó
French,twenty u,Nar,kùtÕ-jöó :
French,twenty u,Ngambay,÷û-jöó :
French,twenty u,Sar,kùtÕ-jöó
French,twenty u,Ngam,kùtÕ-jöó
French,twin u,Bebote,ndÕngÆ :
French,twin u,Bediondo,ndÕngÆ
French,twin u,Daba,ndùngà :
French,twin u,Gor,ndùngÆ
French,twin u,Gulay,ndùngÆ :
French,twin u,Kaba_Na,njùngà u
French,twin u,Kaba,ndùngà :
French,twin u,Laka,ndùngà
French,twin u,Mbay,ndìngä :
French,twin u,Mango,ndùngÆ
French,twin u,Nar,ndÕngæ :
French,twin u,Ngambay,ndùngà :
French,twin u,Sar,ndÕngä
French,twin u,Ngam,ndÕngä
French,twist (fiber) : to,Gulay,sòrè :
French,twist (fiber) : to,Mbay,sùrò u
French,twist (fiber) : to,Sar,sÕrè
French,twisted : be,Mbay,ndüy :
French,twisted : be,Mango,ndü
French,twisted : be,Sar,ndüÈ
French,"twisted, bent, to be",Bebote,÷ùgÕ :
French,"twisted, bent, to be",Bediondo,rùgÕ u
French,"twisted, bent, to be",Daba,÷ùg :
French,"twisted, bent, to be",Gor,÷ùgÕ :
French,"twisted, bent, to be",Gulay,÷ùgù
French,"twisted, bent, to be",Kaba_Na,góØ :
French,"twisted, bent, to be",Kaba,÷ùkù :
French,"twisted, bent, to be",Laka,÷ùgù
French,"twisted, bent, to be",Mbay,÷ùgÕ :
French,"twisted, bent, to be",Mango,÷ùgÕ
French,"twisted, bent, to be",Nar,÷ùgÕ :
French,"twisted, bent, to be",Ngambay,÷ùgù :
French,"twisted, bent, to be",Sar,rùgÕ
French,"twisted, bent, to be",Ngam,÷ùgÕ u
French,twister,Bebote,lÉl-mä• :
French,twister,Daba,nél-mä•
French,twister,Gor,nÉl-mä• :
French,twister,Gulay,ngà-nÉl-
French,mä•,Kaba_Na,…élè-mälá :
French,mä•,Laka,børª
French,mä•,Mbay,nél-mä• :
French,mä•,Mango,yÉl-mä• u
French,mä•,Nar,nél-mä• :
French,mä•,Ngambay,lél-mä•
French,mä•,Ngam,nélmä•
French,two,Bebote,jöó :
French,two,Bediondo,jöó :
French,two,Daba,jó÷
French,two,Gor,jöó :
French,two,Gulay,jöó :
French,two,Kaba_Na,jöó
French,two,Kaba,jöó : Kul=jëé :
French,two,Laka,jöó
French,two,Mbay,jöó :
French,two,Mango,jöó :
French,two,Nar,jöó u
French,two,Ngambay,jöó :
French,two,Sar,jöó
French,two,Ngam,jïyó :
French,ulcer : skin,Bebote,bày :
French,ulcer : skin,Bediondo,bày
French,ulcer : skin,Gor,bày :
French,ulcer : skin,Mbay,bày
French,ulcer : skin,Mango,bàsÕräng :
French,ulcer : skin,Ngambay,bàynä
French,ulate : to,Bebote,‡-ndï• :
French,ulate : to,Bediondo,‡-nd¸•
French,ulate : to,Daba,njíl :
French,ulate : to,Gor,‡-ndï•
French,ulate : to,Gulay,ndï• :
French,ulate : to,Kaba_Na,njïlï
French,ulate : to,Kaba,‡-njï• :
French,ulate : to,Laka,‡-njíl
French,ulate : to,Mbay,ndï• :
French,ulate : to,Mango,‡-ndï•
French,ulate : to,Nar,ndíl :
French,ulate : to,Ngambay,ndï•
French,ulate : to,Sar,ndï•
French,ulating,Gulay,úw-wíy :
French,ulating,Kaba_Na,ús
French,ulating,Mbay,wíy
French,cle (maternal),Bebote,nän :
French,cle (maternal),Bediondo,nän :
French,cle (maternal),Daba,nän
French,cle (maternal),Gor,nän :
French,cle (maternal),Gulay,nän :
French,cle (maternal),Kaba_Na,nänö
French,cle (maternal),Kaba,nän : Kul=nönö :
French,cle (maternal),Laka,nän
French,cle (maternal),Mbay,nän :
French,cle (maternal),Mango,nän :
French,cle (maternal),Nar,nän
French,cle (maternal),Ngambay,näná :
French,cle (maternal),Sar,nän
French,cle (maternal),Ngam,nän :
French,der; at bottom of,Bebote,gín :
French,der; at bottom of,Bediondo,g‡n
French,der; at bottom of,Gor,g‡n :
French,der; at bottom of,Gulay,gír :
French,der; at bottom of,Kaba_Na,mèy
French,der; at bottom of,Kaba,gÉl :
French,der; at bottom of,Laka,gÉl :
French,der; at bottom of,Mbay,gír
French,der; at bottom of,Mango,gín :
French,der; at bottom of,Nar,gír :
French,der; at bottom of,Ngambay,gél :
French,der; at bottom of,Sar,gír
French,der; at bottom of,Ngam,gír
French,ripe fruit,Daba,ngór :
French,ripe fruit,Gulay,ßæ€
French,ripe fruit,Laka,mÉsærÉ :
French,ripe fruit,Mbay,ngór
French,ripe fruit,Sar,ngórò
French,tie,Bebote,tút¸ :
French,tie,Bediondo,tút¸
French,tie,Daba,njút :
French,tie,Gor,tútü :
French,tie,Gulay,tútú
French,tie,Kaba_Na,tótì :
French,tie,Kaba,tútü
French,tie,Laka,túdü :
French,tie,Mbay,tút‡ :
French,tie,Mango,tút¸
French,tie,Nar,tút¸ :
French,tie,Ngambay,túdü
French,tie,Sar,tút¸
French,til,Bebote,tàá :
French,til,Bediondo,tàá :
French,til,Daba,dÅÇ
French,til,Gor,tàá :
French,til,Gulay,dîô :
French,til,Kaba,tà©
French,til,Laka,tà© :
French,til,Mbay,dÅÇ :
French,til,Mango,"ngªmª,"
French,til,Nar,dîô :
French,til,Ngambay,tà© :
French,til,Sar,dîô
French,til,Ngam,dÅÇ
French,urine,Bebote,kÉd‡-màñ
French,urine,Bediondo,kÆd‡-màñ :
French,urine,Daba,kéd-màñ
French,urine,Gor,kÉd¸-màñ :
French,urine,Gulay,kéd‡-mà
French,urine,Kaba_Na,kájï :
French,urine,Kaba,èr¸ :
French,urine,Laka,Æræ
French,urine,Mbay,kéd‡-màñ :
French,urine,Mango,kÉd‡-màñ
French,urine,Nar,ngéd‡-màñ
French,urine,Ngambay,Æd¸
French,urine,Sar,ngéd‡-màñ
French,urine,Ngam,ngéd‡-màñ :
French,us (obj. of verb),Bebote,-jè :
French,us (obj. of verb),Bediondo,-jè :
French,us (obj. of verb),Daba,-jé
French,us (obj. of verb),Gor,"-jè, -jè :"
French,us (obj. of verb),Gulay,"-jè, -j"
French,us (obj. of verb),Kaba_Na,jé :
French,us (obj. of verb),Kaba,-jé :
French,us (obj. of verb),Laka,-sí
French,us (obj. of verb),Mbay,-jÕ :
French,us (obj. of verb),Mango,-jí :
French,us (obj. of verb),Nar,-jí
French,us (obj. of verb),Ngambay,"-sí, -sí :"
French,us (obj. of verb),Sar,-jí
French,us (oblique); our,Bebote,-jé :
French,us (oblique); our,Gor,-jé
French,us (oblique); our,Gulay,-jé :
French,us (oblique); our,Kaba,-jé : Kul=j¨™
French,us (oblique); our,Laka,-sí :
French,us (oblique); our,Mbay,-j‡ :
French,us (oblique); our,Mango,-jí
French,us (oblique); our,Nar,"-jí, -jí :"
French,us (oblique); our,Ngambay,-sí :
French,us (oblique); our,Sar,-jí
French,us (oblique); our,Ngam,-j‡
French,"uselessly, for no reason",Bebote,kàrë-bè :
French,"uselessly, for no reason",Gor,ndäng‡
French,"uselessly, for no reason",Gulay,kàrë :
French,"uselessly, for no reason",Kaba,njà-bè
French,"uselessly, for no reason",Laka,bàá-jàä :
French,"uselessly, for no reason",Mbay,kÕ-ndäÑg
French,"uselessly, for no reason",Mango,kàrë-bè :
French,"uselessly, for no reason",Nar,ndäÑg
French,"uselessly, for no reason",Ngambay,g¸-ndäÑg :
French,"uselessly, for no reason",Sar,kÕ-ndäÑ
French,vagina,Bebote,ngïr :
French,vagina,Bediondo,mùdÕ
French,vagina,Gor,ngïr :
French,vagina,Gulay,ngïr
French,vagina,Kaba,ngïrï :
French,vagina,Laka,ngïr
French,vagina,Mbay,mùdÕ :
French,vagina,Mango,mùdù
French,vagina,Ngambay,ngïr
French,vagina,Sar,ngïr
French,vagina,Ngam,mùdÕ :
French,venom; poison,Bebote,kÆngÕ :
French,venom; poison,Bediondo,kÆngÕ
French,venom; poison,Gor,kÆng¸ :
French,venom; poison,Gulay,kÆng :
French,venom; poison,Laka,tÉ
French,venom; poison,Mbay,wöng :
French,venom; poison,Mango,kìngæ
French,venom; poison,Nar,kÕgÆ :
French,venom; poison,Ngambay,màs¸
French,venom; poison,Sar,kòng
French,village,Bebote,ßë :
French,village,Bediondo,ßë :
French,village,Daba,ßë
French,village,Gor,ßë :
French,village,Gulay,ßë :
French,village,Kaba_Na,ßë
French,village,Kaba,ßë :
French,village,Laka,ßë :
French,village,Mbay,ßëe
French,village,Mango,ßë :
French,village,Nar,ßë :
French,village,Ngambay,ßë :
French,village,Sar,ßë
French,village,Ngam,ßë
French,vine,Bebote,kùsÕ :
French,vine,Laka,j¡
French,vine,Mbay,d¡¿ :
French,vine,Ngam,d¡
French,vine : Cissus sp.,Gor,kùm-kÆdÕ :
French,vine : Cissus sp.,Gulay,yºrª
French,vine : Cissus sp.,Laka,y¼r¸ :
French,vine : Cissus sp.,Mbay,yº© :
French,vine : Cissus sp.,Mango,yºª
French,vine : Cissus sp.,Ngambay,n¼® :
French,vine : Cissus sp.,Sar,yº©
French,vine : type of,Laka,kíyä :
French,vine : type of,Mbay,kíyä
French,vine : type of,Ngambay,kíyä
French,visit : to,Bebote,gÅç :
French,visit : to,Bediondo,gÅç
French,visit : to,Gor,gÅç :
French,visit : to,Gulay,gÅç :
French,visit : to,Kaba,gÅç
French,visit : to,Laka,gÉngæ :
French,visit : to,Mbay,gÅç :
French,visit : to,Mango,gÅç
French,visit : to,Nar,gÅç :
French,visit : to,Ngambay,gÅç :
French,visit : to,Sar,g“¦
French,voice,Bebote,ndü :
French,voice,Bediondo,ndü :
French,voice,Daba,ndü
French,voice,Gor,ndü :
French,voice,Gulay,ndü :
French,voice,Kaba_Na,njü
French,voice,Kaba,ndü :
French,voice,Laka,ndü :
French,voice,Mbay,ndï
French,voice,Mango,ndï :
French,voice,Nar,ndü :
French,voice,Ngambay,ndü :
French,voice,Sar,ndü
French,voice,Ngam,ndï
French,vomit : to,Bebote,tömö :
French,vomit : to,Bediondo,tûmû
French,vomit : to,Daba,töm :
French,vomit : to,Gor,tçmç :
French,vomit : to,Gulay,tçmç
French,vomit : to,Kaba_Na,túrë :
French,vomit : to,Kaba,tömö
French,vomit : to,Laka,tömë :
French,vomit : to,Mbay,töm
French,vomit : to,Mango,tömö :
French,vomit : to,Nar,tûmbû
French,vomit : to,Ngambay,tûmë
French,vomit : to,Sar,tömb¸
French,vomit : to,Ngam,tûmb¸ :
French,vulture :,Bebote,mäl :
French,vulture :,Bediondo,mäl :
French,vulture :,Daba,mäl
French,vulture :,Gor,mäl :
French,vulture :,Gulay,mäl :
French,vulture :,Kaba,mäl
French,vulture :,Laka,mäl :
French,vulture :,Mbay,mäl :
French,vulture :,Mango,mäl
French,vulture :,Nar,mäl :
French,vulture :,Ngambay,mäl
French,vulture :,Sar,mäl
French,vulture :,Ngam,mäl :
French,wait for : to,Bebote,ng‡nð :
French,wait for : to,Bediondo,ng‡næ
French,wait for : to,Daba,ngóg :
French,wait for : to,Gor,ngÉnð
French,wait for : to,Gulay,ngóm :
French,wait for : to,Kaba_Na,àkò
French,wait for : to,Kaba,ngÉb¸ :
French,wait for : to,Laka,ngÉbæ
French,wait for : to,Mbay,ngóö :
French,wait for : to,Mango,ngínæ
French,wait for : to,Nar,ngórö :
French,wait for : to,Ngambay,ngÉb¸ :
French,wait for : to,Sar,ngóö
French,wait for : to,Ngam,ngóhö
French,wake up : to,Bebote,ndÉl :
French,wake up : to,Bediondo,ndÉl
French,wake up : to,Daba,ndó£ :
French,wake up : to,Gor,ndÉl :
French,wake up : to,Gulay,ndÉl
French,wake up : to,Kaba_Na,ndü :
French,wake up : to,Kaba,ndól :
French,wake up : to,Laka,ndól w
French,wake up : to,Mbay,ndó£ :
French,wake up : to,Mango,ndÉl
French,wake up : to,Nar,ndól :
French,wake up : to,Ngambay,ndÉl :
French,wake up : to,Sar,ndó£
French,wake up : to,Ngam,ndó£
French,walk : to,Bebote,njïyæ :
French,walk : to,Bediondo,nj¸yæ
French,walk : to,Daba,tïgä :
French,walk : to,Gor,njïyæ w
French,walk : to,Gulay,njïyæ :
French,walk : to,Kaba_Na,kàßë
French,walk : to,Kaba,njä :
French,walk : to,Laka,njä :
French,walk : to,Mbay,ndïyä
French,walk : to,Mango,njïyæ :
French,walk : to,Nar,njïyæ
French,walk : to,Ngambay,njä
French,walk : to,Sar,nj¸rä w
French,walk : to,Ngam,njïyä :
French,want : to,Bebote,gè :
French,want : to,Bediondo,gè :
French,want : to,Daba,gè
French,want : to,Gor,gè :
French,want : to,Gulay,gè :
French,want : to,Kaba_Na,dúrù
French,want : to,Kaba,njìkì : Kul=dúrù
French,want : to,Laka,njìgì :
French,want : to,Mbay,gèe :
French,want : to,Mango,ndìgÕ w
French,want : to,Nar,gè :
French,want : to,Ngambay,gè
French,want : to,Sar,gŸy
French,want : to,Ngam,gŸ :
French,wash : to,Bebote,tóg¸ :
French,wash : to,Bediondo,tóg¸
French,wash : to,Daba,tígó :
French,wash : to,Gor,tóg¸ :
French,wash : to,Gulay,tógö w
French,wash : to,Kaba_Na,tôî :
French,wash : to,Kaba,tókö : Kul=tôî
French,wash : to,Laka,tógö :
French,wash : to,Mbay,t‡gó :
French,wash : to,Mango,tóg¸
French,wash : to,Nar,tógö :
French,wash : to,Ngambay,tógö :
French,wash : to,Sar,tógò
French,wash : to,Ngam,t‡gö
French,wasp : mason w,Bebote,gÕmð :
French,wasp : mason w,Bediondo,gùmæ
French,wasp : mason w,Gor,g“mð :
French,wasp : mason w,Gulay,gùmbæ
French,wasp : mason w,Kaba_Na,gùmbä-dîgî :
French,wasp : mason w,Kaba,gùmä w
French,wasp : mason w,Laka,gùmä :
French,wasp : mason w,Mbay,gÕmbä :
French,wasp : mason w,Mango,gùmð
French,wasp : mason w,Nar,gÕmbæ-gír-kèrë
French,wasp : mason w,Ngambay,gùmä
French,wasp : mason w,Sar,gÕmbä
French,wasp : mason w,Ngam,gÕmbä :
French,wasp : type of w,Daba,bïrb¡ :
French,wasp : type of w,Gor,mbÉrb¡
French,wasp : type of w,Laka,‡-mbƒrƒmb¡ :
French,wasp : type of w,Mbay,bìrb¡
French,wasp : type of w,Mango,mbÕ®-mb¡¬
French,wasp : type of w,Nar,gÕmbæ-ndùl
French,wasp : type of w,Ngambay,mbƒr-mb¡
French,wasp : yellow w,Daba,yët :
French,wasp : yellow w,Gor,"yèt¸,räs¸"
French,wasp : yellow w,Gulay,kù®-wás‡ :
French,wasp : yellow w,Kaba_Na,…ëtë
French,wasp : yellow w,Mbay,yët¸ :
French,wasp : yellow w,Nar,yþt¸
French,wasp : yellow w,Ngam,yþt¸
French,ter,Bebote,màñ :
French,ter,Bediondo,màñ :
French,ter,Daba,màñ
French,ter,Gor,màñ :
French,ter,Gulay,màñ :
French,ter,Kaba_Na,mànï
French,ter,Kaba,màñ : Kul=mànï :
French,ter,Laka,màn
French,ter,Mbay,màñ :
French,ter,Mango,màñ :
French,ter,Nar,màñ
French,ter,Ngambay,màñ :
French,ter,Sar,màñ
French,ter,Ngam,màñ :
French,terbuck : type of,Bediondo,käl :
French,terbuck : type of,Gulay,käl
French,terbuck : type of,Kaba_Na,kälä :
French,terbuck : type of,Laka,käl :
French,terbuck : type of,Mbay,käl
French,terbuck : type of,Mango,käl :
French,terbuck : type of,Nar,käl :
French,terbuck : type of,Ngambay,käl
French,terbuck : type of,Sar,käl
French,terbuck : type of,Bebote,j- :
French,terbuck : type of,Bediondo,j- :
French,terbuck : type of,Daba,j-
French,terbuck : type of,Gor,"j-, j- :"
French,terbuck : type of,Gulay,j- :
French,terbuck : type of,Kaba_Na,mbíì :
French,terbuck : type of,Kaba,j- :
French,terbuck : type of,Laka,j-
French,terbuck : type of,Mbay,j- :
French,terbuck : type of,Mango,j- :
French,terbuck : type of,Nar,j-
French,terbuck : type of,Ngambay,j- :
French,terbuck : type of,Sar,j-
French,terbuck : type of,Ngam,jÕ- :
French,ar : to,Bediondo,îû :
French,ar : to,Gulay,îû :
French,ar : to,Kaba,îû
French,ar : to,Laka,î :
French,ar : to,Mbay,Åç
French,"ar, put on : to",Bebote,ÕlÆ :
French,"ar, put on : to",Daba,ùlà
French,"ar, put on : to",Gor,ùlÆ :
French,"ar, put on : to",Gulay,ùlÆ :
French,"ar, put on : to",Kaba,"kîû,"
French,"ar, put on : to",Mbay,là :
French,"ar, put on : to",Mango,ùlÆ
French,"ar, put on : to",Nar,Åç :
French,"ar, put on : to",Ngambay,îû :
French,"ar, put on : to",Sar,Åç
French,ave : to,Bebote,pÉt¸ :
French,ave : to,Bediondo,pÉt¸
French,ave : to,Gor,pÉt¸ :
French,ave : to,Gulay,pÉt‡ :
French,ave : to,Kaba_Na,téè
French,ave : to,Kaba,pétë :
French,ave : to,Mbay,hét¸ :
French,ave : to,Mango,pótë
French,ave : to,Nar,hét¸ :
French,ave : to,Ngambay,péndë :
French,ave : to,Sar,sét¸
French,ave : to,Ngam,sÕÈè
French,ave : to,Bebote,òj¸ :
French,ave : to,Bediondo,òj¸ :
French,ave : to,Daba,ìjö
French,ave : to,Gor,òj¸ :
French,ave : to,Gulay,òjö :
French,ave : to,Kaba_Na,òyö
French,ave : to,Kaba,ùjü :
French,ave : to,Laka,ùjï :
French,ave : to,Mbay,jö
French,ave : to,Mango,òj¸ :
French,ave : to,Nar,òjö :
French,ave : to,Ngambay,ùnjï :
French,ave : to,Sar,òjö
French,ave : to,Ngam,Õjö
French,web (spider),Bebote,jîndë :
French,web (spider),Bediondo,jòndë
French,web (spider),Gor,jîndë :
French,web (spider),Gulay,gìndæ
French,web (spider),Kaba_Na,yà :
French,web (spider),Kaba,gìndö
French,web (spider),Laka,"jòndö, bánd¸ :"
French,web (spider),Mbay,dùnd
French,web (spider),Mango,jìndæ :
French,web (spider),Nar,jîndû
French,web (spider),Ngambay,gìndö
French,web (spider),Sar,dîndû
French,web (spider),Ngam,dÕndö :
French,weed : type of,Bediondo,tönë :
French,weed : type of,Daba,tïrö
French,weed : type of,Gor,tçnç :
French,weed : type of,Kaba_Na,tïyö
French,weed : type of,Kaba,tïrö : Kul=tíyö
French,weed : type of,Laka,kïrö :
French,weed : type of,Mbay,"t¸rö,türö"
French,weed : type of,Nar,törö
French,weep : to,Bebote,nç :
French,weep : to,Bediondo,nç :
French,weep : to,Gor,nç
French,weep : to,Gulay,nç :
French,weep : to,Kaba,nç : Kul=nû
French,weep : to,Laka,nç :
French,weep : to,Mbay,nç¢ :
French,weep : to,Mango,nç
French,weep : to,Nar,nç :
French,weep : to,Ngambay,nç
French,weep : to,Sar,nç
French,weep : to,Ngam,sû» :
French,well,Bebote,bÆlÆ-màñ
French,well,Bediondo,bòlè-màñ :
French,well,Daba,bìlò-màñ
French,well,Gor,bÕlÆ :
French,well,Gulay,bòlè-màñ
French,well,Kaba_Na,rèÿ :
French,well,Kaba,büwá-màñ
French,well,Laka,büwá-màn
French,well,Mbay,÷èe :
French,well,Mango,bòlè-màñ
French,well,Nar,bòlò-màñ :
French,well,Ngambay,bùlà-màñ :
French,well,Sar,bÕlò-mà
French,well,Ngam,bÕlò-m
French,wet : to be,Bebote,mbæl :
French,wet : to be,Bediondo,yçm
French,wet : to be,Daba,y¬n :
French,wet : to be,Gor,yçm :
French,wet : to be,Gulay,nöm
French,wet : to be,Laka,yçm :
French,wet : to be,Mbay,yöm :
French,wet : to be,Mango,ndùÿ
French,wet : to be,Nar,nöm :
French,wet : to be,Ngambay,lûl :
French,wet : to be,Sar,mböl
French,what,Bebote,÷í :
French,what,Bediondo,rí :
French,what,Daba,÷í
French,what,Gor,÷í :
French,what,Gulay,÷í :
French,what,Kaba,÷í
French,what,Laka,÷í :
French,what,Mbay,÷í :
French,what,Mango,÷í
French,what,Nar,÷í :
French,what,Ngambay,÷í
French,what,Sar,rí
French,what,Ngam,÷í :
French,when,Bebote,lò-k‡ :
French,when,Bediondo,lò-k‡
French,when,Daba,lò-ngàá :
French,when,Gor,lò-k‡
French,when,Gulay,lò-k‡ :
French,when,Kaba,tökó
French,when,Laka,lò-g‡ :
French,when,Mbay,lòo-Ñ
French,when,Mango,lò-k‡ :
French,when,Nar,lò-Ñ
French,when,Ngambay,lò-g‡ :
French,when,Sar,"dàn-Ñ,lò-Ñ"
French,when,Bebote,màtá :
French,when,Gulay,lòtÕ-b¼ý
French,when,Mbay,÷íngáyt‡
French,when,Nar,÷‡ngªy-t‡
French,when,Sar,r‡ngªy-t‡
French,where,Bebote,÷á :
French,where,Bediondo,rá :
French,where,Daba,÷á
French,where,Gor,÷á :
French,where,Gulay,÷á :
French,where,Kaba,÷á
French,where,Laka,÷á :
French,where,Mbay,÷á :
French,where,Mango,÷á
French,where,Nar,÷á :
French,where,Ngambay,÷á
French,where,Sar,rá
French,where,Ngam,÷á :
French,which,Bebote,É :
French,which,Gor,É :
French,which,Gulay,á
French,which,Kaba_Na,kí :
French,which,Kaba,ßá :
French,which,Laka,ßá
French,which,Mbay,hª :
French,which,Mango,ßá :
French,which,Nar,µ
French,which,Ngambay,ßá :
French,which,Sar,µ
French,which,Ngam,hª :
French,which?,Bebote,k‡-rá :
French,which?,Bediondo,k‡-rá
French,which?,Daba,ngàá-÷á :
French,which?,Gor,k‡-rá
French,which?,Gulay,k‡-÷á :
French,which?,Kaba,k‡-÷á
French,which?,Laka,g‡-÷á :
French,which?,Mbay,k‡-÷á
French,which?,Mango,k‡-rá :
French,which?,Nar,k‡-÷á
French,which?,Ngambay,g‡-÷á
French,which?,Sar,k‡-rá
French,which?,Ngam,k‡-÷á :
French,whip,Bebote,ndÉy :
French,whip,Bediondo,ndÉy
French,whip,Daba,ndéy :
French,whip,Laka,ndÉy :
French,whip,Mbay,ndée
French,whip,Ngambay,ndÉy :
French,whip,Sar,ndéØ
French,whip : leather,Bebote,àbÕlày :
French,whip : leather,Bediondo,àbÕlày
French,whip : leather,Gulay,ndÏy :
French,whip : leather,Mbay,àbÕlày
French,whip : leather,Mango,ndÉy :
French,whip : leather,Ngambay,ndÉy
French,whistle,Daba,tïyö :
French,whistle,Gor,töw
French,whistle,Laka,tæb¸ :
French,whistle,Mbay,töw
French,white : to be,Bebote,ndà :
French,white : to be,Bediondo,ndà
French,white : to be,Daba,"ndà,Ÿþ :"
French,white : to be,Gor,ndà :
French,white : to be,Gulay,ndà
French,white : to be,Kaba_Na,njàhà :
French,white : to be,Kaba,ndà
French,white : to be,Laka,ndà
French,white : to be,Mbay,ndàa :
French,white : to be,Mango,ndà :
French,white : to be,Nar,ndà
French,white : to be,Ngambay,ndà :
French,white : to be,Sar,ndà
French,white : to be,Ngam,ndàhà :
French,white person,Bebote,nàsá± :
French,white person,Bediondo,nàsá±
French,white person,Daba,mùnjú :
French,white person,Gor,nàsá±
French,white person,Gulay,nàsá± :
French,white person,Kaba_Na,nàsárä
French,white person,Kaba,ndä©-ndà :
French,white person,Laka,láw-ndà
French,white person,Mbay,nàsá± :
French,white person,Mango,nàsá±
French,white person,Nar,nàsá± :
French,white person,Ngambay,nàsá± w
French,white person,Sar,nàsá±
French,white person,Ngam,"nàsá±,"
French,who?,Bebote,nª :
French,who?,Bediondo,nª :
French,who?,Daba,nª
French,who?,Gor,nª :
French,who?,Gulay,nª :
French,who?,Kaba_Na,náä
French,who?,Kaba,nª :
French,who?,Laka,nª :
French,who?,Mbay,nªº
French,who?,Mango,nª :
French,who?,Nar,nª :
French,who?,Ngambay,nª :
French,who?,Sar,nªº
French,who?,Ngam,nªº w
French,"why, for what",Bebote,mbä-÷í :
French,"why, for what",Bediondo,dû-rí
French,"why, for what",Daba,tû-÷í :
French,"why, for what",Gor,mbä-÷í
French,"why, for what",Gulay,tÆdæ-÷í :
French,"why, for what",Kaba,mbä-tà-÷í
French,"why, for what",Laka,mbä-÷í :
French,"why, for what",Mbay,kÕtû-÷í w
French,"why, for what",Mango,kÕ-dû-÷í :
French,"why, for what",Nar,"nàj¸-÷í,"
French,"why, for what",Ngambay,mbä-÷í :
French,"why, for what",Sar,täm-rí
French,"why, for what",Ngam,täm-÷í
French,wide : to be,Bebote,tát¸ :
French,wide : to be,Bediondo,tát¸
French,wide : to be,Daba,"là,tát :"
French,wide : to be,Gor,tát¸ :
French,wide : to be,Gulay,là w
French,wide : to be,Kaba_Na,àßà :
French,wide : to be,Kaba,tát¸ :
French,wide : to be,Laka,tád¸
French,wide : to be,Mbay,tát‡ :
French,wide : to be,Mango,tát¸ :
French,wide : to be,Nar,là
French,wide : to be,Ngambay,tád¸ :
French,wide : to be,Sar,là
French,wide : to be,Ngam,là :
French,wide : to be,Bebote,lày :
French,wide : to be,Gor,tát¸
French,wide : to be,Gulay,là :
French,wide : to be,Kaba,tát¸ :
French,wide : to be,Mbay,làa w
French,wide : to be,Mango,tát¸ :
French,wide : to be,Nar,là :
French,wide : to be,Ngambay,tád¸
French,wide : to be,Sar,là
French,wife,Bebote,nþÏ :
French,wife,Bediondo,nþÏ
French,wife,Daba,n¬yª :
French,wife,Gor,nþÏ :
French,wife,Gulay,nþÏ
French,wife,Kaba,dèné :
French,wife,Mbay,nþÏ :
French,wife,Mango,nþ w
French,wife,Nar,n¬yÜ :
French,wife,Ngambay,dèné :
French,wife,Sar,n¬yª
French,wife,Ngam,n¬yÏ
French,wildcat,Bebote,mÕlÆ :
French,wildcat,Bediondo,mÕlÆ
French,wildcat,Daba,mùlà :
French,wildcat,Gor,mÕlÆ :
French,wildcat,Gulay,mùlÆ w
French,wildcat,Kaba_Na,mùlà :
French,wildcat,Kaba,mùlà
French,wildcat,Laka,mùlà :
French,wildcat,Mbay,mùlà :
French,wildcat,Mango,mùlÆ
French,wildcat,Nar,mÕlÆ-k‡-wàá :
French,wildcat,Ngambay,mùlà :
French,wildcat,Sar,mÕlà-bèm
French,wildcat,Ngam,mÕlà
French,will (future marker),Bebote,à :
French,will (future marker),Bediondo,à :
French,will (future marker),Gor,à w
French,will (future marker),Gulay,à :
French,will (future marker),Kaba_Na,nj- :
French,will (future marker),Kaba,à
French,will (future marker),Laka,à :
French,will (future marker),Mbay,à :
French,will (future marker),Mango,à :
French,will (future marker),Nar,à
French,will (future marker),Ngambay,à :
French,will (future marker),Sar,à
French,will (future marker),Ngam,ä :
French,nd,Bebote,lÉl :
French,nd,Bediondo,nÉl :
French,nd,Daba,nél
French,nd,Gor,nÉl :
French,nd,Gulay,nÉl :
French,nd,Kaba_Na,…élè
French,nd,Kaba,yél :
French,nd,Laka,lél :
French,nd,Mbay,nél
French,nd,Mango,yÉl :
French,nd,Nar,nél :
French,nd,Ngambay,lél :
French,nd,Sar,né¥
French,nd,Ngam,nél
French,"nd up, wrap up : to",Bebote,kÉ :
French,"nd up, wrap up : to",Bediondo,kÉ :
French,"nd up, wrap up : to",Daba,ßì®
French,"nd up, wrap up : to",Gor,ßÕ® :
French,"nd up, wrap up : to",Gulay,ßír :
French,"nd up, wrap up : to",Kaba_Na,njò«
French,"nd up, wrap up : to",Kaba,kÉ :
French,"nd up, wrap up : to",Laka,njèm :
French,"nd up, wrap up : to",Mbay,ßì®
French,"nd up, wrap up : to",Mango,ßír :
French,"nd up, wrap up : to",Nar,ßì® :
French,"nd up, wrap up : to",Ngambay,kÉ :
French,"nd up, wrap up : to",Sar,ßíÊ
French,"nd up, wrap up : to",Ngam,ßì®
French,pe : to,Bebote,bî® :
French,pe : to,Bediondo,bî® :
French,pe : to,Daba,bî®
French,pe : to,Gor,bî® :
French,pe : to,Gulay,bî® :
French,pe : to,Kaba_Na,ùsù
French,pe : to,Kaba,bî® :
French,pe : to,Laka,b¬ :
French,pe : to,Mbay,bî®
French,pe : to,Mango,bî® :
French,pe : to,Nar,ùsÕ :
French,pe : to,Ngambay,bî®
French,pe : to,Sar,î£
French,th,Bebote,kÕ :
French,th,Bediondo,kÕ :
French,th,Daba,ì
French,th,Gor,kÕ :
French,th,Gulay,sÆ :
French,th,Kaba_Na,gë-nè
French,th,Kaba,kÕ :
French,th,Laka,gÕ :
French,th,Mbay,kÕ
French,th,Mango,kÕ :
French,th,Nar,kÕ :
French,th,Ngambay,gÕ :
French,th,Sar,kÕ
French,th,Ngam,tÕ
French,th (with pronoun affixes),Bebote,sÆ- :
French,th (with pronoun affixes),Bediondo,sÆ- :
French,th (with pronoun affixes),Daba,sè-
French,th (with pronoun affixes),Gor,sÆ :
French,th (with pronoun affixes),Gulay,sÆ- :
French,th (with pronoun affixes),Kaba,sÆ-
French,th (with pronoun affixes),Laka,sÆ- :
French,th (with pronoun affixes),Mbay,sè- :
French,th (with pronoun affixes),Mango,sÆ-
French,th (with pronoun affixes),Nar,sÆ :
French,th (with pronoun affixes),Ngambay,sÆ
French,th (with pronoun affixes),Sar,sè-
French,th (with pronoun affixes),Ngam,sè- :
French,th him/her/it,Bebote,-né :
French,th him/her/it,Daba,-² :
French,th him/her/it,Gor,-²
French,th him/her/it,Gulay,-Ñ :
French,th him/her/it,Kaba,-né :
French,th him/her/it,Laka,-né
French,th him/her/it,Mbay,-² :
French,th him/her/it,Mango,-né :
French,th him/her/it,Nar,-nèé
French,th him/her/it,Ngambay,-né :
French,th him/her/it,Sar,-²
French,th him/her/it,Ngam,-² :
French,thout,Bebote,sª :
French,thout,Bediondo,ànj¸ :
French,thout,Daba,sª
French,thout,Gor,ànj¸ :
French,thout,Gulay,ànj‡
French,thout,Kaba_Na,kájë :
French,thout,Mbay,kànj‡ :
French,thout,Mango,nà£
French,thout,Nar,kànj¸ :
French,thout,Sar,kànj¸
French,thout,Ngam,kànj‡
French,man,Bebote,dèné :
French,man,Bediondo,dÆné
French,man,Daba,dŸÏ :
French,man,Gor,dèné :
French,man,Gulay,d¡yÜ
French,man,Kaba_Na,màndé :
French,man,Kaba,dèné
French,English –,Laka,jèné
French,English –,Mbay,dèë-k‡-dŸÏ :
French,English –,Mango,dèné
French,English –,Nar,d¡yÜ :
French,English –,Ngambay,dèné :
French,English –,Sar,d¡yª
French,English –,Ngam,d¡yÏ
French,"words, speech",Bebote,tà :
French,"words, speech",Bediondo,tà :
French,"words, speech",Gor,tà
French,"words, speech",Gulay,tà :
French,"words, speech",Kaba_Na,hàä :
French,"words, speech",Kaba,tàr
French,"words, speech",Laka,tàr :
French,"words, speech",Mbay,tàa
French,"words, speech",Mango,ßÉy-täá :
French,"words, speech",Nar,nàj¸
French,"words, speech",Ngambay,tàr :
French,"words, speech",Sar,nàj¸
French,work,Bebote,kÕlÆ :
French,work,Bediondo,kÕlÆ
French,work,Daba,kùlà :
French,work,Gor,kùlÆ :
French,work,Gulay,kùl
French,work,Kaba_Na,kìlà :
French,work,Kaba,kùlà
French,work,Laka,kùlà
French,work,Mbay,kÕlà :
French,work,Mango,kùlÆ
French,work,Nar,kÕlÆ :
French,work,Ngambay,kùlà :
French,work,Sar,kÕlà
French,work,Ngam,kÕlà
French,worm-eaten : to be,Bebote,ndüs¸ :
French,worm-eaten : to be,Bediondo,ndüs¸
French,worm-eaten : to be,Daba,ndüs :
French,worm-eaten : to be,Gor,ndüs¸
French,worm-eaten : to be,Gulay,ndüsü :
French,worm-eaten : to be,Kaba_Na,ndüsü
French,worm-eaten : to be,Kaba,ndüsü :
French,worm-eaten : to be,Laka,ndüsü
French,worm-eaten : to be,Mbay,ndüs¸ :
French,worm-eaten : to be,Mango,ndüs¸
French,worm-eaten : to be,Nar,ndüs¸ :
French,worm-eaten : to be,Ngambay,ndüsü
French,worm-eaten : to be,Sar,ndüs¸
French,worried : to be,Bebote,söl :
French,worried : to be,Bediondo,söl
French,worried : to be,Gulay,ndîû :
French,worried : to be,Mbay,söl :
French,worried : to be,Mango,söl
French,wrap around : to,Bediondo,kùú :
French,wrap around : to,Gor,kó
French,wrap around : to,Gulay,ßínd¸ :
French,wrap around : to,Kaba_Na,ßílï
French,wrap around : to,Laka,ßìndï :
French,wrap around : to,Mbay,ßìnd¸
French,wrap around : to,Mango,ßïnd¸ :
French,wrap around : to,Nar,ßìnd¸
French,wrap around : to,Ngambay,ßìrï
French,"wrap, bind : to",Bebote,dölë :
French,"wrap, bind : to",Bediondo,dölë
French,"wrap, bind : to",Daba,ßì® :
French,"wrap, bind : to",Gor,dölë :
French,"wrap, bind : to",Mbay,dülö
French,"wrap, bind : to",Nar,dÅç :
French,"wrap, bind : to",Ngambay,tô
French,"wrap, bind : to",Ngam,ndèm :
French,wrestling,Bebote,mÕlÆ :
French,wrestling,Bediondo,mÕlÆ
French,wrestling,Gulay,mùlÆ :
French,wrestling,Kaba_Na,mbìlè
French,wrestling,Laka,mùlà :
French,wrestling,Mbay,mÕlà :
French,wrestling,Mango,mùlÆ
French,wrestling,Ngambay,mùlà
French,wring out : to,Bebote,mbær :
French,wring out : to,Bediondo,mb¸©
French,wring out : to,Kaba,türü :
French,wring out : to,Laka,sòrè :
French,wring out : to,Mbay,tü©
French,wring out : to,Mango,ndàng
French,write : to,Daba,ìjà :
French,write : to,Gor,ndàngÕ
French,write : to,Kaba_Na,ßálà :
French,write : to,Kaba,tüjä
French,write : to,Laka,ùnjà :
French,write : to,Mbay,ndàng
French,write : to,Mango,ndàng :
French,write : to,Nar,Õndæ
French,write : to,Ngambay,ndàng :
French,write : to,Sar,ndàng
French,xylophone,Bebote,kúnd¸ :
French,xylophone,Bediondo,kúnd¸
French,xylophone,Gor,kúnd¸ :
French,xylophone,Gulay,kúndú
French,xylophone,Kaba_Na,kúndú¯ :
French,xylophone,Kaba,kúndü
French,xylophone,Laka,kúndü :
French,xylophone,Mbay,kúnd¸
French,xylophone,Mango,kúndü :
French,xylophone,Nar,kúnd¸
French,xylophone,Ngambay,kúndü
French,xylophone,Sar,kúnd¸
French,xylophone,Ngam,kúnd¸ :
French,yam,Bebote,ngúl :
French,yam,Bediondo,‡-ngúl
French,yam,Daba,ngú£ :
French,yam,Gor,ngúl :
French,yam,Gulay,ngúl
French,yam,Kaba,‡-ngúl :
French,yam,Laka,‡-ngúl
French,yam,Mbay,ngú£ :
French,yam,Mango,ngúl
French,yam,Nar,ngúl :
French,yam,Ngambay,ngúl :
French,yam,Sar,ngú£
French,yam,Ngam,ngú£
French,yawn : to,Bebote,ló :
French,yawn : to,Bediondo,ló :
French,yawn : to,Daba,lóö
French,yawn : to,Gor,ló :
French,yawn : to,Gulay,ló :
French,yawn : to,Kaba_Na,náÛ
French,yawn : to,Kaba,ló :
French,yawn : to,Laka,ló :
French,yawn : to,Mbay,lóö
French,yawn : to,Mango,ló :
French,yawn : to,Nar,ló :
French,yawn : to,Ngambay,ló :
French,yawn : to,Sar,lóö
French,yawn : to,Ngam,ló
French,year,Bebote,ßäl :
French,year,Bediondo,ßäl
French,year,Gor,ßäl :
French,year,Gulay,ßäl :
French,year,Kaba_Na,ßälä
French,year,Kaba,ßäl : Kul=ßälä :
French,year,Laka,ßäl
French,year,Mbay,ßäl :
French,year,Mango,ßäl :
French,year,Nar,ßäl
French,year,Ngambay,ßäl :
French,year,Sar,ßäl
French,year,Ngam,ßäl :
French,yesterday,Bebote,tàg‡-nè :
French,yesterday,Bediondo,tàg‡-nè
French,yesterday,Daba,tàg‡-nèë :
French,yesterday,Gor,tàg‡-nè
French,yesterday,Gulay,tàg‡-làä :
French,yesterday,Kaba_Na,njínjôî
French,yesterday,Kaba,tàk‡-nè : Kul=njô
French,yesterday,Laka,tàg‡-nè :
French,yesterday,Mbay,tàg‡-bè
French,yesterday,Mango,tàg‡-nè :
French,yesterday,Nar,tàg‡-ßèë
French,yesterday,Ngambay,tàg‡-nè
French,yesterday,Sar,tàg‡-ßèë
French,yesterday,Ngam,tàg‡-bèé :
French,you : (plural),Bebote,-sè :
French,you : (plural),Gor,-sè
French,you : (plural),Gulay,sè-ï :
French,you : (plural),Kaba_Na,sè :
French,you : (plural),Kaba,-sé y
French,you : (plural),Laka,-sí :
French,you : (plural),Mbay,-sÕ :
French,you : (plural),Mango,-sí
French,you : (plural),Nar,-sÕ :
French,you : (plural),Ngambay,-sí
French,you : (plural),Sar,-sí
French,you : (plural),Ngam,-s‡ :
French,you : (sing. oblique),Bebote,-í :
French,you : (sing. oblique),Bediondo,-í :
French,you : (sing. oblique),Daba,-í
French,you : (sing. oblique),Gor,-í :
French,you : (sing. oblique),Gulay,-í :
French,you : (sing. oblique),Kaba_Na,í y
French,you : (sing. oblique),Kaba,-í : Kul=y¨ :
French,you : (sing. oblique),Laka,-í
French,you : (sing. oblique),Mbay,-í :
French,you : (sing. oblique),Mango,-í :
French,you : (sing. oblique),Nar,-í
French,you : (sing. oblique),Ngambay,-í :
French,you : (sing. oblique),Sar,-í
French,you : (sing. oblique),Ngam,-í :
French,you (acc. sing.),Bebote,-ï :
French,you (acc. sing.),Bediondo,-ï :
French,you (acc. sing.),Daba,-ï
French,you (acc. sing.),Gor,-ï :
French,you (acc. sing.),Gulay,-ï :
French,you (acc. sing.),Kaba_Na,"ì,ï"
French,you (acc. sing.),Kaba,-ï : Kul=kï :
French,you (acc. sing.),Laka,-ï
French,you (acc. sing.),Mbay,-ï :
French,you (acc. sing.),Mango,-ï :
French,you (acc. sing.),Nar,-ï
French,you (acc. sing.),Ngambay,-ï :
French,you (acc. sing.),Sar,-ï
French,you (acc. sing.),Ngam,-ï :
French,u (nom.),Bebote,¸- :
French,u (nom.),Bediondo,¸- :
French,u (nom.),Daba,ï-
French,u (nom.),Gor,¸- :
French,u (nom.),Gulay,ï- :
French,u (nom.),Kaba,¸-
French,u (nom.),Laka,¸- :
French,u (nom.),Mbay,ï-
French,u (nom.),Mango,ï- :
French,u (nom.),Nar,ï- :
French,u (nom.),Ngambay,ï- :
French,u (nom.),Sar,ï-
French,u (nom.),Ngam,í-
French,u (oblique plural),Bebote,-sí :
French,u (oblique plural),Bediondo,-sí :
French,u (oblique plural),Daba,-sé
French,u (oblique plural),Gor,-sé :
French,u (oblique plural),Gulay,-sí :
French,u (oblique plural),Kaba_Na,sé
French,u (oblique plural),Kaba,-sé : Kul=sé :
French,u (oblique plural),Laka,-sèÿ
French,u (oblique plural),Mbay,-s‡ :
French,u (oblique plural),Mango,-sí :
French,u (oblique plural),Nar,-sí
French,u (oblique plural),Ngambay,-sí :
French,u (oblique plural),Sar,-sí
